{
  "month": [
    "2023-03",
    "2023-04",
    "2023-05",
    "2023-06",
    "2023-07",
    "2023-08",
    "2023-09",
    "2023-10",
    "2023-11",
    "2023-12",
    "2024-01",
    "2024-02",
    "2024-03",
    "2024-04",
    "2024-05",
    "2024-06",
    "2024-07",
    "2024-08",
    "2024-09",
    "2024-10",
    "2024-11",
    "2024-12"
  ],
  "f1": [
    0.8085106382978724,
    0.8,
    0.0,
    0.0,
    1.0,
    0.0,
    1.0,
    1.0,
    0.0,
    0.0,
    0.0,
    1.0,
    0.9600000000000001,
    0.9333333333333333,
    0.6666666666666666,
    1.0,
    0.0,
    0.0,
    1.0,
    1.0,
    1.0,
    1.0
  ],
  "acc": [
    0.8421052631578947,
    0.8333333333333334,
    0.5,
    0.5,
    1.0,
    0.5,
    1.0,
    1.0,
    0.5,
    0.5,
    0.5,
    1.0,
    0.9615384615384616,
    0.9375,
    0.75,
    1.0,
    0.5,
    0.5,
    1.0,
    1.0,
    1.0,
    1.0
  ],
  "precision": [
    1.0,
    1.0,
    0.0,
    0.0,
    1.0,
    0.0,
    1.0,
    1.0,
    0.0,
    0.0,
    0.0,
    1.0,
    1.0,
    1.0,
    1.0,
    1.0,
    0.0,
    0.0,
    1.0,
    1.0,
    1.0,
    1.0
  ],
  "recall": [
    0.6785714285714286,
    0.6666666666666666,
    0.0,
    0.0,
    1.0,
    0.0,
    1.0,
    1.0,
    0.0,
    0.0,
    0.0,
    1.0,
    0.9230769230769231,
    0.875,
    0.5,
    1.0,
    0.0,
    0.0,
    1.0,
    1.0,
    1.0,
    1.0
  ]
}