{
  "val_period": {
    "month": [
      "2022-01",
      "2022-02",
      "2022-03",
      "2022-04",
      "2022-05",
      "2022-06",
      "2022-07",
      "2022-08",
      "2022-09",
      "2022-10",
      "2022-11",
      "2022-12",
      "2023-01",
      "2023-02"
    ],
    "f1": [
      1.0,
      1.0,
      1.0,
      1.0,
      0.0,
      1.0,
      0.0,
      0.8,
      1.0,
      0.6666666666666666,
      0.5,
      0.6666666666666666,
      0.6666666666666666,
      0.9752066115702478
    ],
    "acc": [
      1.0,
      1.0,
      1.0,
      1.0,
      0.5,
      1.0,
      0.5,
      0.8333333333333334,
      1.0,
      0.75,
      0.6666666666666666,
      0.75,
      0.75,
      0.9754098360655737
    ],
    "precision": [
      1.0,
      1.0,
      1.0,
      1.0,
      0.0,
      1.0,
      0.0,
      1.0,
      1.0,
      1.0,
      1.0,
      1.0,
      1.0,
      0.9833333333333333
    ],
    "recall": [
      1.0,
      1.0,
      1.0,
      1.0,
      0.0,
      1.0,
      0.0,
      0.6666666666666666,
      1.0,
      0.5,
      0.3333333333333333,
      0.5,
      0.5,
      0.9672131147540983
    ]
  },
  "future_test": {
    "month": [
      "2023-03",
      "2023-04",
      "2023-05",
      "2023-06",
      "2023-07",
      "2023-08",
      "2023-09",
      "2023-10",
      "2023-11",
      "2023-12",
      "2024-01",
      "2024-02",
      "2024-03",
      "2024-04",
      "2024-05",
      "2024-06",
      "2024-07",
      "2024-08",
      "2024-09",
      "2024-10",
      "2024-11",
      "2024-12"
    ],
    "f1": [
      0.8085106382978724,
      0.625,
      0.0,
      0.7499999999999999,
      0.0,
      0.33333333333333337,
      0.0,
      0.5714285714285715,
      0.0,
      0.28571428571428575,
      0.0,
      0.0,
      0.0,
      0.8175182481751826,
      0.4,
      0.24000000000000002,
      0.33333333333333337,
      0.25,
      0.5714285714285715,
      0.5714285714285715,
      0.0,
      0.4
    ],
    "acc": [
      0.8421052631578947,
      0.75,
      0.5,
      0.8,
      0.5,
      0.6,
      0.5,
      0.7,
      0.5,
      0.5,
      0.5,
      0.5,
      0.5,
      0.8407643312101911,
      0.625,
      0.5681818181818182,
      0.6,
      0.5714285714285714,
      0.7,
      0.7,
      0.5,
      0.625
    ],
    "precision": [
      1.0,
      1.0,
      0.0,
      1.0,
      0.0,
      1.0,
      0.0,
      1.0,
      0.0,
      0.5,
      0.0,
      0.0,
      0.0,
      0.9655172413793104,
      1.0,
      1.0,
      1.0,
      1.0,
      1.0,
      1.0,
      0.0,
      1.0
    ],
    "recall": [
      0.6785714285714286,
      0.45454545454545453,
      0.0,
      0.6,
      0.0,
      0.2,
      0.0,
      0.4,
      0.0,
      0.2,
      0.0,
      0.0,
      0.0,
      0.7088607594936709,
      0.25,
      0.13636363636363635,
      0.2,
      0.14285714285714285,
      0.4,
      0.4,
      0.0,
      0.25
    ]
  }
}