package,month,label,verdict,malicious,suspicious,undetected,total,sha256
locust-swarm-4.1.11.tar.gz,2023-03,benign,CLEAN,0,0,62,76,5e124cbfa084e416e92377c5a9939c01eeda558dbab5752b915fe8d462ccd040
xtrack-0.29.1.tar.gz,2023-03,benign,CLEAN,0,0,62,76,ae4eaae3db4e73334c506f459ef52508cf9964a21169ca9404fa1de9664486b3
ihcsdk-2.8.5.tar.gz,2023-03,benign,CLEAN,0,0,62,76,12eb871b62eea9020898bdc629ce886d68da5110f6f9187b931cf116350226eb
sqlmap-1.7.3.tar.gz,2023-03,benign,MALICIOUS,5,0,39,76,ae7c62cae047edabac719ef0d5c142038d07fca8a69e77edb7162dac37fcc0b2
botocore-a-la-carte-route53domains-1.29.103.tar.gz,2023-03,benign,CLEAN,0,0,62,76,75bcc26528468bc7787eeb21a8a6d4ad8c03ed2592cfff7e89cb888cf2597f66
tencentcloud-sdk-python-cis-3.0.845.tar.gz,2023-03,benign,CLEAN,0,0,61,76,f718a8b78e734099942e3c4589bc531f741a1bec79afc47bfc2ab6d6befb94bc
lbt-honeybee-0.7.166.tar.gz,2023-03,benign,CLEAN,0,0,62,76,5eac3c3723cfd5c23313edaccb3fc46244309d2c1d047902698978e818c7732c
pysus-0.9.0.tar.gz,2023-03,benign,CLEAN,0,0,61,76,ba0a53e444d495a4a67e9db72c45547f6825bb91332a379a75637cd937bf5f0b
haggis-0.9.1.tar.gz,2023-03,benign,CLEAN,0,0,62,76,b0521cef8dcfdcb8f700b6b00d5eaeb13337d416bc2583777b4c7304206ed6b5
tencentcloud-sdk-python-privatedns-3.0.848.tar.gz,2023-03,benign,CLEAN,0,0,62,76,856196cd30280402b097b25277230425ae53228a69eb7d4ca41e5337680852c0
types-aiobotocore-quicksight-2.5.0.tar.gz,2023-03,benign,CLEAN,0,0,62,76,f5d78e97783ab2a8109a5d30b94a1082ee074518d1b2afe551f3d387e53b8d34
tencentcloud-sdk-python-lcic-3.0.851.tar.gz,2023-03,benign,CLEAN,0,0,62,76,e3b15b559ef263f47add31f6f357e29ecdb122e2afde317783c1aeaa06177e14
wodoo-0.3.111.tar.gz,2023-03,benign,CLEAN,0,0,62,76,c3fed81f8ff5f1a005a25311d0c4043a2b53c29d51c876198eebf4bd479b88cc
botocore-a-la-carte-cloudsearch-1.29.94.tar.gz,2023-03,benign,CLEAN,0,0,61,76,988db337619ca5d9ba1531835d987c2693d30763433dd91186048840ab57e6f4
aws-cdk.aws-amplify-alpha-2.72.1a0.tar.gz,2023-03,benign,CLEAN,0,0,62,76,609c14f4a63655b29386e69943d0bcced83fa80f933748efbc63201359205b17
sphinxcontrib-jquery-4.0.tar.gz,2023-03,benign,CLEAN,0,0,61,76,786c725715c2083c33333905aab0ad07a69582b5c22ebe9c46ddfc8256240765
MindsDB-23.3.3.1.tar.gz,2023-03,benign,CLEAN,0,0,61,76,c09804f9a5f758712eb0cd429bf213b58b108ed90df0a7e3b21d7a7e8f19073e
fractal_tasks_core-0.9.0.tar.gz,2023-03,benign,CLEAN,0,0,31,76,e5885fc9d1e7aea378e653352b5508016ac22f37efd24ff7bd74af06fd5d668e
Antares_Launcher-1.2.3.tar.gz,2023-03,benign,CLEAN,0,0,62,76,580620f803abdb86e940acdfb8dd25dd561eee79bf0dbec986045b211152f20d
botocore-a-la-carte-dynamodb-1.29.100.tar.gz,2023-03,benign,CLEAN,0,0,62,76,e648f92cb286ed4b4fdcdb3847bdcb40c5a330972a0fa36cfea8b8326f3ba5ce
DyaGram-0.0.85.tar.gz,2023-03,benign,CLEAN,0,0,62,76,d0a57ac8085d878d212eb0c89f08d0470de0615589319006458f91272a2e96c7
anduin-8.4.23.tar.gz,2023-03,benign,CLEAN,0,0,61,76,ac145557337756ebd3b4afe4eebfbed0af0b929e0f3c315550b22e7eb06bcfea
gym_csle_stopping_game-0.1.20.tar.gz,2023-03,benign,CLEAN,0,0,61,76,886950886e0c0c4f5333d4cdee1f2c61879ccd650f5ac9dcac49b8e97ea28c84
tyro-0.4.1.tar.gz,2023-03,benign,CLEAN,0,0,62,76,bee9c7cb0e515601c39238fe968e870786a00eebe0dc006092e6e25e8d6055ba
cdk-lambda-bash-2.0.316.tar.gz,2023-03,benign,CLEAN,0,0,62,76,f562d1dfb21fcfd940e888b4a08572caafe4aa118d8f74a1866d0015868ebb9d
tencentcloud-sdk-python-cis-3.0.862.tar.gz,2023-03,benign,CLEAN,0,0,62,76,21a4e42cc6d823cf48f88f390dc7ea853ca24319bb707b519e363f57f14e9537
tencentcloud-sdk-python-ump-3.0.856.tar.gz,2023-03,benign,CLEAN,0,0,62,76,8852ce581edaee9c30425f24b5f9456b17a92d0af00af3c3b5dc8a4e6fd4dcfa
streamlit-antd-0.4.4.tar.gz,2023-03,benign,CLEAN,0,0,61,76,a4e4bd571a98827fdf9249ab0b8e7ea0fe84a91959158c83bbf91491b54088db
honeypots-0.58.tar.gz,2023-03,benign,MALICIOUS,1,0,62,76,b0077b5620f4c7576a4bd93b80b61631b5bb2a134b3bf2dd1c3ce5a0f4608eb3
cdktf-cdk8s-0.5.5.tar.gz,2023-03,benign,CLEAN,0,0,62,76,ae192eed4a35d15a9b15efcda71e9cc25b9a20f24e8c01e1d1075f87143ea09f
SQLAlchemy-2.0.7.tar.gz,2023-03,benign,CLEAN,0,0,62,76,731a7e42b926702966a2afb49a4bf202751ee4a44a2ba5b5e82747ef84c43b4a
tencentcloud-sdk-python-kms-3.0.844.tar.gz,2023-03,benign,CLEAN,0,0,62,76,896a2ed01ff9e306bf7419772de424cf58cb43b40e6d588f843d27e833943e07
tscausalinference-0.1.4.9.tar.gz,2023-03,benign,CLEAN,0,0,62,76,b2135694aac1afe019cb4b77a5cac42ab0af1dd66e0b45c3e9a3b6b91ccbe01d
tiledbsoma-1.0.1.tar.gz,2023-03,benign,CLEAN,0,0,61,76,f1b09f13f27a3f7941d08b65f4f135bb51f8d44a2194ab253721629c6ade7a12
not1mm-23.3.9.tar.gz,2023-03,benign,CLEAN,0,0,62,76,23901e5ee2d8e154aa3c580c8208a274198e2477d0eb689b6c93929a9880f0ea
pyTooling-3.0.0.tar.gz,2023-03,benign,CLEAN,0,0,61,76,9eade20c31d93666b701ae89d360e2fce3c0b3bd3b56b1132f1b757cabee550e
mypy-boto3-securitylake-1.26.92.tar.gz,2023-03,benign,CLEAN,0,0,62,76,93a6f6550f74c6ce6e97e988da69a0219fce3be84907e4ced899005c98095cdb
meent-0.8.6.tar.gz,2023-03,benign,CLEAN,0,0,62,76,60875bbdb4dea49439532e258951b982e50ea49831e3ba5bc1d5f52b5d0b40f0
naruno_remote_app-0.50.1.tar.gz,2023-03,benign,CLEAN,0,0,62,76,48bd605d8aae3d15cf002c60d828efa6c528fcc2381f3518adc643e4914b63c4
aws-cdk.aws-xray-1.198.0.tar.gz,2023-03,benign,CLEAN,0,0,62,76,af2a2f5fad290bc99b619c71e06ce0c9ba7a42fda7788e0f2ce10891852eec2b
speakeasy-client-sdk-python-1.10.0.tar.gz,2023-03,benign,CLEAN,0,0,62,76,73ecba1b79fa2bfe1e6b2be608e316cc1b2f67c0827aeda09c43c4658eb5932c
ural-0.39.0.tar.gz,2023-03,benign,CLEAN,0,0,62,76,7c54c1c51b2814c2e23a4953e85e7fbfa441ceb7c4c2f9a4e5c5aa4450744d01
cdk8s-jenkins-0.0.241.tar.gz,2023-03,benign,CLEAN,0,0,61,76,aac38d19f47605e7dc85b9bc7beaf53c70523b4cca9aa2506cf6f869f25fe336
dbnd-luigi-1.0.12.8.tar.gz,2023-03,benign,CLEAN,0,0,62,76,810091d2d1e37133a277bc8efa37895d10862d231e826f79bfc501f8500e8449
nexusformat-1.0.1.tar.gz,2023-03,benign,CLEAN,0,0,61,76,375d0602be513c16c68091c90321a4b4a956dfcee3be11534700f88e563d276d
Flask-Security-Invenio-3.2.0.tar.gz,2023-03,benign,CLEAN,0,0,61,76,6c372d0c6b81cac9af50063f6084cf2a2ec435c08c42e3816f62d62ca1d2d48f
botocore-a-la-carte-sns-1.29.101.tar.gz,2023-03,benign,CLEAN,0,0,62,76,4fa4bcdd8f0b6cc68b4a1f8a8afe913b3fbf04bd76b0fe29e989dd63e7edae78
mthree-2.3.0.tar.gz,2023-03,benign,CLEAN,0,0,62,76,78a5f12dee1b4dbb3230b03bab6122d5212171cf13f7342e9b7b00a2b410bbe2
tencentcloud-sdk-python-clb-3.0.845.tar.gz,2023-03,benign,CLEAN,0,0,62,76,b1d663f121360829ef40f92042aa248e8a79921ffbcb53b705842faa2c75a94e
cybrid-api-id-python-0.68.15.tar.gz,2023-03,benign,CLEAN,0,0,60,76,ce11844136fcef27c44cd6ed90653720d71c171823f78b842370a70339ebf96f
python-openevse-http-0.1.39.tar.gz,2023-03,benign,CLEAN,0,0,58,76,2c468e844891682a39f629a3219bf4e06a13c7d8fd47b3786fd964ef921ff4b4
pretix-4.15.1.tar.gz,2023-03,benign,CLEAN,0,0,49,76,05580654c5046078c9670a2c9b5cf39d1a48d601362fdc5d083e9921fd632685
hh_applicant_tool-0.1.5.tar.gz,2023-03,benign,CLEAN,0,0,60,76,8fba5fcbdc08ad0e9137dc35200440e7c56ae37bdef31862b4be2f765639fb20
anduin-8.0.0.tar.gz,2023-03,benign,CLEAN,0,0,62,76,bd7c7a613454d6bec4e19f67027db80effe4bb8c8b45168c2d6ac9ee0d9bbd40
DyaGram-0.0.67.tar.gz,2023-03,benign,CLEAN,0,0,61,76,5d4c0df44034099166d798c4174edd94a2bdb3b3a06b9620cca598843dd42ad5
aws-cdk.aws-kendra-1.195.0.tar.gz,2023-03,benign,CLEAN,0,0,61,76,8dbb20dbba675b8c1ca1120d2a3382420054f0f884c969ea8b23852ba599470b
bytez-0.1.5.tar.gz,2023-03,benign,CLEAN,0,0,59,76,5c2e97da73792fb95cd055cd638f6059748289fede1adc373956fa2f2f022211
botocore-a-la-carte-s3-1.29.88.tar.gz,2023-03,benign,CLEAN,0,0,61,76,b77c06426e0aaa0bc2fc3936fee75f18f2785090314b894095303c5c15a483cf
ccxt-2.8.92.tar.gz,2023-03,benign,CLEAN,0,0,61,76,de020975657cc29583540b0ea8cf08ae2fb6a0309dba284a691e5ccc84a24da9
aws-cdk.yaml-cfn-1.198.1.tar.gz,2023-03,benign,CLEAN,0,0,61,76,ec9540573bd1be75bdfd4c3f3b746a8666759ad8628f69a44db5a30d93dd02b0
pepperize.projen-awscdk-app-ts-0.0.423.tar.gz,2023-03,benign,CLEAN,0,0,62,76,aa0091ca45f5fd640658b248d3fc5192f9e9bd1e6958b331c24b9d245930ed22
dagster-dbt-0.17.21.tar.gz,2023-03,benign,CLEAN,0,0,62,76,d6571cb48972075477c98bff8a2edd35a4615b1a2db1c66c62b293a970729ff5
types-tqdm-4.65.0.0.tar.gz,2023-03,benign,CLEAN,0,0,40,76,8c968e623ed196d605fdc89c03eb05f87d3e042f95268c3d982d651a135968c9
gardener-cicd-whd-1.2006.0.tar.gz,2023-03,benign,CLEAN,0,0,60,76,02023359b8922e1e101573adae925fdc157e41a23e0ba43081f747b7fe17c60f
recipe_scrapers-14.35.0.tar.gz,2023-03,benign,CLEAN,0,0,62,76,147c1a1700fa105057b54a71f7ff19cf26b538b128fe82f82ef6b7f0e537159d
ai_flow_nightly-2023.3.12.tar.gz,2023-03,benign,CLEAN,0,0,62,76,21c12d8f2fe6eb384a67bbc0718cc8fd754a95fedc65b9c0981fb88bfc03cf95
mpd-parser-0.1.2.tar.gz,2023-03,benign,CLEAN,0,0,62,76,7f6e6528afce8442d935a93b633db02e3ddf8c6c11f1df0e01d231d8321fd45b
spotRiver-0.0.66.tar.gz,2023-03,benign,CLEAN,0,0,60,76,5d1ca6c519518f2d8db92ab01a04d2f1177ab2c85f3ff666b0166018548c8435
hacktools-0.32.0.tar.gz,2023-03,benign,CLEAN,0,0,62,76,86361146ed042c3400716f009f48e939663a2e223efa92dd55ea800728611a23
dycw_utilities-0.7.6.tar.gz,2023-03,benign,CLEAN,0,0,62,76,288c87174e6ddad9fc6c2c1ef1074338f264805a94599ed100187a382e7635a1
tencentcloud-sdk-python-habo-3.0.863.tar.gz,2023-03,benign,CLEAN,0,0,55,76,0123e72be037c8a44d41eb586cf6c0d27aa4b34eb3637a0333e56ee430f2e12c
tweepy_authlib-1.0.4.tar.gz,2023-03,benign,CLEAN,0,0,62,76,874c31662b8105702279283d8628dd270c40e60d57818585f870b6102e2cc15a
botocore-a-la-carte-es-1.29.103.tar.gz,2023-03,benign,CLEAN,0,0,62,76,86da845082944872ee302f8a4fe987afb3c7b9968665ad4bff1f901ec0dd7466
google-cloud-binary-authorization-1.6.1.tar.gz,2023-03,benign,CLEAN,0,0,62,76,79354fd667ea0ec699c9718696c430fe00948030515617da301a9a215f0fcc92
tencentcloud-sdk-python-trdp-3.0.846.tar.gz,2023-03,benign,CLEAN,0,0,61,76,111e2141b0e33fa938d2c7746ea7d7fec86d3e3dc004c1c11b588be31e53e834
lusid-scheduler-sdk-preview-0.0.773.tar.gz,2023-03,benign,CLEAN,0,0,59,76,16e86d2f9d45ac850faef376d0d8c9adad96d3fc98e591f02bc86ad79f5cda5e
pepperize.cdk-route53-health-check-0.0.330.tar.gz,2023-03,benign,CLEAN,0,0,62,76,6abea478d1cb1727b9778174a2a0feae1fa6ed6e0abb64750295b593d6081946
flyteidl-1.3.14.tar.gz,2023-03,benign,CLEAN,0,0,62,76,6269100c04207c445041b16f7d311c4699081793bae9a06b8409a47e5e5b8904
mangadex-downloader-2.8.1.tar.gz,2023-03,benign,CLEAN,0,0,62,76,fa24d44c996ae4d0a7bb3e80b77df1ab65f07a177b9b294b291c4daaa1a6cfee
django-regex-redirects-0.4.0.tar.gz,2023-03,benign,CLEAN,0,0,62,76,4bf2b41f27f03295c5259f3cd44093eff486a3c2bab0dfb61885b29e930c89b2
tencentcloud-sdk-python-cwp-3.0.862.tar.gz,2023-03,benign,CLEAN,0,0,62,76,557f83dec3cc0bad27fd07f8890df14217fd82efe3fdc21e296566c4d5bceab7
sweetrpg-library-objects-0.0.187.tar.gz,2023-03,benign,CLEAN,0,0,59,76,85f2492d95f1bf546d13504765ae3fc1f59e97d2dbfa8a49ec098b9fd0eebbcb
botocore-a-la-carte-forecast-1.29.90.tar.gz,2023-03,benign,CLEAN,0,0,60,76,e16c1dc7fb6572d22e77317f3d2458a0cdea8512e315c79b4018fe31b6883ccb
botocore-a-la-carte-sagemaker-geospatial-1.29.99.tar.gz,2023-03,benign,CLEAN,0,0,62,76,747dca0292f5fc2b0bce604013bf6600568147f7e7b5368d6a12f6cd19beadab
tencentcloud-sdk-python-soe-3.0.858.tar.gz,2023-03,benign,CLEAN,0,0,62,76,475c70d47dfe0ee738e5a88377390a289987e2fdbfee23d7cbace45a4e5e6e5c
backend.ai-client-22.9.18.tar.gz,2023-03,benign,CLEAN,0,0,62,76,94ff7e01aeb994534b91617a44442833e500f54c255237d117d94ca6c8cd7327
tencentcloud-sdk-python-dc-3.0.860.tar.gz,2023-03,benign,CLEAN,0,0,62,76,6fcf1b941cbd211231ec57b79439975bd85e2b85ea782dd282158e5cb299d928
django-redis_metrics-2.1.0.tar.gz,2023-03,benign,CLEAN,0,0,62,76,98d0cfe6c55fc45e3399dd98975b76df3159f91aba6c341b1ec0da4b03c986aa
tencentcloud-sdk-python-sms-3.0.845.tar.gz,2023-03,benign,CLEAN,0,0,62,76,d0aa0360e4bd504fe5c5e5641239cd0d6e775251c49a02c64880646905f99e42
fastapi_filter-0.5.3.tar.gz,2023-03,benign,CLEAN,0,0,62,76,e96d92eb30e4ee917c036c9fba025e4451c77f516ddf79e2e973b91c08f95565
aws-solutions-constructs.aws-lambda-elasticachememcached-2.33.0.tar.gz,2023-03,benign,CLEAN,0,0,62,76,aa6cf216ed38e2f5dfef0ecd8dadb4df6cb391cbc8df339774b76d9de009f775
allure-pytest-bdd-2.13.1.tar.gz,2023-03,benign,CLEAN,0,0,62,76,70b6f88e412fbd84a38048c5a0c24fa7d35ed794b41cd9a76600c47b79578cf0
mapbuffer-0.7.0.tar.gz,2023-03,benign,CLEAN,0,0,62,76,60cbe7ec75d2dfdac1d57770f951ced23737a4dc12c301849a1f6b05e0c9c266
windmill_api-1.78.0.tar.gz,2023-03,benign,CLEAN,0,0,53,76,db0c19b3642e973e5def2bc460107f67dd0aa84b818abd63a639939bd5de97c3
botocore-a-la-carte-rekognition-1.29.103.tar.gz,2023-03,benign,CLEAN,0,0,61,76,23dce4b1396f98d9d1af63bf516345f8cce06359fd04b2995d518d3e73058c24
obsarray-0.2.4.tar.gz,2023-03,benign,CLEAN,0,0,63,76,d72dc746fad270e16e2ce9d47f20809c6e16ce7c2520416aecf352aca9740571
botocore-a-la-carte-backup-gateway-1.29.81.tar.gz,2023-03,benign,CLEAN,0,0,62,76,43b2eec09b580ec321601bfa142952016f64d20c87d96ab0aad1bc11e081a232
botocore-a-la-carte-workspaces-1.29.101.tar.gz,2023-03,benign,CLEAN,0,0,62,76,ba4a00c57d3255e0c7c5c777ee45488a2f726c150ab8125ed890633ebd04a24e
honeybee-radiance-postprocess-0.4.168.tar.gz,2023-03,benign,CLEAN,0,0,61,76,b1d3a782415a8a6e2e55a332b501540e12ce3e0f1a1e081a23ffa5e6345c3392
alacorder-77.3.9.tar.gz,2023-03,benign,CLEAN,0,0,62,76,ecbe4c97ce4405b0bce0b7512ca2db4286c44f243efe72dd25a2c487457f7b1a
renovosolutions.aws-cdk-aws-sso-0.1.130.tar.gz,2023-03,benign,CLEAN,0,0,62,76,a7940214c55c4628f04ee57ef1bf6566d8f2784ab13bb46685e501e6625bb9fe
dataquality-0.8.19.tar.gz,2023-03,benign,CLEAN,0,0,62,76,5a2a1783e4f76b8ed25d04191061067b137506cfe65573eff63698db39d404a7
aws-cdk.aws-kinesisfirehose-alpha-2.72.1a0.tar.gz,2023-03,benign,CLEAN,0,0,62,76,85b87e4c30b816cc03c30767043291756f082e4ebe3868f9ced0a7ae6aa2afb3
botocore-a-la-carte-mediaconnect-1.29.102.tar.gz,2023-03,benign,CLEAN,0,0,61,76,8b4a86ff9ba99c0a31ea3eeab538adbc70137da54c8ae5b17c45760b7f5d8168
tencentcloud-sdk-python-aai-3.0.863.tar.gz,2023-03,benign,CLEAN,0,0,62,76,062aa8742c5818e91c126da4b4129ff66d0dc44c16d423fba8a3140daedcd5f7
tencentcloud-sdk-python-tke-3.0.847.tar.gz,2023-03,benign,CLEAN,0,0,62,76,450b66890282f83db7c5af27c54c32a0bfc1a81df6c7f34be2f6762af3202ae2
aws_lambda_builders-1.28.0.tar.gz,2023-03,benign,CLEAN,0,0,59,76,82858864f82169b07bd69817866153e2bf35734a7a8e99586fce12fa3ce422c6
wafer-debconf-0.11.1.tar.gz,2023-03,benign,CLEAN,0,0,61,76,93c17a40fae2cedbb7335205f64302845fc40170526b5da674f0eeaafcee1e6f
botocore-a-la-carte-alexaforbusiness-1.29.93.tar.gz,2023-03,benign,CLEAN,0,0,61,76,2397dc06b59e08294eea7893b55c09f748b985c439f30b82b5f389c855b8d6d2
sampo-0.1.1.122.tar.gz,2023-03,benign,CLEAN,0,0,60,76,a453536182a823bbd21f08e62e4db16951e749479bc41b47ad91662139c24401
botocore-a-la-carte-sso-oidc-1.29.102.tar.gz,2023-03,benign,CLEAN,0,0,60,76,a0ce01f56d96de5ac0837fcb59aac15376ace9da03c4edb06b9209682812a3c1
gantry-0.5.9.tar.gz,2023-03,benign,CLEAN,0,0,60,76,6938d51fcbd425ac57ea568795260886b1b5db41f03d8da95a2df9d11e8cc471
nxstools-3.45.1.tar.gz,2023-03,benign,CLEAN,0,0,62,76,3db89a0deba3f0691fd61bb7a1060645f44fdd4429fc8015120dbf035e60bcb8
botocore-a-la-carte-sagemaker-runtime-1.29.93.tar.gz,2023-03,benign,CLEAN,0,0,61,76,b9c5b5c7f74f539cd220b1ed34ef81ee3a63668d15e3b0037b7ea98bca53d9db
deeplake-3.2.20.tar.gz,2023-03,benign,CLEAN,0,0,62,76,2d904c0f93b356f42a188971b07fc962554e52157bdd0fc0c2f420ffc1714270
fake-bge-module-latest-20230327.tar.gz,2023-03,benign,CLEAN,0,0,62,76,3745990bb4ce08df5991bf39591374d88f37edf9d2527e0b61a0a33f9773080e
edk2-pytool-library-0.14.1.tar.gz,2023-03,benign,CLEAN,0,0,61,76,489fd976f4bb626476498d72eaaf4bb8b9a798f8c19f6fe50476426bb5bc4328
botocore-a-la-carte-route53-1.29.81.tar.gz,2023-03,benign,CLEAN,0,0,62,76,6aa77bf64f47aec297276ce782cea803edc265bec70891b9ea07c52a4c846d80
tencentcloud-sdk-python-casb-3.0.850.tar.gz,2023-03,benign,CLEAN,0,0,62,76,d9d7aea07a755ef4525baf78db76b3eec94f2193212708de5d1e63132d3f6cf9
pepperize.cdk-route53-health-check-0.0.295.tar.gz,2023-03,benign,CLEAN,0,0,62,76,d903cc3e3a6e5fed20af6755e07373c608385ba8d39504f9e8807c062d401bff
boto3-stubs-1.26.89.tar.gz,2023-03,benign,CLEAN,0,0,56,76,7accb69f39ac145b05bce36614d20078f259d1c5276dc59442030c358908922b
crate-0.30.1.tar.gz,2023-03,benign,CLEAN,0,0,62,76,e238383d0d2ec6e24501682bf1747f9fc69e358b30716649d37393e1d0946ac6
spgci-0.0.12.tar.gz,2023-03,benign,CLEAN,0,0,61,76,81c527be614c963dca54541472421c254ded7256791791e6279bc4443fee91b5
lakefs-client-0.95.0.tar.gz,2023-03,benign,CLEAN,0,0,62,76,e862c83b7be04f3bcad6dc4b8736cffd98565485af135d9bd42bb77645067671
telescope_sdk-0.1.17.tar.gz,2023-03,benign,CLEAN,0,0,62,76,9d66029a67454bec7e20bcda9b479ca4242ab32b81058073627e6efcaeec470e
bigtree-0.8.2.tar.gz,2023-03,benign,CLEAN,0,0,62,76,9f2a94eb04481112dfb06b951dfde82962b71cee16e1047e84836d95e1951a08
arkitekt-0.4.42.tar.gz,2023-03,benign,CLEAN,0,0,62,76,85f96e5a0d67e5fa2792bd7b7bc9b956284f5108d64c163fd7f5cdc72ab5a816
botocore-a-la-carte-servicediscovery-1.29.103.tar.gz,2023-03,benign,CLEAN,0,0,62,76,a32f869e87e1bba272033807885d49cfbdac25fb02ee2c33801c4e02f42bd38c
pynitrokey-0.4.34.tar.gz,2023-03,benign,CLEAN,0,0,62,76,40283de03814c72d191928935a5c1ef7b26b7bfeee0e82669c48a8d49f66289c
cdk-ecs-service-extensions-2.0.0a327.tar.gz,2023-03,benign,CLEAN,0,0,62,76,91442045cdedf617c42886e22fe53de06cd7b735572018c18e82a6029e37a62b
frccontrol-2023.21.tar.gz,2023-03,benign,CLEAN,0,0,62,76,62ea86a507655dc38f8874e52c9a2a7912956666860d0a3a36552843e3cd978a
tencentcloud-sdk-python-redis-3.0.846.tar.gz,2023-03,benign,CLEAN,0,0,62,76,dbfe6f82bab46957d489cc6bb2777394b5434a290f344f4ad46dea8e9a509e3c
strkit-0.8.0a8.tar.gz,2023-03,benign,CLEAN,0,0,62,76,1160660f0863759f75f9f1d1e6df94f5dad19a507eb0cd027f0f1f0bbe5b4c8f
botocore-a-la-carte-snowball-1.29.96.tar.gz,2023-03,benign,CLEAN,0,0,61,76,e4611268eb3a69bce1a57520eca9f41887384f6d57d4573e74bf846b06fa028c
botocore-a-la-carte-timestream-write-1.29.96.tar.gz,2023-03,benign,CLEAN,0,0,61,76,0c10d68fd610befb86dab2a41efb2d74ad2212cf40f9684b4cad257e142c27aa
Japanera-2.0.0.tar.gz,2023-03,benign,CLEAN,0,0,62,76,851df474048fbf4ae64a1e4def35a5f8f423c70c793831404ac33bad5a8693cb
inels-mqtt-new-0.2.6.tar.gz,2023-03,benign,CLEAN,0,0,62,76,88937a5a23fba2c6e103b3c189fd61b9d4edd0cd73c19ee56df05958c9862e0c
home.tar.gz,2023-03,benign,CLEAN,0,0,62,76,c69e369413904102583ffb3dc8aa47ab0c9ace8ee6b464bde47820ce53380934
botocore-a-la-carte-alexaforbusiness-1.29.85.tar.gz,2023-03,benign,CLEAN,0,0,62,76,c734c1b8c07859cf322ac071cf3b1cc39b0a3e8b5398557a916323db633d905d
DLMS_SPODES-0.13.1.tar.gz,2023-03,benign,CLEAN,0,0,62,76,31b139230d73ddc4d168f0602b4dbcc9b08634e2ecc7ae0105c60d26324ed74c
transformers-4.27.1.tar.gz,2023-03,benign,CLEAN,0,0,62,76,6850fbcdc45203e3a3cd3bfa6d3afb044de924c14a27d5b4a75ec985e668df62
tencentcloud-sdk-python-gse-3.0.861.tar.gz,2023-03,benign,CLEAN,0,0,60,76,d7153c110bbfa324058228137eb4ae951fdc2b8cc7e1f92a86a86999a40cefaf
cdklabs.cdk-enterprise-iac-0.0.207.tar.gz,2023-03,benign,CLEAN,0,0,61,76,335034521b4787aaa079b2891cfc91769422df72ca99a9725140a1fae94da2d4
cdk-aws-discord-notifiers-0.0.16.tar.gz,2023-03,benign,CLEAN,0,0,58,76,29ac9995d0726919e63d78f6fb752e4b097fafe2286d6618869cf04b90291229
nbdev-pandas-0.0.683.tar.gz,2023-03,benign,CLEAN,0,0,62,76,874b57e8d348bf7e876730975884d7b3c3f7376981c0a8e4c4f9682606a93734
weightwatcher-0.7.0.2.tar.gz,2023-03,benign,CLEAN,0,0,57,76,66359a42d91d85e4688d0f992da7740a57a486ab20570d74ade1b1d66e836f8d
conjure-python-client-2.5.0.tar.gz,2023-03,benign,CLEAN,0,0,61,76,06331ee8a4e4e6f1a8c01f83698b6cd19986dcf50e0023234c1af6bd83fde3dc
nbdev-sphinx-0.0.647.tar.gz,2023-03,benign,CLEAN,0,0,62,76,1aa6f9640e7b5a14c1e11ae29024f13c2da2c19fed0b5d3ef778271e6f76c4bd
tencentcloud-sdk-python-acp-3.0.859.tar.gz,2023-03,benign,CLEAN,0,0,56,76,a763b03223e93bb6121b8082d131dc0cce33cb750b69c89b38519e81a49c3a7c
weaveio-2023.0.10.tar.gz,2023-03,benign,CLEAN,0,0,61,76,1843343894b21ca285c2ea978819898fb3248684de2b6640fc6794426c8d7700
pepperize.projen-awscdk-construct-0.0.447.tar.gz,2023-03,benign,CLEAN,0,0,60,76,059413b2fe0f6b0889a19c5544c9b92c7b109bba0b52f2359e7689ca53d3b4a0
tencentcloud-sdk-python-ms-3.0.858.tar.gz,2023-03,benign,CLEAN,0,0,60,76,6948fcbaae80d8dd03cf0ce132402895cc73590211b2047c213b768d8eb3c6b8
botocore-a-la-carte-pinpoint-sms-voice-v2-1.29.81.tar.gz,2023-03,benign,CLEAN,0,0,57,76,e72841f3a733feeb98d7e66261d587ea5c79c8582745737c2af279023bbf7426
stlib-1.2.1.tar.gz,2023-03,benign,MALICIOUS,1,0,61,76,994e65f2b1cbfdcaf062cee9a2481165b185648a1a33947cc30215366ccce7d1
anova_wifi-0.5.2.tar.gz,2023-03,benign,CLEAN,0,0,61,76,846046921a95f3b10e77b916e3a67b9c83983d8f58ce7844324815cbf58f7470
casanova-1.6.0.tar.gz,2023-03,benign,CLEAN,0,0,61,76,5092bd8382b2fd3c92af15404793718034349b8e72fa6fe873d193343d3bacbe
eir_dl-0.1.30a0.tar.gz,2023-03,benign,CLEAN,0,0,58,76,bd62d67be4124569c30095c01a7ba1ee28521b1e0f53c81d487c93c6a467c122
cornflow-1.0.2a8.tar.gz,2023-03,benign,CLEAN,0,0,61,76,8a7bd9419b48cb72105f75003ab05a9e0c827bf75a7cb14f80139c516c7fa2f6
lnschema_core-0.30.0.tar.gz,2023-03,benign,CLEAN,0,0,57,76,0d42b5b7902c20efed6e9a3f91c7be2ab45e379972a6a477878f6e7614ac45b3
langchain-0.0.106.tar.gz,2023-03,benign,CLEAN,0,0,61,76,33c3f45d44be4befa7f679210b0bc6d00704adf344344c59dfb03b1d82f2ea47
tencentcloud-sdk-python-eb-3.0.859.tar.gz,2023-03,benign,CLEAN,0,0,62,76,78665f746877c87ed123b6a94b4ba85782b9d8e4efa729b2dd48e1e14b403e87
wizata-dsapi-0.0.33.tar.gz,2023-03,benign,CLEAN,0,0,62,76,7e76ea86cc3589f474d89fd41fae623e75d27c64506d3b719ba6ee51665bade8
backend.ai-accelerator-cuda-open-22.9.16.tar.gz,2023-03,benign,CLEAN,0,0,57,76,e3544c359a523af5cdecf41194755261bc897f4165ef6d8161747f735c9ab163
types-aiobotocore-network-firewall-2.5.0.tar.gz,2023-03,benign,CLEAN,0,0,60,76,28bf1e1017170308072d6abc8182d96a6381d1f1290072a25c1cab1e8010df16
tencentcloud-sdk-python-iotvideoindustry-3.0.859.tar.gz,2023-03,benign,CLEAN,0,0,62,76,0a48e836c06723559d3777bb009a005f697a60ca7acc75ba193d570593b30c59
aws-cdk.aws-s3outposts-1.197.0.tar.gz,2023-03,benign,CLEAN,0,0,61,76,a44cb7ec8716268b4fdf4294d5cf64b40efdeee631ac1f1357474de39f82ed08
django-dynamic-datatb-1.0.20.tar.gz,2023-03,benign,CLEAN,0,0,60,76,1ef1e9691eab400d4cbd7ac78dab28d6dc8178c74d3ad3999c71cdf6e2b2792e
diffenator2-0.0.6.tar.gz,2023-03,benign,CLEAN,0,0,60,76,f133de7ade68647b6d3d8f7587ecf6115ab71667fc74892008a025736e8166a0
botocore-a-la-carte-lookoutvision-1.29.103.tar.gz,2023-03,benign,CLEAN,0,0,62,76,596f81239b3c03be15a50d426e58a409add1ece687597a60ca405ce6b602c9af
anova_wifi-0.6.1.tar.gz,2023-03,benign,CLEAN,0,0,61,76,444838155392d0f0cab45fd1b5fa8ce003438a964997824af441646d318cf0db
botocore-a-la-carte-sagemaker-featurestore-runtime-1.29.103.tar.gz,2023-03,benign,CLEAN,0,0,47,76,dce59b6c353bbf5c483a5a1e2c31bf57aec00489040554cc1c4fdb59a1c1fd92
idds-server-1.1.4.tar.gz,2023-03,benign,CLEAN,0,0,48,76,18c014a745ad0e410ce06190403fae7c1cad2ebde33895c534f1b83d3d6e065f
botocore-a-la-carte-network-firewall-1.29.87.tar.gz,2023-03,benign,CLEAN,0,0,60,76,42c3c0f57413e137c0ce3b509c2c7bfb3c1ed74b07ee82aa35b5b0c3c82c84e9
aind-data-access-api-0.1.1.tar.gz,2023-03,benign,CLEAN,0,0,62,76,7e11256fedaeefc08fe995f5ced7e8bb327308b6b3d70c3d11a8bfd1c77c0132
sparksnake-0.1.8.tar.gz,2023-03,benign,CLEAN,0,0,59,76,efb6c0cc0b4f719c285d51f98b031f13a2cca52071040bedae75cef0bf9916b3
asciinema-automation-0.0.4.tar.gz,2023-03,benign,CLEAN,0,0,61,76,be3479a2d55f584216cd664a35184822e105e893ce84cc70b87cc71e7bcd7bf2
reana-commons-0.9.3a2.tar.gz,2023-03,benign,CLEAN,0,0,52,76,a275fa02d0bfb97949128923bedb87283f66a04fac3f68f07567511807d99736
vocode-0.1.67.tar.gz,2023-03,benign,CLEAN,0,0,40,76,d8c39124e8853e133cf92ae82aed72f506d82e151745970f4bd1453f835f58ac
cdk8s-jenkins-0.0.218.tar.gz,2023-03,benign,CLEAN,0,0,62,76,aa053c45a8cd304aa7feb22f13d0dbde435a593d38f2905e6fc43fbf145dd1ef
audiolm-pytorch-0.19.1.tar.gz,2023-03,benign,CLEAN,0,0,62,76,7cf8c54d40d8070742ceb02ba882c3f3b34339c95eece2a5a6a9b5364c078cad
supervisely-6.70.19.tar.gz,2023-03,benign,CLEAN,0,0,61,76,4ccca2f3bbaa9bccb971a6be62b7f7dc5ab5322b7fe8552bbff41f4934480452
botocore-a-la-carte-proton-1.29.94.tar.gz,2023-03,benign,CLEAN,0,0,59,76,10bb370bc3c7f5ad0bccabe73beadbed293145463a6100171e08ce0175424471
csle_collector-0.1.27.tar.gz,2023-03,benign,CLEAN,0,0,41,76,398a14d457542245fbbab9096c285a6d4efa052ded8336240612692afd5382e4
pytest-homeassistant-custom-component-0.13.8.tar.gz,2023-03,benign,CLEAN,0,0,58,76,b9629c8847b73607650bc36466b77dba25b1bfed98ee8daf6de1964ee8a1ca9d
botocore-a-la-carte-cognito-idp-1.29.98.tar.gz,2023-03,benign,CLEAN,0,0,43,76,d26fe04e737a69fc7aeb0e6946076e1321309f327cac19826dcb79acac34d72d
pepperize.cdk-ses-smtp-credentials-0.3.207.tar.gz,2023-03,benign,CLEAN,0,0,61,76,146d27039e14a0ca9284f30742fb8a6c337af8dd91da419140550b25bfe86e1f
ypricemagic-2.0.5.tar.gz,2023-03,benign,CLEAN,0,0,60,76,a54f4fd4eb9dc005b164b2b9631148aee4efcfbcba2c38f5b1b008172cdf3599
botocore-a-la-carte-events-1.29.85.tar.gz,2023-03,benign,CLEAN,0,0,62,76,6ea6bfc30967c5aa8a1a68a6e183083724c01f80da2c2d8cf8159464997247f0
tencentcloud-sdk-python-dc-3.0.844.tar.gz,2023-03,benign,CLEAN,0,0,62,76,66d1d62297fed49c3cbac854390ab74869bc55cf1b7549c0a6ffde57cf82c478
TreeSAK-1.4.0.tar.gz,2023-03,benign,CLEAN,0,0,57,76,d6fab6b82639faae6879defe7af0948f58de724b54c212a0c0adc80db87f47dd
botocore-a-la-carte-cloudtrail-1.29.89.tar.gz,2023-03,benign,CLEAN,0,0,58,76,ac8363534348216c3c1a46af50e7d69ebb024e7b61e70f09b82395e059584cfb
cdk-docker-image-deployment-0.0.197.tar.gz,2023-03,benign,CLEAN,0,0,62,76,415976b30d79f3d0d5944507f755889f8ceff6b1904990bb80ab6af5e73d03b2
Products.GenericSetup-3.0.1.tar.gz,2023-03,benign,CLEAN,0,0,62,76,f855ae2592e705ddb30f9ba76cd9362fc71a67943c462efe1443eb2a1decd6b3
housekeeper-3.2.7.tar.gz,2023-03,benign,CLEAN,0,0,51,76,1064e81c9c7fc4440110efc5219085ec06982cd289208d623f6012e0db8530b0
pepperize.cdk-ses-smtp-credentials-0.3.248.tar.gz,2023-03,benign,CLEAN,0,0,61,76,0039fdc9d2bf6497a53d12e58f6aedff23be040947a44c53485aae09ac9f7aa8
alacorder-77.6.7.tar.gz,2023-03,benign,CLEAN,0,0,62,76,92459aa1221037c6b20cc2ed4c8b2d3a35c15f483c84e1670962e22ca1c6c8d0
tencentcloud-sdk-python-asw-3.0.849.tar.gz,2023-03,benign,CLEAN,0,0,62,76,a9992e4f77b3b0b175635ed7cefeaf38fd212c2b4d4c4e006c79812c28f81340
cdk-simple-serverless-2.0.299.tar.gz,2023-03,benign,CLEAN,0,0,60,76,68dc1e0cbf8386f0a9e48ff1e5ab2982ba0e6520503dcbe11db3563381f6b9dc
netbox_storage-0.0.0.0.483.tar.gz,2023-03,benign,CLEAN,0,0,56,76,700c47289bbd4ad7d01f9eb04ebdf3604fbfe51f568a120dc368534c10e2a092
notification_service_nightly-2023.3.22.tar.gz,2023-03,benign,CLEAN,0,0,62,76,a793fa50f1aeeba89265369c92380a2477f6f03767e0df4837dea53be87dc898
aiosumma-2.38.0.tar.gz,2023-04,benign,CLEAN,0,0,62,76,cee9a9228807f7c75dd0b0f4f3344ebf399db54ea9fe49d47cb336c7e0613edf
always_updates-122.6.tar.gz,2023-04,benign,CLEAN,0,0,60,76,4ed4c40520a4ada0c3c8d49a5985a869883582537690e7337162bf46a305256e
antsibull_docs_parser-0.3.0.tar.gz,2023-04,benign,CLEAN,0,0,62,76,17a3f9b7043239a7ffc1eb45fda91c370f1dd729f25358ae73d7dcf258ba954f
aodhclient-3.3.0.tar.gz,2023-04,benign,CLEAN,0,0,59,76,3d4a815f4f00dbaabb9189b1a1b27d1a81ba6b353eb6757daf66a090aabcd262
autogluon-0.7.0b20230419.tar.gz,2023-04,benign,CLEAN,0,0,62,76,bdae85d6b99ed8676b9ec4a0f1e8e42cf8d982aa983835cd4c02d5e7433ed1ed
aws-cdk.aws-iotevents-1.199.0.tar.gz,2023-04,benign,CLEAN,0,0,62,76,fb4254acf6b50dbb7bb17d06a5da3f592db0e0a13ab4a83cd62222bd0e3a0e1b
aws-cdk.aws-kinesisfirehose-destinations-alpha-2.74.0a0.tar.gz,2023-04,benign,CLEAN,0,0,61,76,96276c956ae7d77f4b2e133d34c3e54ee25678a753a8827089140869a2fbaef7
aws-cdk.aws-macie-1.199.0.tar.gz,2023-04,benign,CLEAN,0,0,62,76,2cae1894c9664b6898892141d20a99992f99deaf7aeecfa6b3f2786752219512
baize-0.20.2.tar.gz,2023-04,benign,CLEAN,0,0,61,76,42e5b22af29f019a86ad892799311836f60c025c0a367b1a259a6462a09d0252
bionty-0.12.0.tar.gz,2023-04,benign,CLEAN,0,0,61,76,e6bb4a4d04cd9453ee79b6d0f0facf1649cc9defbf13ac519da8237e01279cde
boto3-stubs-lite-1.26.107.tar.gz,2023-04,benign,CLEAN,0,0,50,76,0a1da526b686c87a1e1304cacfa4e42f89e0fb4cbd19ef4342bf88cdfef39dbc
botocore-a-la-carte-appflow-1.29.116.tar.gz,2023-04,benign,CLEAN,0,0,62,76,94af19dc12f015bff5d6e47caf4fc0fbe124349e095d74c325e25ea2b2abf69f
botocore-a-la-carte-autoscaling-1.29.114.tar.gz,2023-04,benign,CLEAN,0,0,61,76,1af70dfdc2dd358a5963859d9db5ffa86b08b6c893aae0b8e1f72f862289db7a
botocore-a-la-carte-clouddirectory-1.29.107.tar.gz,2023-04,benign,CLEAN,0,0,62,76,f6c1583a9d645425ba42324366627224192459d8af8e638b1f55c6b35497f5d4
botocore-a-la-carte-cloudsearchdomain-1.29.106.tar.gz,2023-04,benign,CLEAN,0,0,62,76,34285456369bc17514f57c1261395b6d9003bfdcc69b4d0897ce94cd69943bbe
botocore-a-la-carte-cloudtrail-data-1.29.116.tar.gz,2023-04,benign,CLEAN,0,0,61,76,c7f553dbc9de292e4d642a7d3604a987da4747394123a39bfa52f4f8522e49c3
botocore-a-la-carte-cloudwatch-1.29.106.tar.gz,2023-04,benign,CLEAN,0,0,62,76,9ab2d064ea06ca75aef66f5f6ad2f7a204ffd1f60fd0be80cd5d16daafdff3e7
botocore-a-la-carte-dlm-1.29.115.tar.gz,2023-04,benign,CLEAN,0,0,62,76,9fa5b80da9680e2e4503d40f2f8923e5321ee4a3b093e2aac3643905af509c3e
botocore-a-la-carte-ec2-instance-connect-1.29.105.tar.gz,2023-04,benign,CLEAN,0,0,61,76,3aa30230739650f5eab5eb4530f130052a232e81e9bce01c444142a48a10a5b7
botocore-a-la-carte-glue-1.29.118.tar.gz,2023-04,benign,CLEAN,0,0,62,76,c507b4f3fd720fe71e45493ccc45f3d7a3ce1d01ebc48e38a2d91399c40b17a7
botocore-a-la-carte-iotsecuretunneling-1.29.115.tar.gz,2023-04,benign,CLEAN,0,0,61,76,4fe3367f687e9e72f6940e226f3ea847d3eac93496dbd46aef35fea8fa6e9732
botocore-a-la-carte-ivs-realtime-1.29.119.tar.gz,2023-04,benign,CLEAN,0,0,53,76,9989496c0433a63e804665faf3ee53a30598530666a8a7f3286a661be68f0a7e
botocore-a-la-carte-kendra-1.29.104.tar.gz,2023-04,benign,CLEAN,0,0,61,76,0bda4fd6f4eeb3d20c9b552a9d60eb5c2bb4a4fe4944e5e7bc66c7f8efa1717b
botocore-a-la-carte-kinesis-video-media-1.29.115.tar.gz,2023-04,benign,CLEAN,0,0,58,76,1eeac208fc0f9716da1ebb9ce02ae4942c1338d03453d42f76b9203eb368c97f
botocore-a-la-carte-lexv2-models-1.29.114.tar.gz,2023-04,benign,CLEAN,0,0,61,76,c5be5490a464f2d7a5c404f8a528641ec044c9dd11fedea1853cb0ad7585e7f5
botocore-a-la-carte-license-manager-linux-subscriptions-1.29.109.tar.gz,2023-04,benign,CLEAN,0,0,62,76,1ea095d3664c9cfb30daf8abcbd7d3321dd2e2220809bfdedd2e5b8775af2cb6
botocore-a-la-carte-macie-1.29.117.tar.gz,2023-04,benign,CLEAN,0,0,62,76,37c9941540391f7fda5c9d6770e0090067d741525f8f6ea166e1ec0863cedad6
botocore-a-la-carte-migrationhub-config-1.29.106.tar.gz,2023-04,benign,CLEAN,0,0,62,76,1ac23cb3e0a384daa6fd7c8eb5b967ef5c867b57c9cfa041f6abc089d936c2a2
botocore-a-la-carte-organizations-1.29.109.tar.gz,2023-04,benign,CLEAN,0,0,61,76,d1f7a35169dc071eb08c658b9adf0c61f18705b286f85c0dc0b2d6d8b79eeeed
botocore-a-la-carte-proton-1.29.115.tar.gz,2023-04,benign,CLEAN,0,0,62,76,58cf04d963d164318e8d9df6a7b0f742eef543ec55705efb5f460e3d1938006d
botocore-a-la-carte-ram-1.29.111.tar.gz,2023-04,benign,CLEAN,0,0,61,76,d589a7f9e20de610b799878398d794a1e12f84b71747aca7dff4c9bd44ab3327
botocore-a-la-carte-rum-1.29.104.tar.gz,2023-04,benign,CLEAN,0,0,56,76,293c2a668fbf771067d4c348f8479ffb10fe354927230b3a1ceeddc981f76a7a
botocore-a-la-carte-sagemaker-edge-1.29.117.tar.gz,2023-04,benign,CLEAN,0,0,62,76,a7dcf0c15c88bd55c99b1a37d0e49e3c3e983611e927c394467d0d518509c4fa
botocore-a-la-carte-sso-1.29.121.tar.gz,2023-04,benign,CLEAN,0,0,33,76,1a59cf9eaf8033b115ad022266675dfba6de34469602904c802d378c14f6f1bc
botocore-a-la-carte-sso-admin-1.29.122.tar.gz,2023-04,benign,CLEAN,0,0,60,76,a8afc159fc56e1b4210f7443656854486b650dd1390a66deeec7d8f01b5f6f8f
botocore-a-la-carte-sts-1.29.104.tar.gz,2023-04,benign,CLEAN,0,0,51,76,a772fbff3a37754f8b70cf60ea904efee35c06987fc2cc14555e8a0a6d390c8f
botocore-a-la-carte-vpc-lattice-1.29.108.tar.gz,2023-04,benign,CLEAN,0,0,58,76,8088cd041aa3ebd22e0407244cdd804d8c22a2eb13b42c42cc701a5c0af505a1
botocore-a-la-carte-vpc-lattice-1.29.111.tar.gz,2023-04,benign,CLEAN,0,0,62,76,56b317a433fd51160ad4d25cc0c371ae728056e0ce96264334d91319cf4158fb
cdklabs.cdk-ethereum-node-0.0.171.tar.gz,2023-04,benign,CLEAN,0,0,62,76,2c844aae750cf848ee7f2f5e2c6b1c779926c540c6219127f4458e55e64559ae
cg-29.0.1.tar.gz,2023-04,benign,CLEAN,0,0,63,76,0bf75efc41aa74565efc4858e204a81edf40f82bf41f8ce207e330196c2a2df4
crunch-cli-0.15.1.tar.gz,2023-04,benign,CLEAN,0,0,62,76,c490669390af6c76f8bc8e0b74f72b467d4e695d18be609439bd2791091da9e3
csle_attacker-0.1.28.tar.gz,2023-04,benign,CLEAN,0,0,59,76,2bf92ffcd953b1b7dff57f133f2b865409958a93c99ab2f2e97381fa3e9800fa
dagster-duckdb-0.19.1.tar.gz,2023-04,benign,CLEAN,0,0,62,76,e3704283f3e2157f24ed8d2432436e2b04059a9c543203ab3da69745fd90ac59
dbnd-aws-1.0.12.12.tar.gz,2023-04,benign,CLEAN,0,0,61,76,81271629ca2d1321450b523432c390794cfd996ff0d94611fe34464ccd749e86
dbt_feature_flags-0.5.0.tar.gz,2023-04,benign,CLEAN,0,0,56,76,3dcedd638cc1b908fadffd1fbb3870c69b88b4b344ba824851e98b6bcb309cdc
django-admin-site-search-0.3.1.tar.gz,2023-04,benign,CLEAN,0,0,62,76,00d926e3df72f62ec78ee1802bd16506ab391329c3205b77b9dd87522e0e7e63
django-snowflake-3.2b1.tar.gz,2023-04,benign,CLEAN,0,0,57,76,928cfe07c9e75e49a81f9a445064ee2c28d26f65d92521b2c31015fade813f4b
DLMS_SPODES-0.19.3.tar.gz,2023-04,benign,CLEAN,0,0,60,76,94479753afdb3b79b2a0a9bd993ebdb11b2f6ad0244e38e22a3b85a9dc499bcb
DLMS_SPODES-0.24.4.tar.gz,2023-04,benign,CLEAN,0,0,62,76,1d7ca12529087617963d3a13c6c6747b01daeaee4531750c359d9944820bc6a3
dxsp-1.2.4.tar.gz,2023-04,benign,CLEAN,0,0,62,76,8818f17fc984708844128c82315a7b9c0448909fe0e0f6e25d4c193775e2db2e
dxsp-1.4.3.tar.gz,2023-04,benign,CLEAN,0,0,62,76,faf5089e34a3a878ee33ec1397e062bf5fc0145af054027805386c5fe67f63e6
DyaGram-0.0.154.tar.gz,2023-04,benign,CLEAN,0,0,62,76,c7709fe85f7680489afe8985a9b403b69a9b7e21a05160ec64103315157ab7df
enum_properties-1.5.0.tar.gz,2023-04,benign,CLEAN,0,0,62,76,989f028864d5942c7207d94b56c7026fae20ff66691e36bb3757e5866ba36b6a
FlashGBX-3.23.tar.gz,2023-04,benign,CLEAN,0,0,62,76,32cd0e9c909a8c7375de50ca350a4075c98554d68c9f87981397fe6dc05e56a2
flytekitplugins-ray-1.6.0b0.tar.gz,2023-04,benign,CLEAN,0,0,61,76,aa4e1a1e1ef4add4db07c2fb80740823848be3adf8d959a63007611352e9112b
frccontrol-2023.29.tar.gz,2023-04,benign,CLEAN,0,0,62,76,67289e9a9c990f86d95dced09eea07826edf949cec7d700bfa436d9fc713f960
gTTS-2.3.2.tar.gz,2023-04,benign,CLEAN,0,0,61,76,7ce3ad698cbfae319e4fa4b4694fa1ba829a85a0946ee991f619c84c5a173db1
hdn-research-environment-1.5.0.tar.gz,2023-04,benign,CLEAN,0,0,61,76,6c34b73017af2e1bf294999a37e60b82eca82d2809d1ba592ded69cc386a8473
hera-5.0.4.tar.gz,2023-04,benign,CLEAN,0,0,61,76,b94774250e89d59fef62628b28ce0cb4dbf20cddcd3e9e07fef8e777caa66581
httpx_auth-0.16.0.tar.gz,2023-04,benign,CLEAN,0,0,60,76,28e8ed97e87467f801d7dbee1adbe2776721b7897fc58badd043b2408b012736
hugg-0.0.80.tar.gz,2023-04,benign,CLEAN,0,0,62,76,5c48694394cd8ce6c7f01fa07d84e78c99dde31ea81e80196d9c6e7556715443
iam_actions-1.2.20230412.tar.gz,2023-04,benign,CLEAN,0,0,62,76,0093248944aaffaa2a7ea848a25d13fc2d07ea4482f9d0e49637bc9ad631b8a6
jax-dataloader-0.0.3.tar.gz,2023-04,benign,CLEAN,0,0,62,76,983afb41f751458835beb545c8db4f274096dfe4cc85576bbadb069dffbdeda0
lektricowifi-0.0.25.tar.gz,2023-04,benign,CLEAN,0,0,62,76,9b008530c707f68442be6015c2e0d872e08e3c6f21c612e8bcf44b516f445795
limbus-components-0.1.4.tar.gz,2023-04,benign,CLEAN,0,0,61,76,2bd77a8b0fb6bf1258068129aa67806841165d17591e85739534eabd0e0d4309
lsst-ctrl-bps-parsl-25.2023.1500.tar.gz,2023-04,benign,CLEAN,0,0,62,76,1613694719cf412b981eed13b156f3d65c06ba005b5d7bba2c3554600e3bb310
maisaedu-poormans-dms-1.0.23.tar.gz,2023-04,benign,CLEAN,0,0,60,76,b6ab4d235ccbd1da255f8f81b4814b5b2af573d0f1544cadfe36b908e71e4d15
meshed-0.1.105.tar.gz,2023-04,benign,CLEAN,0,0,61,76,aa83d88f9035e48813bd07828b7c571df3a178353f2b4a91287fa477f831535a
meson-1.0.2.tar.gz,2023-04,benign,CLEAN,0,0,58,76,04abec81ebe5556179758cc3cdbd557116369b7814b5747acae42cf26a452871
metaphor_connectors-0.11.132.tar.gz,2023-04,benign,CLEAN,0,0,58,76,7d79b48c592bc9f02f88f0087eeef9d0426ac2151ec453f060381688dd46f44d
MotorDeCalidad-1.9.18.tar.gz,2023-04,benign,CLEAN,0,0,62,76,c3a8604913a8934d8d6f0e286645a72bb4ca9426e67d13ded6f91b61a96928fd
napatrackmater-3.4.0.tar.gz,2023-04,benign,CLEAN,0,0,62,76,f15fe9e5833377914765f5d992403b27992f383dd9ede75a945e5cb9e2313855
nbdev-scipy-0.0.698.tar.gz,2023-04,benign,CLEAN,0,0,57,76,51ed20c06b6af8f119d96e888ee7266cbc2d9909487400f9e093c294cba475cc
nbdev-scipy-0.0.703.tar.gz,2023-04,benign,CLEAN,0,0,58,76,4c05edaaad38247c9e40a9629dcfcefcc45ea74cdbf04ad0e0ce7fb3176f6be5
nbdev-sphinx-0.0.741.tar.gz,2023-04,benign,CLEAN,0,0,53,76,62bb91c5c68c42478667c42e7b236f2b1c49cf3e6107db696b9699523473f92e
neapolitan-23.6.tar.gz,2023-04,benign,CLEAN,0,0,62,76,d2de99c8f15e9f9bea70265556dd973b07e2f5c752eaf2106cb2277922aece32
nomnomdata_engine-1.1.73.tar.gz,2023-04,benign,CLEAN,0,0,62,76,973ac753122661942b310084fba4be690d7996f58642a674715260a739226998
not1mm-23.4.29.tar.gz,2023-04,benign,CLEAN,0,0,58,76,da68d51957dc75e8299cb0e7364f9079695aa06670f6fcddbed70bffba638745
notification_service_nightly-2023.4.29.tar.gz,2023-04,benign,CLEAN,0,0,61,76,c34077622215eb54b568caacae438dd4050cfabfce3c21764cb00df5ee9a3afd
open-aea-ledger-solana-1.32.0.tar.gz,2023-04,benign,CLEAN,0,0,62,76,6630d04b272484ced2327c022940387e7ab0e5f1d7754a7d12fac205fa1159d9
pcg_skel-0.3.4.tar.gz,2023-04,benign,CLEAN,0,0,61,76,15948b916dc2f18eb4edb5711ea120d5d2ed923e76f648ab75c498f267d31581
pepperize.cdk-terraform-state-backend-0.1.584.tar.gz,2023-04,benign,CLEAN,0,0,55,76,8c015f5249a1726bf6d1f9cd987d8e607b65b2da762e3f53a979a0e3a6aa69c9
pepperize.cdk-vpc-0.0.592.tar.gz,2023-04,benign,CLEAN,0,0,62,76,e74a07b4693514fe015a1f4a9b61cab9759c10cd113fa7804af4dfa8ca4fc4d4
petisco-1.14.0.tar.gz,2023-04,benign,CLEAN,0,0,62,76,51ce513366b7a166b68984d180549cb420d81cdf862109e0e49241e57ff95b0a
pref_voting-0.2.3.tar.gz,2023-04,benign,CLEAN,0,0,62,76,b7be52633c40ed03086a20598b6e028925ed1daf4c1b0109d6cf893c197f6e49
projen-0.71.3.tar.gz,2023-04,benign,CLEAN,0,0,61,76,83c5a7240765a16e4d7ce6147e63ccb482c6dcab1bf11164e7be9ee7f03dacf7
pulumi_f5bigip-3.12.0a1680909061.tar.gz,2023-04,benign,CLEAN,0,0,62,76,5fa60f4a40985d5ce65df717f831112b81e8a01ba7bbd319ae664dc2f8ff577e
servir-0.0.4.tar.gz,2023-04,benign,CLEAN,0,0,62,76,d881e5b6e3bba40c2fffb3a2366721f3617704274694ae6f59bd89a995f327c7
pydotbot-0.15.3.tar.gz,2023-04,benign,CLEAN,0,0,62,76,070a28d71d32ff3fba98376ab305b1a7fb44c92419ba958884b2495c60c12c41
pygwalker-0.1.7a2.tar.gz,2023-04,benign,CLEAN,0,0,56,76,adf071df810e74b2911bef0d5b191bcc5e5e06d94f62966bfc87befe80091fff
pymatgen-analysis-defects-2023.4.5.tar.gz,2023-04,benign,CLEAN,0,0,62,76,6771c667de5809eb351f86938eb18bb8b77d520e0968c41ce4fd51ee96952d68
pyobjc-framework-InstallerPlugins-9.1.tar.gz,2023-04,benign,CLEAN,0,0,59,76,52e3e3ac536bd627af126773ff2b756b6640afd8c524bb4f5852ad9804ff945c
pyschlage-2023.4.2.tar.gz,2023-04,benign,CLEAN,0,0,60,76,c9a4767ed234bdff9e7acfa371a2a3fc10638fe3a83392e5831f990d98b4a852
pyspellchecker-0.7.2.tar.gz,2023-04,benign,CLEAN,0,0,60,76,209cfa6825aeab0b22761fb4208c6d759d137a21c99041f753ecdbd2281c4bee
PyTimbre-0.6.7.tar.gz,2023-04,benign,CLEAN,0,0,56,76,ececcb45f49baeb01cbd3e507f69bd0470c1d9d28341fe5acb5520094628f0f6
setfit-0.7.0.tar.gz,2023-04,benign,CLEAN,0,0,61,76,4acbedae0493da90e3cacf9efab629b87fd06ceb0e23de2a2934f5b4a4a6f6f3
quantconnect-stubs-15386.tar.gz,2023-04,benign,CLEAN,0,0,62,76,f6f6edb3a2c16ed89f07d2bbdff91018cef419ceabe0973da5cc8d9f34483152
recordclass-0.18.4.tar.gz,2023-04,benign,CLEAN,0,0,56,76,04db485d5141c73a7fa8d5cfef8e1dc0d064d625a5457ffeeda682ab1d1727d0
replicate-0.8.1.tar.gz,2023-04,benign,CLEAN,0,0,58,76,afe5e37b9264261eed1b4cd970cab77a18cd48a47f16684292e528ac45436355
robotframework-ride-2.0.3.tar.gz,2023-04,benign,CLEAN,0,0,61,76,4e1ba509ed0f5d134d14f0ce690a632f78e9838c8f7fa387f3c978d4fb8512a7
satcfdi-1.1.6.tar.gz,2023-04,benign,CLEAN,0,0,60,76,ed626eb1f3bd2ce49439241c04d5a42773844e2ce01a21e99e1bb76e43f48769
scrapingant-client-2.0.0.tar.gz,2023-04,benign,CLEAN,0,0,59,76,637d98bece87e8adfc4721e36d0baa8398aad65511d546976be5a1a92ab9f735
shiny-0.3.3.tar.gz,2023-04,benign,CLEAN,0,0,62,76,3a40ed990df34d9639c38e687a8c0c19bb905c2db629c8b9668b7a6c20e71e58
Simba-UW-tf-dev-1.56.2.tar.gz,2023-04,benign,CLEAN,0,0,62,76,3affbdf75a188dfaee65e4c4d70d7cb85b3e27fef1814db922f016a1b1f52526
sklearn-pmml-model-1.0.2.tar.gz,2023-04,benign,CLEAN,0,0,62,76,fbcd06804fce290b5bbc9a13788be376f148fabb38bc4db92a9af72360475592
STEAM_materials-0.1.0.tar.gz,2023-04,benign,CLEAN,0,0,55,76,9533c3fd4bde6ff67f2b264d6683a6eac5b629b96f32ba21437f900404313583
strkit-0.8.0a20.tar.gz,2023-04,benign,CLEAN,0,0,62,76,ad4a85552590d83d1590f7bdd1665590964b8417b975426d18f94475e86978f5
swmm-api-0.4.17.tar.gz,2023-04,benign,CLEAN,0,0,62,76,a66b8010e55fcd3f737eec691ab8636b9dfa06dcf2996282ee1eb2e2fa8a6f28
tap-bigquery-0.3.7.tar.gz,2023-04,benign,CLEAN,0,0,62,76,e383c008d4b6c6817ea0e72b3ab12e6f2863dd76157624d5091da778243a9375
tapipy-1.3.3.tar.gz,2023-04,benign,CLEAN,0,0,57,76,904232deea8b2923a029d870ffd0e2621512d3121e3058fd6daf039c051d50cf
tccli-3.0.860.1.tar.gz,2023-04,benign,CLEAN,0,0,62,76,7aa475e1f7432e82d1287366e4203e8d6394db7b1be7a896ecb64dc0dd85c58f
tencentcloud-sdk-python-clb-3.0.883.tar.gz,2023-04,benign,CLEAN,0,0,61,76,bd99d98cae2c7c5e8f9a665d5655f03e6534243e23be34697410aa032422fd0d
tencentcloud-sdk-python-cynosdb-3.0.869.tar.gz,2023-04,benign,CLEAN,0,0,62,76,e618778c008eb46e70ee13573628bca9cf6ac2721d714017a3595153b328ea2e
tencentcloud-sdk-python-cynosdb-3.0.877.tar.gz,2023-04,benign,CLEAN,0,0,62,76,5a787085af375848b035fd68becf0ad113f1beaa4ad54394b44ccd1740f7801a
tencentcloud-sdk-python-dlc-3.0.878.tar.gz,2023-04,benign,CLEAN,0,0,56,76,60ed2df702add1b296f4fd991e0293294693f6dc79db0e8a4d56928bff3cb6ec
tencentcloud-sdk-python-drm-3.0.867.tar.gz,2023-04,benign,CLEAN,0,0,61,76,b08f584f3abc83985298c8de5e6b520f0720fbe72cfb842bd80b11f8d54e35ea
tencentcloud-sdk-python-drm-3.0.871.tar.gz,2023-04,benign,CLEAN,0,0,62,76,583bdd10adf31f916d3ad4b6aa276e22b9461593857b1b47578118583226f700
tencentcloud-sdk-python-ds-3.0.881.tar.gz,2023-04,benign,CLEAN,0,0,61,76,da1bf1f95f7c4ce0f50312fcacbd839cccfa761184c441b22809d6f4d9be5adb
tencentcloud-sdk-python-ecm-3.0.873.tar.gz,2023-04,benign,CLEAN,0,0,62,76,67d071db795a4e9fe2b2fd5b24c7f02313b0eda8596e2c9af2ee9f3ff2bebfad
tencentcloud-sdk-python-ess-3.0.870.tar.gz,2023-04,benign,CLEAN,0,0,59,76,c1151e952d504900c3b902ff72b949fe5ec5edcabef0e96f6e434cee77a43629
tencentcloud-sdk-python-ft-3.0.867.tar.gz,2023-04,benign,CLEAN,0,0,60,76,268bd95fe00a3cd65df9abd7e37280833468a4314f6099637e0872e48d36ab02
tencentcloud-sdk-python-goosefs-3.0.875.tar.gz,2023-04,benign,CLEAN,0,0,62,76,c07e6734b6afccd3a35b7307e5e1b0392d455e52c3f46f7f5df429efa1c4eb1a
tencentcloud-sdk-python-goosefs-3.0.876.tar.gz,2023-04,benign,CLEAN,0,0,62,76,6bd8a257600f601d5e211ff59ee6a30c5b4a9c60e82a37971cee6a86e699f214
tencentcloud-sdk-python-kms-3.0.884.tar.gz,2023-04,benign,CLEAN,0,0,62,76,b758d0351e8da29933e95d9239ac4cdb5eafdf35a4720cfc65af3f6af81a576b
tencentcloud-sdk-python-lp-3.0.867.tar.gz,2023-04,benign,CLEAN,0,0,62,76,89f834a5217d8fba525768f9c691739b07ff89e34a91d87b44d8f6ffd8ebece8
tencentcloud-sdk-python-tcss-3.0.878.tar.gz,2023-04,benign,CLEAN,0,0,61,76,9ae7f9c08776acc323122bb0abf211bbe913dc946ce3c4d42dd16a4cce5bf580
tencentcloud-sdk-python-tsw-3.0.880.tar.gz,2023-04,benign,CLEAN,0,0,61,76,d06d7d5327905ec7dc71710d88abadae54d1d7c38ac12df8775e5f9504c93bf2
textual-0.20.0.tar.gz,2023-04,benign,CLEAN,0,0,60,76,9760809f5baa8fefdf5ca356828281be78d591dd97e5f828de589e18a354c79c
TheSilent-0.0.306.tar.gz,2023-04,benign,CLEAN,0,0,62,76,56e1280e402669f051438612aabe70ac856af85512a1e548992afe9384747b00
titan-iris-0.3.20.tar.gz,2023-04,benign,CLEAN,0,0,56,76,ca0ce60f19ce26e555609f7814281e38effbbb4c44495b68fff0bf487f361143
tornado-6.3b1.tar.gz,2023-04,benign,CLEAN,0,0,61,76,2b5937bd2ec03ce85a04eb5cc6937cc1f587842faa22fc510c2aa9577a3e17ae
usgs-libcomcat-2.0.21.tar.gz,2023-04,benign,CLEAN,0,0,63,76,48e8ab5b045ff14f08fd5f029c33dc25e40116af8803e2f2320753854156e71e
vantage6-3.8.3.tar.gz,2023-04,benign,CLEAN,0,0,61,76,493597c6f3a1da49bfee1a2732e9db70e24c49505847898af2b3f5f9f18ed8fe
wg_utilities-3.0.1.tar.gz,2023-04,benign,CLEAN,0,0,62,76,edb429068ee353aebeda4f73f1ede3854c69e7b01fc97f97e973bceb3e19bb7c
wodoo-0.3.123.tar.gz,2023-04,benign,CLEAN,0,0,62,76,76960da8630118afa56d76599cf42ec2f9c87928d18103f728f35c641d198279
autogluon-0.7.1b20230528.tar.gz,2023-05,benign,CLEAN,0,0,61,76,aa1cadc99447ec992cd2fa7563ab57dde84cb1f8e6cc4c020d95a64d8a1ede9b
autogluon.eda-0.7.1b20230523.tar.gz,2023-05,benign,CLEAN,0,0,60,76,07bf21c9dafc9a9143e310c0551666bb33378494db78a4bd9306618b522526d2
aws-cdk.aws-iotthingsgraph-1.202.0.tar.gz,2023-05,benign,CLEAN,0,0,35,76,8b7057f3ac60e4b8fbea2b707448d69aefaa5ac9f1b74408e8196ab37d259ca1
aws-cdk.aws-lightsail-1.202.0.tar.gz,2023-05,benign,CLEAN,0,0,61,76,ffc8a1bdcdd28d037dd1c6b110b2576034d597ec7a0008468bcd5bfd0e4ffe56
bayanpy-0.6.9.tar.gz,2023-05,benign,CLEAN,0,0,62,76,fe61845ae372e85362464f50a0f3baec2a4ec008f8da1bd9489e962ff0f11734
bohra-2.2.1.tar.gz,2023-05,benign,CLEAN,0,0,62,76,a0401a98012b088982f3e1e354cd785147a5619959c8f911f6e6d7c943934da7
botocore-a-la-carte-apprunner-1.29.127.tar.gz,2023-05,benign,CLEAN,0,0,58,76,f55bd9c85c175319371a839cb061809cbae6570fa9be07d7d8b1f572e35549fd
botocore-a-la-carte-apprunner-1.29.133.tar.gz,2023-05,benign,CLEAN,0,0,62,76,fa2cd1a56046cdfc78c19f8621d454af78a49d38a9367f6a121a104de49c128d
botocore-a-la-carte-cloudcontrol-1.29.134.tar.gz,2023-05,benign,CLEAN,0,0,61,76,1482ccf4e2655e7e637737c04975a87fcf54e0b44bca05f8f41e1b13e41bec5f
botocore-a-la-carte-macie-1.29.140.tar.gz,2023-05,benign,CLEAN,0,0,62,76,6acff6686f86f21cac38cb491995614ea84934a7c7bfb789f5fbd6306953c7e9
botocore-a-la-carte-opsworkscm-1.29.137.tar.gz,2023-05,benign,CLEAN,0,0,62,76,dd0d26ef4f9789b004884cb423cf3165d13361d04377714e903771da61940fcc
botocore-a-la-carte-personalize-1.29.139.tar.gz,2023-05,benign,CLEAN,0,0,60,76,3a0006af136f85a152f27e0f72089a6109108c7b9cbf09b858832f4425dedc44
botocore-a-la-carte-pi-1.29.135.tar.gz,2023-05,benign,CLEAN,0,0,61,76,6f9174258f77a7a5c81a9f437b640b70ec156dea92b5598fe5701921d1a34f1e
botocore-a-la-carte-service-quotas-1.29.132.tar.gz,2023-05,benign,CLEAN,0,0,62,76,2c5ef517ca8451b717dc9dba61d5632acf37a186f9b445a07e85393b36dae5b3
botocore-a-la-carte-snow-device-management-1.29.129.tar.gz,2023-05,benign,CLEAN,0,0,58,76,ac351afa87233b11769d863f4ad3328960c279f0ca7e910c84be9af9b63fa21b
cbra-2.0.0a110.tar.gz,2023-05,benign,CLEAN,0,0,62,76,a586a5643f09ee60ef27c105bf7f852d7629406575cc691cfad4e76df41c7606
cdk8s-operator-0.1.103.tar.gz,2023-05,benign,CLEAN,0,0,62,76,7c1d0a751694d1ac24c2fc34999e7816ae93ed77c1189ba68096240ee5e023d3
cluedin-0.1.0.tar.gz,2023-05,benign,CLEAN,0,0,44,76,778ffafd980c94710df1f9413ffa786401d5b45e73f0babab36d522f2bb4f633
codecov-cli-0.1.8.tar.gz,2023-05,benign,CLEAN,0,0,56,76,ba2b2ccf7562855f0d099110c01ded1ad20f5f23560342e16f1724cf9bc96c6c
coredis-4.13.1.tar.gz,2023-05,benign,CLEAN,0,0,62,76,33b3cee7f094da5dd6329c4b05f0991312bbcd4488f94927476ebf37cbe6f4bf
cyberdrop-dl-4.2.14.tar.gz,2023-05,benign,CLEAN,0,0,60,76,575db964c0191f83a1eae3eeba6d879761fe37e1feb0ac8c1969b30464eb0e32
cybrid-api-bank-python-0.68.88.tar.gz,2023-05,benign,CLEAN,0,0,53,76,b46e067c6a13de34ebe1ceb70a080b7777e20ec95631474b5af3367e046bd508
cybrid-api-organization-python-0.71.19.tar.gz,2023-05,benign,CLEAN,0,0,62,76,a179c40d5f5e77052b7cc039b50a0c3b02d13c81824e98640a4dbe0c782931ff
datasketches-4.1.0.tar.gz,2023-05,benign,CLEAN,0,0,52,76,d1e458cb561b9e5110cde50d6224b1231b157aa2fc46ba01c4ae33d6cf5c8e85
dbt-impala-1.3.2.tar.gz,2023-05,benign,CLEAN,0,0,61,76,1519e27cffa82427e05fcc2a80528f45192507239f3de16b3bbaa67fb6b6e4e9
django_unicorn-0.51.1.tar.gz,2023-05,benign,CLEAN,0,0,62,76,5c78563170a04ed37a606487ef6c0591dd098aeb48d7851c8d86cb2468ab734c
domain-admin-1.2.22.tar.gz,2023-05,benign,CLEAN,0,0,55,76,c20b3e89d919ef97d905320da00f6133ade74c1e92e75c181e0fed9d9243a1e1
emrichen-0.4.0.tar.gz,2023-05,benign,CLEAN,0,0,62,76,683dafb1554bb42e26998325e433c3dea49f05f2838f6bd93c09214ce2ac05b9
eox-tenant-9.1.0.tar.gz,2023-05,benign,CLEAN,0,0,62,76,b1d25ba80f5228ee0f5a8cb7c69c88a4d9c0e8c38a40b459356ab90cb73d3e86
fake-bpy-module-latest-20230513.tar.gz,2023-05,benign,CLEAN,0,0,57,76,0bda5c2d378cf5f34157478b89fe6d58ac99dba64ab1f0b1c65297a872e1b33b
flash_attn-1.0.6.tar.gz,2023-05,benign,CLEAN,0,0,60,76,df10ee2db9944f4589fa7119a2025e076b48ddd2febb7aff54676b5694e5c051
georideapilib-1.0.0.tar.gz,2023-05,benign,CLEAN,0,0,61,76,7c7f8c6baa9992a64ebb6d9ded4ba1b279e778a202519b08fa10a9ba9deaa95f
hatchling-1.17.0.tar.gz,2023-05,benign,CLEAN,0,0,62,76,f8a1de623d0867377e710f8aabfe0a58bd46e09d301906e965512831b7536c6a
heudiconv-0.13.0.tar.gz,2023-05,benign,CLEAN,0,0,62,76,4741969848b8aee71f2c0d097a7e1af31517e2ddea880d13c17890a3b8e25208
ibmcloudant-0.4.2.tar.gz,2023-05,benign,CLEAN,0,0,62,76,8c4b80b5a4a1088c3dd91286d4ac0ddaada09a11f1422c97ba6fd4d14b0e5a67
mysql-replication-0.40.tar.gz,2023-05,benign,CLEAN,0,0,61,76,9f08a026c5776dc6cbc7a13f0d95acf4a89d143629a3a4e6695a6e4e56f4a881
OMIEData-0.2.0.0.tar.gz,2023-05,benign,CLEAN,0,0,62,76,6d312baa6d2463c257b57477ac4e19b716b1382e5fb0a149c9e93d8483a3f95e
openhexa.sdk-0.1.12.tar.gz,2023-05,benign,CLEAN,0,0,61,76,d65c66975458315330dd57e66b93a216e5658c1dbbc9296929b6b8ca54c08afb
openlane-2.0.0a20.tar.gz,2023-05,benign,CLEAN,0,0,61,76,24b14b761e31f07037bb3aea82bc4e844eced35ac2d39a9c6639b2896ea3ba5a
ovos-stt-plugin-fasterwhisper-0.0.1a1.tar.gz,2023-05,benign,CLEAN,0,0,62,76,f918c899c5d8c0ccac9c07203393d7cadd65c43aed86135a20221c02bd934904
pepperize.cdk-autoscaling-gitlab-runner-0.2.487.tar.gz,2023-05,benign,CLEAN,0,0,62,76,b88190bd2351135f6693459412a6b7a144b9afe9669b261b31bf388fd4143b1a
pepperize.cdk-github-0.0.510.tar.gz,2023-05,benign,CLEAN,0,0,62,76,2f3f197c7790076c075803638a3074f7ab81cc90bcb0b70695d034be01c869a3
pepperize.cdk-organizations-0.7.431.tar.gz,2023-05,benign,CLEAN,0,0,60,76,849b9760ae393277893936bd779525c2178cdcc7f9261d732e9dde54c434b9b6
pg-activity-3.4.0.tar.gz,2023-05,benign,CLEAN,0,0,59,76,a89357131519b843f4a5f2fa2996cd5dca3d0fca8013d821becb81bc2f872ac4
pg_bulk_ingest-0.0.8.tar.gz,2023-05,benign,CLEAN,0,0,58,76,9ec385b317b6a32589fd228c7ddf6b8d848cd15806dbb536c462b8aec251cc32
pulp_certguard-client-1.6.5.tar.gz,2023-05,benign,CLEAN,0,0,62,76,626465c8a8a157cfa7dcf5591c59a50f3a90669351e62d46de7544481b656986
py-dactyl-2.0.2.tar.gz,2023-05,benign,CLEAN,0,0,60,76,7db409e1702150bd312ee91e37b52a172190bcd7193e1740945968f791172358
pydoclint-0.0.2.tar.gz,2023-05,benign,CLEAN,0,0,62,76,64737cce645c2ce8a723fdc3809c74a2677325accd94f9c32d683f2ac29453e7
rime_sdk-2.0.12.tar.gz,2023-05,benign,CLEAN,0,0,60,76,8e823dfe53fd0dd5ca1f030c47d6f46fe4ee66f9b5eb23c82485bc3fd7b95ff8
sapiopylib-2023.5.5.134.tar.gz,2023-05,benign,CLEAN,0,0,62,76,971b0b6abb7602380a36f936a836f395d9cb20c3d1e0f372d3b28571667f644d
searoute-1.1.0.tar.gz,2023-05,benign,CLEAN,0,0,62,76,6661d15c3de7f46cecfcf8f73591693b66ef8658b4c57d4b8e77b722718fc52f
silero_api_server-0.0.7.tar.gz,2023-05,benign,CLEAN,0,0,62,76,7f73f2e6dc22785761e7a5d6a505f9d3793a213395976bea3f3155f4a3321b96
Simba-UW-tf-dev-1.59.2.tar.gz,2023-05,benign,CLEAN,0,0,63,76,a59ca0050d62cbad6450b2a18633d557e566d10ee0ecb76ee02b19007981e202
simple-git-versioning-0.0.18.tar.gz,2023-05,benign,CLEAN,0,0,49,76,44c4c5104433fcffc7e4b725f94ded0c30226f1950ae900c881df216e972362f
sliderule-3.3.0.tar.gz,2023-05,benign,CLEAN,0,0,62,76,f802b4b50bfc16ccb760a1093afbd945feff01a0fb9faa4533dd00cd80a15b1c
splunk_add_on_ucc_framework-5.27.1.tar.gz,2023-05,benign,CLEAN,0,0,56,76,70fbf84b2061c5b7842a8942b78db5679c6a9e96df941c7ba0227c77e00c2c78
swh.journal-1.3.3.tar.gz,2023-05,benign,CLEAN,0,0,62,76,c8d8660bc614516661dac8da0f82ca399d0ec4bf10b41d244661447c2bcd0655
t2d2-sdk-0.0.4.tar.gz,2023-05,benign,CLEAN,0,0,62,76,ce75b27bcc3a968f44395fff562932effb47799c43304a4835a41287994d0dbe
tcia_utils-1.3.2.tar.gz,2023-05,benign,CLEAN,0,0,58,76,2edc8da64a4a303da0a2d34ba7b06e5483e6fb51941820452ec9f1d44a756b16
tencentcloud-sdk-python-dbbrain-3.0.894.tar.gz,2023-05,benign,CLEAN,0,0,62,76,3dddf38f341a31aa4283cecd21c99c70ebddcce4f4e130c1105b7381792bc2ec
tencentcloud-sdk-python-iir-3.0.897.tar.gz,2023-05,benign,CLEAN,0,0,62,76,586e784949ed55ca04ca080869b69b2f754d47dcad5a5358e5bc80d05263ac09
tencentcloud-sdk-python-mariadb-3.0.902.tar.gz,2023-05,benign,CLEAN,0,0,62,76,b03cd8f0a373bd35ebc16103f056554cbdb083b83c100d61be3c384770c14e11
torchdatasets-nightly-1685404999.tar.gz,2023-05,benign,CLEAN,0,0,62,76,87e2e0d1b7f3c1aa48b101b4272fb8da61fb651e65de73ee0b1d356c51873034
torchxrayvision-1.1.0.tar.gz,2023-05,benign,CLEAN,0,0,56,76,afcc614f204efcbd6a6208145bf7680b856b1ebb98f8c2346f59a1d74fb4b6a5
uplogic-1.9.1.1.tar.gz,2023-05,benign,CLEAN,0,0,35,76,b75feb81e37741e508417617c21bb73f8c7c4c4b8ed91af07a1c4d5a50977148
vector_vault-1.0.0.tar.gz,2023-05,benign,CLEAN,0,0,53,76,3b11db97a2da99f3ee07595cfd7472573ebdd66578e4fd66e6e0209e9a988cab
weaviate-cli-2.2.0.tar.gz,2023-05,benign,CLEAN,0,0,60,76,230be1c3f48ef61bfab7d384143bc6ead4c2b3124b3421c40c0cb67a875c081e
web_foundation-3.0.27.tar.gz,2023-05,benign,CLEAN,0,0,62,76,f0b12dd2ba261e9f9be16671c67ee75b21df2fe418804cc01bbb96152099b1bd
wistiapy-0.0.11.tar.gz,2023-05,benign,CLEAN,0,0,61,76,c274e7e26d09e5270b0fe8be81dc484b027ffa5c7643db0c2d47a35575f2440c
yatl-20230507.3.tar.gz,2023-05,benign,CLEAN,0,0,61,76,c2ea01c95c16a4cde49233444dc52dd60d64cf51c30dcf22ec996848423e91d9
aws-cdk.app-staging-synthesizer-alpha-2.83.1a0.tar.gz,2023-06,benign,CLEAN,0,0,55,76,52dc6101869b6db63fcd1803f00029b61108367227e727d3ec89523786c6861a
aws-cdk.aws-codebuild-1.204.0.tar.gz,2023-06,benign,CLEAN,0,0,62,76,420843f0e0373cd6c0786579aa78f4f23df6f041ce8ff337e8a53744c0adf1ba
botocore-a-la-carte-eks-1.29.157.tar.gz,2023-06,benign,CLEAN,0,0,62,76,2421c23890f85fdb12db519f193583d1297af1444618780eb3d9942dc22b279c
botocore-a-la-carte-elasticbeanstalk-1.29.144.tar.gz,2023-06,benign,CLEAN,0,0,45,76,e92f636fa97440748046d273c337fdeb84377663ae3f72b1af197f3f1347db66
buteo-0.9.15.tar.gz,2023-06,benign,CLEAN,0,0,61,76,279b15c6c3ba831f5d7609e2a18b286772fb3de86a3135aa2c65bed473cb48d9
cdk-hugo-deploy-0.0.215.tar.gz,2023-06,benign,CLEAN,0,0,62,76,ff5aca16e21740e87f422a0410a37cf06a806c1b42694a81f19891ef9687fbeb
d20-orm-2.0.2a15.tar.gz,2023-06,benign,CLEAN,0,0,62,76,3eedb5ac86e7291b414b04a489c04e94687f93f4389a40347fd09b356ab6454d
harlequin-0.0.13.tar.gz,2023-06,benign,CLEAN,0,0,62,76,44c715de7114ef483a2cdaa948bfeb29f8ef0fddc59ec7299fe287237649d237
kombu-5.3.1.tar.gz,2023-06,benign,CLEAN,0,0,56,76,a651a6a4c76deb7e6fe857f91f257e13541f2ec5814b759d049d9c3bc046e468
lbt-dragonfly-0.10.143.tar.gz,2023-06,benign,CLEAN,0,0,62,76,80b2922430d57855d326b0de45f0c9c19951613d7928bc72f948cd1a2fd19f99
oceano_algos-0.0.183.tar.gz,2023-06,benign,CLEAN,0,0,62,76,480551eba7246453e70dc37bf05fdce8f98a635bcd9e28e8cbafbb69943e8f24
oloren-0.0.29.tar.gz,2023-06,benign,CLEAN,0,0,50,76,7b679e34e57cb019af8c3f3d65e603d531c082853eff8edcca68d7cccef2d1ab
prefect-aws-0.3.3.tar.gz,2023-06,benign,CLEAN,0,0,62,76,6a1f54bbee2e4a36a08e86609bbe21665358a9f4b18771f48880b93282761ade
prisma-0.9.0.tar.gz,2023-06,benign,CLEAN,0,0,54,76,94016fcb1f87af9fbe602275e3f3108538026f8de9b4e31558635be30ea95410
pyasyncore-1.0.1.tar.gz,2023-06,benign,CLEAN,0,0,60,76,76b60094eace8d87bc7161022cede761411be9b61812824a040d92ebe48a7440
redis_benchmarks_specification-0.1.72.tar.gz,2023-06,benign,CLEAN,0,0,57,76,f8c848f241131149601031b9811e1b411fa94f64fa7e86efac1ea277ad7a95c6
robotcode_modifiers-0.44.1.tar.gz,2023-06,benign,CLEAN,0,0,57,76,74110757998b02246d1fb5e3ca2b1020febbcbdbb73edccbc181e83d59cbd731
snakemake-7.28.2.tar.gz,2023-06,benign,CLEAN,0,0,61,76,031ed930c0dc2aaf5f3c107c8bb7ff93f190b87430296732fe0ea8abe2f4f46d
steam-sdk-2023.6.20.tar.gz,2023-06,benign,CLEAN,0,0,63,76,ee67817dd61421b9782f35ba403b6e465e01bd32925e377266bc7098e3c6c76d
telectron-2.0.106.1.3.tar.gz,2023-06,benign,CLEAN,0,0,52,76,e50dfde5339304ba57ce750bd9e8a0a2ee176be0f4390b3474a91803c60c9cc5
tencentcloud-sdk-python-bmvpc-3.0.907.tar.gz,2023-06,benign,CLEAN,0,0,62,76,91d83f858a93625332c4c09a37cf3f1cf142c0f0f195ec1ee3090c387c7f8cdc
tencentcloud-sdk-python-tms-3.0.914.tar.gz,2023-06,benign,CLEAN,0,0,62,76,742b8ffebe6ba508f0031b41fd3cf7f73dd72905364fde56357a9c945fce0f0e
xlwings-0.30.10.tar.gz,2023-06,benign,MALICIOUS,2,0,60,76,42bd7781ae87587caaf1e9ed722e62c677a1d0e1a7f6be8cbc8670b19c0d689e
airbyte-cdk-0.46.0.tar.gz,2023-07,benign,CLEAN,0,0,59,76,de74d2f041de5923fd2e99b4c218ee4d434ce06e61727135d731741c9b71f8f3
AnyBlok-2.1.0.tar.gz,2023-07,benign,CLEAN,0,0,62,76,2e1b57f9364b3ce120660b4fdd10148a6c1aa6c8105d36a04f189779a9720688
benchling_api_client-2.0.191.tar.gz,2023-07,benign,CLEAN,0,0,58,76,faa05741ed496fd2181b0a52ef08d8d247812a832affaa32bc2a687916572aa1
botocore-a-la-carte-iotanalytics-1.31.13.tar.gz,2023-07,benign,CLEAN,0,0,62,76,d5b4256361c4fd2420d5314bf766bb5fb74a973764573a7ec4387f0758fa96c4
botocore-a-la-carte-iotfleetwise-1.31.11.tar.gz,2023-07,benign,CLEAN,0,0,62,76,e9fbf1395c0616fd257a721fca8fb76b8d35b023797100dbba28369989c17faa
botocore-a-la-carte-license-manager-1.31.9.tar.gz,2023-07,benign,CLEAN,0,0,62,76,29a90a323156495ce7942797389e11e8c5903e8807c9cb027651fdee73b8a27b
botocore-a-la-carte-mediapackagev2-1.31.12.tar.gz,2023-07,benign,CLEAN,0,0,62,76,57de235e903268fd1cf0d5f30c2b92fb900b7bb002abd9c0a477ff2fd14a4ddd
botocore-a-la-carte-mobile-1.29.165.tar.gz,2023-07,benign,CLEAN,0,0,60,76,7b270b326bd7904cac467fbdbc08ecd4a217b14552d7ede45f3bff6634784d03
botocore-a-la-carte-qldb-session-1.31.9.tar.gz,2023-07,benign,CLEAN,0,0,62,76,da5c1ff0e7f1eb1e314df4fb2e4cbdfe623778ecf9460a8cbd59216fa3fba4e1
botocore-a-la-carte-sms-1.31.2.tar.gz,2023-07,benign,CLEAN,0,0,61,76,7fe5ca0475f474a10a70a02e3084af72fe0e7772991b4d10a2cc9ee6cc241ac4
checkov-2.3.338.tar.gz,2023-07,benign,CLEAN,0,0,61,76,67e496c5f3ae1e7cb65d670431099b5488980c3f03e25589cebc91211f5413f1
consolekit-1.5.1.tar.gz,2023-07,benign,CLEAN,0,0,59,76,5f5f84ce610c6cd19a6bf117d893db418265a1fdab06b4ac05ac05dedc91529c
coola-0.0.15.tar.gz,2023-07,benign,CLEAN,0,0,60,76,ef1f8c13e27ef3463595345b9b1e792b0da9df349b2de76432f5b00ffe65c968
desc-opt-0.9.1.tar.gz,2023-07,benign,CLEAN,0,0,62,76,f8cef3ecb08ece501cf10de1e2bf9d9663359c43d2cf439a2f57f147a1e8e92a
ebbe-1.13.2.tar.gz,2023-07,benign,CLEAN,0,0,60,76,c7f69578da3d963075d9484833b99a4aa7ee3d0ee64abc70bef49548255a865e
ecoengine-0.0.16.tar.gz,2023-07,benign,CLEAN,0,0,61,76,2b9fd5ad859fab5ff520fce521329b0b6a28dbf91441787a80b9a31403321571
fastapi-cors-0.0.6.tar.gz,2023-07,benign,CLEAN,0,0,62,76,a05ed6ef94e7251deb8b7ed8a08668153c98d7336d2a256cc511402519c13d5b
google-cloud-billing-1.11.1.tar.gz,2023-07,benign,CLEAN,0,0,61,76,48bd1f1febe678f5bdffd9730388ba5282559b1e87a0ec5a8b9add68f065709d
jupysql-0.8.0.tar.gz,2023-07,benign,CLEAN,0,0,61,76,f8f8a5115f7d69ae2261bc10f86957b00fd241c6f5dc494f4cf3004aa45e1a47
lollms-2.1.18.tar.gz,2023-07,benign,CLEAN,0,0,62,76,dc332a5b449d13ce915831f89cb12846811fb709dbb2dda1cb51bd837e718b7d
lumibot-2.6.8.tar.gz,2023-07,benign,CLEAN,0,0,59,76,325563d7929d6033fc0be3a0d0f029d90a56eb7dedc57747c5aeac4c9f5e4143
luminesce-sdk-preview-1.13.181.tar.gz,2023-07,benign,CLEAN,0,0,60,76,d355738a5b8a652a0517c9e93a82b5ecfa3139c042f6c1b12d2d0e38b01169b0
lusid-workflow-sdk-preview-0.1.330.tar.gz,2023-07,benign,CLEAN,0,0,61,76,1f1b9f0121207e1d5be5572fd188fdcaffc21b10ac5b8e7e5af936f180845e0f
metal_python-0.22.8.tar.gz,2023-07,benign,CLEAN,0,0,62,76,5417b60dd7a0f2a42ea2e8b1613ca67ead00c5d702b7e7e1cc62fbe94c327d76
mypy-boto3-customer-profiles-1.28.15.tar.gz,2023-07,benign,CLEAN,0,0,62,76,b70724fa0af49c9a14e0ccaaca20c62c2d6962dd6de8782471cbb99eed9cd2a3
mypy-boto3-ivs-1.28.4.tar.gz,2023-07,benign,CLEAN,0,0,61,76,8dfa82a0b878674ca96ef43962bf022889654610555b8aecc7ffc40fbc2c7db3
mypy-boto3-kinesisvideo-1.27.0.tar.gz,2023-07,benign,CLEAN,0,0,62,76,27bd0533f8a343a87e4eb4841153af815386413a4944b567749d3662f21c262d
nbgrader-0.9.0a0.tar.gz,2023-07,benign,CLEAN,0,0,62,76,1ac45c9e92b04ee04c80f88a938bc5288e0fe90a19a94679590fb9b1ea1a177a
pyabc-0.12.11.tar.gz,2023-07,benign,CLEAN,0,0,62,76,25342cecc5226efdc6d0bb9a7fa424a47ec6aef52aacfa230c96565af3c1fe0a
tencentcloud-sdk-python-memcached-3.0.1109.tar.gz,2024-03,benign,CLEAN,0,0,61,76,f949c0eed88db4f05468fcd29088da27de121ecf3434564c1324e56015f7a01c
pyclarify-0.6.1.tar.gz,2024-03,benign,CLEAN,0,0,62,76,a1db896aac3ccb534a5675bd155783288831496bef054f2ca6fca432d36f54bf
PyPDFForm-1.4.14.tar.gz,2024-03,benign,CLEAN,0,0,62,76,3a04ea2b29d5fdbf235011d73e5d0f6dab6f1029547fe2d66f5786405beb54dc
botocore-a-la-carte-finspace-1.34.61.tar.gz,2024-03,benign,CLEAN,0,0,62,76,99772f1b8094b9e0cff9324375f8f16207fc3425b8859cdf77b6530381ed4154
lhpapi-1.0.0.tar.gz,2024-03,benign,CLEAN,0,0,61,76,a0c69040db402a152a3b9f9e339d610d3b3a778a110a6289c1142a8102b2e325
quantstats-lumi-0.2.0.tar.gz,2024-03,benign,CLEAN,0,0,61,76,d6e6c85ba73011384ba7b05264ac8e1c3203f973831a3eaba88cc1546ed3a03f
tencentcloud-sdk-python-habo-3.0.1107.tar.gz,2024-03,benign,CLEAN,0,0,61,76,9ceb1a6f3fe72691ab588ccd8640de2713cd55d475e9a04849d4691dcca5238c
fyodorov_llm_agents-0.2.118.tar.gz,2024-03,benign,CLEAN,0,0,62,76,8cccd5d7d47bed6f50d50430b487f6961d5062e458759c53d2a9ec98636117a7
paper-qa-4.5.0.tar.gz,2024-03,benign,CLEAN,0,0,62,76,04eea45705f5bc3b479cc9d81047cbc88fb11760a31a5a5505ad03352981f03e
botocore-a-la-carte-textract-1.34.55.tar.gz,2024-03,benign,CLEAN,0,0,61,76,bb15552cce7e6ab5da62ebe113e2181a0ae5739b2dc87c26db9fff65495cd812
synch2jira-0.0.88.tar.gz,2024-03,benign,CLEAN,0,0,62,76,30d155b96c86af62837a40597f3c7626966c378970b9e5b54708eebcd771765a
botocore-a-la-carte-cloudcontrol-1.34.64.tar.gz,2024-03,benign,CLEAN,0,0,61,76,2e0dddaab1172fa7f54becc417a3dce1e80d81d192505de68e9fd9e3954aa6f9
botocore-a-la-carte-eks-1.34.57.tar.gz,2024-03,benign,CLEAN,0,0,61,76,e126d6a28379355b93219346bbe2b559935414a0791f9d93bc347651b54718d3
resampy-0.4.3.tar.gz,2024-03,benign,CLEAN,0,0,61,76,c55cffb987e556ecf82f2d2706700d6bf57d93d07cc4662258795ad0c4bace9a
botocore-a-la-carte-dms-1.34.67.tar.gz,2024-03,benign,CLEAN,0,0,62,76,8c7ae9668eeab32a264932884ff278f43feadea03c232e283c6974f6faf253bf
botocore-a-la-carte-emr-serverless-1.34.65.tar.gz,2024-03,benign,CLEAN,0,0,61,76,b763543736dc56e8e37ee05eeddfa6ba943199b7c343fc76cfb9593056d81e20
botocore-a-la-carte-fms-1.34.60.tar.gz,2024-03,benign,CLEAN,0,0,62,76,1b9ec6bedbea1aa196d89b21a1287528697377f5d912964ea993112778cb0573
pandas-plots-0.8.15.tar.gz,2024-03,benign,CLEAN,0,0,61,76,7c014951397d8c541cc6aa4c62358b0ebe69700481fdc940a52aef6fc037d2b2
vantage6-client-4.3.0.tar.gz,2024-03,benign,CLEAN,0,0,60,76,74b58ebd588d76a6759d58ccc6290c55fbd41072406c9f0cc54a8d15c9b96c7f
botocore-a-la-carte-budgets-1.34.62.tar.gz,2024-03,benign,CLEAN,0,0,61,76,89f5aaf2606c4807a4c8a6cec114585b322ff57944859db27945c6b014de59e4
mecord-cli-0.7.32.tar.gz,2024-03,benign,CLEAN,0,0,61,76,d523d306693ef6eb46781a1f057f335c74ba7631ba61bc6047402521c18be227
moodle-dl-2.3.2.4.tar.gz,2024-03,benign,CLEAN,0,0,62,76,e1ff762ae6d8b27ac0d8e0f2449bbda93f0a100f19ea85d202ef86d0bebe63d7
tencentcloud-sdk-python-tiia-3.0.1111.tar.gz,2024-03,benign,CLEAN,0,0,62,76,0ab9e0c4aafdb31802f4ed19901bb89071311d186817d02f4a4ace21d1a69031
wizata-dsapi-0.4.46.tar.gz,2024-03,benign,CLEAN,0,0,62,76,8828d8867991c7b1ce6f32ca5ae416ac6a5077e29734e7b3f063994938a46996
cloudoll-2.2.1.tar.gz,2024-03,benign,CLEAN,0,0,62,76,8d52e31c40d8b52bb33d3cdd77a500584787eb17a6f8a1b4fabb6ee612689931
robotcode_core-0.78.2.tar.gz,2024-03,benign,CLEAN,0,0,62,76,f3e63c10ce7ec86e978fc02311cca3f4361c8df44f9dbc59c902de91575f0e2d
mitoinstaller-0.0.296.tar.gz,2024-03,benign,CLEAN,0,0,62,76,55c6cc7334f4f5a5680d704c47d5ab49a903fb01ccb4257dbc092fdb4a84f761
swh.objstorage-2.9.1.tar.gz,2024-03,benign,CLEAN,0,0,62,76,b065bdd88bf322f49b0a65578b946e96d5457b25f5063abc51c7a6361425c65d
parquet_tools-0.2.16.tar.gz,2024-03,benign,CLEAN,0,0,62,76,339691a62f8aa2f1d6bfd1c5866e3b99da42398f4780384802fc5587cf902ed8
ddtrace-2.7.5.tar.gz,2024-03,benign,CLEAN,0,0,61,76,52224d33dfd1e6dd245e50487d309f5caef5409e32d701f602cf5b0274e8494b
rigging-0.1.7.tar.gz,2024-03,benign,CLEAN,0,0,61,76,bc3f237183e4bb7a71da6e39b886d302de0e236b072d9ec94cd4f9240242c0c5
spanishconjugator-2.3.7373.tar.gz,2024-03,benign,CLEAN,0,0,62,76,1c37f83f38414f6a3c7a37920ab83df3afdf07f53b8aa402d17884fe36f32d46
openbb_quantitative-1.1.3.tar.gz,2024-03,benign,CLEAN,0,0,49,76,712ebd33d6de89ef64f24c7e6b33b8a2708da35267e90d0a176123c2af8ea850
v4-proto-4.0.0.tar.gz,2024-03,benign,CLEAN,0,0,62,76,2d498816c6a14e60f44eb38523bbf88011877d57299f658484a20558122d5774
tencentcloud-sdk-python-antiddos-3.0.1111.tar.gz,2024-03,benign,CLEAN,0,0,54,76,eaed6124322c5ef722eed03949c3f8b179d541641bd9cba27191c305026efa9f
botocore-a-la-carte-ses-1.34.57.tar.gz,2024-03,benign,CLEAN,0,0,60,76,56d684ec667c9667a3dcbff6cee1c25c54e185993210f9ec2952db94cc59bde3
kolla-ansible-17.3.0.tar.gz,2024-03,benign,CLEAN,0,0,62,76,65564643e9d37427c59325c63b819e03e7f4d9634d61050a55d911edff6a0e10
botocore-a-la-carte-wellarchitected-1.34.72.tar.gz,2024-03,benign,CLEAN,0,0,61,76,7216ba72df12d35153610849e20412857aa9deca68787751ec12951ff04901a6
chromedriver-binary-124.0.6364.0.0.tar.gz,2024-03,benign,CLEAN,0,0,61,76,2dbc1c667c36d1cab7ae96abaf5c6261c707fc971bb6a59ecccde968dce39ea3
types-aiobotocore-ec2-2.12.1.tar.gz,2024-03,benign,CLEAN,0,0,62,76,a6d9c3b800e1733e5b09e5f7e37ba6e77f3fa51fbf0a1564cb7ef1448802caf2
izio_cli-0.1.93.tar.gz,2024-03,benign,CLEAN,0,0,62,76,12590b6459c712c8568f0b6b32058703fd1aff79ece77376f4456bc3d9787599
fyers_apiv3-3.0.9.tar.gz,2024-03,benign,CLEAN,0,0,61,76,b871eb0975e98f129f05dbd659eb2e6614163e7476ee0b9928fb62db14f059a0
botocore-a-la-carte-iot-1.34.57.tar.gz,2024-03,benign,CLEAN,0,0,49,76,b1763269fdcbdbe98cba11f8750bcfe060c005918aff12c80d4a01411383e829
botocore-a-la-carte-connectcases-1.34.70.tar.gz,2024-03,benign,CLEAN,0,0,62,76,f6a81ba52e27c575b426c9d3a25fdd37bd7a47528768f5b7d13899d9b44e8bf2
watchmen_rest-16.6.13.tar.gz,2024-03,benign,CLEAN,0,0,62,76,9c56d6112992c933a1fc26e832c25f7ca75430b2d799024f837aaf4a30a1ba9a
finbourne-access-sdk-0.0.3756.tar.gz,2024-03,benign,CLEAN,0,0,62,76,c2f3c73947ded6595dd4e5338960694fa5196ee8abc3778ce1cfa373b48d322e
botocore-a-la-carte-license-manager-1.34.66.tar.gz,2024-03,benign,CLEAN,0,0,62,76,81ada66d6044bad38bb2d8178715409f73bb8a7b8d8ac27de78b381d4821f295
pyway-0.3.24.tar.gz,2024-03,benign,CLEAN,0,0,62,76,49e9b3223cba144b3a04951ae9bba425edb2073c6e9f52b3390ccda387427870
botocore-a-la-carte-backup-gateway-1.34.69.tar.gz,2024-03,benign,CLEAN,0,0,62,76,3ef2f6335eae7b9bf0f0457c02deb8d1e9e326c5f47ea009e93031d5fe17a506
chift-0.1.49.tar.gz,2024-03,benign,CLEAN,0,0,62,76,c4535693e175e7cbf6c0de02e61a58632c78e8b84ff112f96a43cb3861612435
pytube2-15.0.4.tar.gz,2024-03,benign,CLEAN,0,0,59,76,d4f4ee6db2d27a988c7a94d140129b364a234fa4c9ee85e0160a89ce63149835
impetuous-gfa-0.101.13.tar.gz,2024-03,benign,CLEAN,0,0,62,76,5cc2a69c973ab61fab593705259a32d3756a71cf7a7d30ae9f1826a7f8d67240
commonX-0.6.12.tar.gz,2024-03,benign,CLEAN,0,0,61,76,94926e77514038de71418cc1cdfb0f568a34697b53df833f2c0aeb35903e040f
botocore-a-la-carte-bedrock-agent-1.34.68.tar.gz,2024-03,benign,CLEAN,0,0,60,76,eb36320a04d7bdee94f4b7f9f4dcf3b1e335db2133705b41983336414bcee1ae
tencentcloud-sdk-python-npp-3.0.1110.tar.gz,2024-03,benign,CLEAN,0,0,60,76,2946139f3b1347d629067b297fef2b8cfc0cb5da77d30d32dca23e2d91654af4
botocore-a-la-carte-sdb-1.34.73.tar.gz,2024-03,benign,CLEAN,0,0,59,76,e5e7d30943e594b48e46ae750e813fed234c632fff323c165a11a3f267ddfbb1
ivy-0.0.9.0.tar.gz,2024-03,benign,CLEAN,0,0,62,76,2a151737aa068d1d83846d01bb9f12a68ee52be134c50484007cc7c58b28f3be
botocore-a-la-carte-lightsail-1.34.65.tar.gz,2024-03,benign,CLEAN,0,0,61,76,56942a37a098185f9f56a62426a2eb610dfc34d4b5ba2b4ab05df2305507a38f
pylode-3.1.3.tar.gz,2024-03,benign,CLEAN,0,0,62,76,5da1b37bf1f07da8aba69b8ad51fc0f24cf3727bacc3eb0e546cfb4812f26d21
dipdup-7.5.0.tar.gz,2024-03,benign,CLEAN,0,0,60,76,0c1b4a7ccad192284b3918d947a00cb4343c5307415821ba9ead8a1891cd50bd
tencentcloud-sdk-python-cdn-3.0.1119.tar.gz,2024-03,benign,CLEAN,0,0,61,76,aa5722160be35ff2faf088c9e3b8d15e7dfa0cd888bc51138b192315ee845d39
intake-2.0.4.tar.gz,2024-03,benign,CLEAN,0,0,62,76,576fdcdcb3fc2c41cfba9c900ca2e637c40ac50b2cda69160669c431955d9eb2
posthoganalytics-3.5.0.tar.gz,2024-03,benign,CLEAN,0,0,62,76,cae7479f4e634b41bee0e48c26a92dfb154743c34fbb65e5a1726efc79c33ab5
pynintendoparental-0.4.10.tar.gz,2024-03,benign,CLEAN,0,0,62,76,e214099bb2a359ef0884aef435d21119bb8819112f7ed39308fe0f7cc8b5683e
lbt-grasshopper-1.7.56.tar.gz,2024-03,benign,CLEAN,0,0,60,76,6fd592ca8fb462d934134248ff9ef34cb7a286141120c21c3eca57056bebd556
langtrace-python-sdk-1.1.15.tar.gz,2024-03,benign,CLEAN,0,0,61,76,cdfefb6c20fe0fddd51f2123040990221750c0b9a43b0efb306a74d673071e8d
mpltern-1.0.3.tar.gz,2024-03,benign,MALICIOUS,1,0,60,76,5eaa035439c356b219ad71f3e827e60543fec843b98a37c48b770c023ff80449
tencentcloud-sdk-python-redis-3.0.1112.tar.gz,2024-03,benign,CLEAN,0,0,61,76,25e7f58270be3e1869550e237152b8aa932c69d98602cca3f60471a9e54a6947
increase-0.41.0.tar.gz,2024-03,benign,CLEAN,0,0,61,76,3f415150e4baf1d60166229e88fc92d07ffc8ac09b6366c5df1724a25bb4eb53
alpaca_py-0.19.1.tar.gz,2024-03,benign,CLEAN,0,0,62,76,8900df173fc4edd51d9405513d67f7d3ed05616704665bdf099a6b2b4573410a
langchain_googledrive-0.1.30.tar.gz,2024-03,benign,CLEAN,0,0,62,76,a8954e540d394ef298be7fcf7f50c5832a031be9224a81d13bc2c7b62cf8e19a
tmnt-0.7.46b20240326.tar.gz,2024-03,benign,CLEAN,0,0,62,76,cc17050d98455a2caf169f7ffb9ecd69f862c73c3e02f55f473fca4efd5c16b4
pyobjc-framework-OSAKit-10.2.tar.gz,2024-03,benign,CLEAN,0,0,61,76,d74709ca7fae6307f6d97bdbd93292ac16b23e2fb69ae9eee0ae320c4cb85116
narwhals-0.7.3.tar.gz,2024-03,benign,CLEAN,0,0,61,76,cd68ddbc1089f6891ac8e83a6ca88222b3b6ece576d52741b13841beb5e29a9b
botocore-a-la-carte-qldb-session-1.34.68.tar.gz,2024-03,benign,CLEAN,0,0,62,76,d48193cd2b628280095e69175562b449af297cecaab2d65fd8be20eb5063dbaf
altscore-0.1.85.tar.gz,2024-03,benign,CLEAN,0,0,61,76,b9aeac869be22d1abbf19ce8c872eb1cd978b1574281a41c6ee847cffe93ff93
botocore-a-la-carte-ecs-1.34.74.tar.gz,2024-03,benign,CLEAN,0,0,61,76,002db058a0285651b05423ee4ee8e7eebe3f440ed35fdcde0f2993af1509cfff
botocore-a-la-carte-route53resolver-1.34.73.tar.gz,2024-03,benign,CLEAN,0,0,61,76,120850f7c170da0b0c846c730df880a1d32aeb3fef7aeaadcf6a96dc3f81a5f2
npc_lims-0.1.132.tar.gz,2024-03,benign,CLEAN,0,0,59,76,47a8b1158d12e0e2f4ad0e0c8ba57994804a1fe0c5345c92d90dc3178ca0c5a0
sunholo-0.30.7.tar.gz,2024-03,benign,CLEAN,0,0,61,76,323d30094e72f10139e103ae395b5d5aa4b45bbbf0c53bea56a12a484ef29dc3
botocore-a-la-carte-verifiedpermissions-1.34.62.tar.gz,2024-03,benign,CLEAN,0,0,60,76,93e6a78b41422393ca6abd07f66f2aee401a8130eb3a5fd2fa501694b970e8d4
cdktf-cdktf-provider-upcloud-14.1.0.tar.gz,2024-03,benign,CLEAN,0,0,51,76,18f70929954073b2509b55d1daacd068be723b24ac7c7d3f19f0160afed1eaae
syft-0.8.5b5.tar.gz,2024-03,benign,CLEAN,0,0,62,76,2377ff944f812f5a80596b29bb0d12c21c3c08dacd8f11bc2b96e28e6177656f
aiosalesforce-0.5.4.tar.gz,2024-03,benign,CLEAN,0,0,57,76,1d9346806cb55cabab5a5dda31975c20937485a01dd2bedca44c5ac4458ff840
sampo-0.1.1.319.tar.gz,2024-03,benign,CLEAN,0,0,61,76,8390d3a608d0297d4cbeedb01bef25eeb005cc1846c9a50ca8cfa14c4e2491ef
riscv_config-3.17.1.tar.gz,2024-03,benign,CLEAN,0,0,46,76,51850021fc2ee4fac129cfbfd26549ffa2149163a64519bd538dda7704684618
botocore-a-la-carte-cloudsearchdomain-1.34.53.tar.gz,2024-03,benign,CLEAN,0,0,62,76,81e8191636e924434406e1093126f67ee220d8134eac4ecd0dd6ad0f4f11c2b0
internetarchive-3.7.0.tar.gz,2024-03,benign,CLEAN,0,0,62,76,a08e3d8ce743141ead423b9ad4f01c5d711a5d3ad7e92423d375686770fbafa3
scikit-lego-0.8.1.tar.gz,2024-03,benign,CLEAN,0,0,61,76,bd605d19764fbb0929a6af89f6e0c380001d5790ce1578077a120991b6cb1d7e
datadog-0.49.0.tar.gz,2024-03,benign,CLEAN,0,0,62,76,cce4157de2527844c101ae6d4b952240b1bd79e3d3e4011c103083875a8d3a75
baml-0.17.0.tar.gz,2024-03,benign,CLEAN,0,0,62,76,18ab96c2495d39b7a1095676b2279aeabcd54a4751bd497aee317464c57214ad
botocore-a-la-carte-cloudsearch-1.34.56.tar.gz,2024-03,benign,CLEAN,0,0,61,76,dcb7748fea67e241379383913a4ba1fe3c09925fb1b6e1a13180572103bcdb23
paasta-tools-0.220.1.tar.gz,2024-03,benign,CLEAN,0,0,57,76,7bb5f87541c743fe38051c2089f66465c7147aa9f76326f6d49d0bcec8a61c8e
lionagi-0.0.307.tar.gz,2024-03,benign,CLEAN,0,0,60,76,20e7b73bb09b89306002c2030923bdd74d5649e1ad286134973b90758f709be5
Unified-python-sdk-0.20.4.tar.gz,2024-03,benign,CLEAN,0,0,62,76,90fb9d732b3224bad74973e70b76b20adcb7404232821f44ddee5572029e43c5
boto3-stubs-1.34.57.tar.gz,2024-03,benign,CLEAN,0,0,56,76,25afafb5bd974949157e7749596092ff9ec27d4ac563c82ab2df31d818ef156d
paper-qa-4.1.1.tar.gz,2024-03,benign,CLEAN,0,0,61,76,f0a4703a35e3e14ed5f5271aa3d389aa3e13d9f41444de4fcf561ba2597e3170
types-aiobotocore-ecr-public-2.12.1.tar.gz,2024-03,benign,CLEAN,0,0,61,76,c58ba1dcbd8c96163e8bc2c1ec5bd28672f96b6020e291ed9012aca14db89b81
tencentcloud-sdk-python-tbaas-3.0.1099.tar.gz,2024-03,benign,CLEAN,0,0,62,76,66a9cebb9ed0c4d4d01e5ae673217920d95096f0c582cef8a1e1abd7c49f4a0e
cybrid-api-bank-python-0.115.26.tar.gz,2024-03,benign,CLEAN,0,0,47,76,080dfb2654fbc00088efb2b9fb634b515d08d06f9dd016031f340ada79a360de
dcicutils-8.8.0.1b9.tar.gz,2024-03,benign,CLEAN,0,0,61,76,fb9513c3675b2fb2589bc9458a201f2c608f25a182a231eb05eb190350f2fa72
emmet-builders-0.79.0.tar.gz,2024-03,benign,CLEAN,0,0,62,76,36e231142f159eff2316cc4b357fffbca45d046ada8b16f483948f69d7ac266f
cdktf-gitlab-runner-0.0.850.tar.gz,2024-03,benign,CLEAN,0,0,55,76,3929a5ed965f68cec8d4a0633a67d9ceb682d47c4f07166306e74a8afb7d0443
botocore-a-la-carte-connectparticipant-1.34.57.tar.gz,2024-03,benign,CLEAN,0,0,62,76,b70026261594577747a55bf64467294df80df5ae787313c348bdd661718302c3
cpg-workflows-1.22.1.tar.gz,2024-03,benign,CLEAN,0,0,62,76,ae39ba8b91dfbb6f8881d7b4e72403dff67bc0284f853931542ce7f13ad1a6f4
tencentcloud-sdk-python-advisor-3.0.1105.tar.gz,2024-03,benign,CLEAN,0,0,60,76,2c3f5bcba894f81cbe99a300636123bdee12729516cf7832c024a03c93b87ebc
tencentcloud-sdk-python-bda-3.0.1102.tar.gz,2024-03,benign,CLEAN,0,0,62,76,cb1e718f26fa208295ef5fc199e8a5fb99ec8d98582265b38f7ac8f8356e75c1
cdk-common-1.0.795.tar.gz,2024-03,benign,CLEAN,0,0,60,76,13949257b8e4760db8d166e81224cb4c8e608d5fb9e783839ec81be8a230d817
pulumi_cloudinit-1.5.0a1709359571.tar.gz,2024-03,benign,CLEAN,0,0,58,76,0013c0bf574d4f220e2b4ecd9a3b78df67059c72341b78e037be633273aae461
introspection-1.7.11.tar.gz,2024-03,benign,CLEAN,0,0,62,76,b5b29f39546818cdfa7e51ec1f84f1f524239dcc848acd02ca8d8976c8799eb4
kgdata-7.0.0.tar.gz,2024-03,benign,MALICIOUS,1,0,59,76,534cd71ce306a6eec9fddc045618f6a5e38c0225afc59e9e70a97f0eec6b2cfe
bota-4.0.25.tar.gz,2024-03,benign,CLEAN,0,0,58,76,46451519aa41404dd7f38c98a8c5a59006917ff1fe929ca6a03fe74fe3516500
tencentcloud-sdk-python-ba-3.0.1104.tar.gz,2024-03,benign,CLEAN,0,0,56,76,c3b01b077bc0a855202f8942b7d131321769108f6bf6654494b8a8550ae6fade
syrius_sdk-0.0.9.tar.gz,2024-03,benign,CLEAN,0,0,62,76,8d6233514fbf61d785025e40b6dd58dabaf07242293d62c33e97ca70ce08225c
piperider-nightly-0.42.0.20240331.tar.gz,2024-03,benign,CLEAN,0,0,57,76,08c5854e08d62d08abc049c4a6196fd8c4237a2528f0c835d56424dd3b24dd73
langtrace-python-sdk-1.1.5.tar.gz,2024-03,benign,CLEAN,0,0,61,76,dd800847b9fef7aef1c34484b74f2602bb64da768c9eed7de5d08fcc167e4bb7
autogenstudio-0.0.54.tar.gz,2024-03,benign,CLEAN,0,0,62,76,508ab8578e1d42d115e23b400ed1ed095f904af03d4b43c3bc8efa1ffefb2c19
spanishconjugator-2.3.7207.tar.gz,2024-03,benign,CLEAN,0,0,61,76,dbc719c94f5d6844ef5433370967b2a95432408b27cabbb3ca6b84bb19555870
inspect_ai-0.3.3.tar.gz,2024-04,benign,CLEAN,0,0,62,76,aa0dfb4f0aacbe18ea64138a9f8858ba3fa380bf8accf54d5953195d3aa8b6c4
fractal_server-2.0.0a2.tar.gz,2024-04,benign,CLEAN,0,0,51,76,9437163f8f11f6e4fab6762686c4ca2c1e733640b9ac15ea3feb00649c0f6570
tencentcloud-sdk-python-domain-3.0.1137.tar.gz,2024-04,benign,CLEAN,0,0,61,76,29fcf151d42917e666dbf07184d8869633ab6a085e032321c45dae97bd73e0c9
tencentcloud-sdk-python-trocket-3.0.1129.tar.gz,2024-04,benign,CLEAN,0,0,61,76,20bd5ad9151aa0e703c98b059800131b11f8343e846aabf51a66762f6f6e651a
tencentcloud-sdk-python-gse-3.0.1128.tar.gz,2024-04,benign,CLEAN,0,0,60,76,685d79a85513ee4f3014e43fcb9dc974ccfdc19827f60db70c32de8cd8a1eb85
libfwsi-20240423.tar.gz,2024-04,benign,CLEAN,0,0,53,76,8892b8509cf5745abda81dd7a88fe35c1f0e986d177f58bcabf0ee932231262a
botocore-a-la-carte-m2-1.34.80.tar.gz,2024-04,benign,CLEAN,0,0,62,76,bb51f0079854a41bb644043c9ee14ec1ddef7ce7f51bc0c5a8de05654acc5b63
sprocketship-0.5.0.tar.gz,2024-04,benign,CLEAN,0,0,62,76,6c19603875b3768bf34e8cdc6899ce102726017f8130a072c73ca223b6e3390a
tensorrt_lean-cu12-10.0.1.tar.gz,2024-04,benign,CLEAN,0,0,62,76,b84ce3839d73b3a6ee21cbcf200d0f2f09e153ecaa42b6542c3e56eb064fadc5
botocore-a-la-carte-codestar-notifications-1.34.85.tar.gz,2024-04,benign,CLEAN,0,0,61,76,742e0d253feca3c3de86bc581f87aa36547bb025e1fd97c32b3d51ac8f331b41
yeref-0.10.69.tar.gz,2024-04,benign,CLEAN,0,0,52,76,e4d9beb5678cd99e25525a12239aa982c221962e65fd140594d4758a87cb46d8
robocorp_windows-1.0.2.tar.gz,2024-04,benign,CLEAN,0,0,57,76,393054b4bd11273d6260e05140ee7eccef29d76522d8c84857adcb1068e74285
kolo-2.22.0.tar.gz,2024-04,benign,CLEAN,0,0,58,76,8bbf641b1ea373b5202cd9cb5e5413714e100bff6faee4a779439b0d8da0345c
tencentcloud-sdk-python-ckafka-3.0.1132.tar.gz,2024-04,benign,CLEAN,0,0,62,76,9f3913c7e2fc8fb83811eee49f33ba442330bfde027703cd0894c36a6f29c3b3
gradio_imageslider-0.0.19.tar.gz,2024-04,benign,CLEAN,0,0,62,76,4b7ad1d82d809bee07f369fab738a49e15a95e72b08e14c82e805ff0d139e52b
botocore-a-la-carte-kinesisanalytics-1.34.93.tar.gz,2024-04,benign,CLEAN,0,0,62,76,a9c4106a47c96f1a57da4bba033544941d6727bd274067db14378422469fe611
tencentcloud-sdk-python-iotvideoindustry-3.0.1132.tar.gz,2024-04,benign,CLEAN,0,0,60,76,7fd6d4160a2d1e6970b6d36ed3afb8f3b45d838edcde8519febdacd4150b059b
tencentcloud-sdk-python-vpc-3.0.1133.tar.gz,2024-04,benign,CLEAN,0,0,62,76,6acd4bc4b25dc138d3f8e90f472a442a4de548f88700ff1c89c55e02937bfd9c
types-aiobotocore-timestream-write-2.12.3.tar.gz,2024-04,benign,CLEAN,0,0,53,76,6519d5f0015f7264fe0b86ea355f85b72b6b66a44363ac9dadad307479f8040a
tencentcloud-sdk-python-smh-3.0.1134.tar.gz,2024-04,benign,CLEAN,0,0,61,76,974f0c9452a0940dba978ee3a1204c39ab251fefb9e7476bc1168a19fed59a99
pyiqa-0.1.11.tar.gz,2024-04,benign,CLEAN,0,0,62,76,5ead5cbee5ca7070f7f893f2e0c0ed025b8ab1d14c7918130b5fdc64a951760d
botocore-a-la-carte-customer-profiles-1.34.80.tar.gz,2024-04,benign,CLEAN,0,0,53,76,e9d2e2529ae64e81b6000a3ae3bc5ccecd0ae56a02b2a94227da729e4e1ce2e0
tencentcloud-sdk-python-cls-3.0.1139.tar.gz,2024-04,benign,CLEAN,0,0,53,76,db48a564527e513f5b14ff2b9a17ae160f329852ff68d1e313ee79d181f42426
whylogs-1.3.31.tar.gz,2024-04,benign,CLEAN,0,0,62,76,d112f006233bb8fd0c34807929c79aecd1aa6b71db7144c4fe233c73aed44165
mo_dots-9.600.24114.tar.gz,2024-04,benign,CLEAN,0,0,49,76,2fdc0e5d1a63b4ee86a46f90e138739c1df832927a57c7c5ba13a8367167f8cc
pulumi_kubernetes_the_hard_way-0.0.21a1713826115.tar.gz,2024-04,benign,CLEAN,0,0,62,76,e439721c31f82388fadaef623ca08e0bbf6343783f01653648cacf18a80ab0f5
jgtutils-0.1.49.tar.gz,2024-04,benign,CLEAN,0,0,62,76,059cfd4c237f0ad36843ceb05c76b0447a47d2c1f1a8c748f6bb03c3d86f056f
aliyun-python-sdk-slb-1.0.0.tar.gz,2024-04,benign,CLEAN,0,0,61,76,4eccd3969537d8fb3aa659eab88844d24f0657ec023ff21ae611694fa70061dc
jgtutils-0.1.55.tar.gz,2024-04,benign,CLEAN,0,0,61,76,2960c1c5a1564cb6fdaab3f529f450d3e4aa50a10a8572ff1e2da039f14a9489
flytekitplugins_pod-1.12.0b7.tar.gz,2024-04,benign,CLEAN,0,0,62,76,964896c3af2127c42db525c37efa70240031ca4667de154e2b4dac993d85925d
botocore-a-la-carte-timestream-write-1.34.88.tar.gz,2024-04,benign,CLEAN,0,0,58,76,dc9cd054ae8209066cc1f552a848b19cf1d4959432e79df47f92f1879289b016
cdktf-cdktf-provider-google_beta-13.14.0.tar.gz,2024-04,benign,CLEAN,0,0,49,76,153eb13fc0b7abb61940d11ee86841749655d73583917779fe1dc9f9558de32a
hypercoast-0.0.3.tar.gz,2024-04,benign,CLEAN,0,0,60,76,f3deb126f2b330b74030fcc07a3e8f4355a152282a8ba14f164f8d3e60d3d4f5
poxy-0.17.0.tar.gz,2024-04,benign,CLEAN,0,0,54,76,eaca502d8268e733b79d12015776bb2f871725f2bb31009f056f176f03a3f3a9
broadlink-0.19.0.tar.gz,2024-04,benign,CLEAN,0,0,62,76,8bdf068fb7a539e2ea544ffd752266b8a6bb7d99ce20b0a3327acbd22cc59805
cloudpss-4.1.1b9.tar.gz,2024-04,benign,CLEAN,0,0,57,76,a42a796a6da5436087586e786f881638b716a299b79954d880b7c87bd25f6394
botocore-a-la-carte-mediastore-1.34.80.tar.gz,2024-04,benign,CLEAN,0,0,61,76,c27de3c90336d49b17198f5ffd15cd5e2e05771d5541961b8c2f27ef9a364174
botocore-a-la-carte-rekognition-1.34.89.tar.gz,2024-04,benign,CLEAN,0,0,58,76,100930a5d9263227a9022aec4d43070ec14e588ae3ac193c865bf0785b5c95b3
botocore-a-la-carte-bedrock-agent-1.34.81.tar.gz,2024-04,benign,CLEAN,0,0,62,76,28f5cfb7aad5ef28ed816a0bf170c7b3dff3d4e227ddebb5df0f2c7de79ec953
figaro-1.6.3.tar.gz,2024-04,benign,CLEAN,0,0,62,76,940a6b4051cecbcbaa9f331a64532d4facb50534a963e4bfa28f3ecf81292118
botocore-a-la-carte-dlm-1.34.83.tar.gz,2024-04,benign,CLEAN,0,0,60,76,84b659b52e37c925d9cb8325af8044bfc2e9d90e7c8a1123b6ce285d84af4ac1
pulumi_kubernetes_the_hard_way-0.0.20a1713756038.tar.gz,2024-04,benign,CLEAN,0,0,60,76,701e1c6856fe70eeae453d12692efc8217d6cf000bc06bfc3743274efd2ca1ed
pytest_embedded_serial-1.8.2.tar.gz,2024-04,benign,CLEAN,0,0,62,76,62b4d7def1becd9f34b07347d1e1fdb797274fe72b5d3014370a0c72480ffc35
websocket_client-1.8.0.tar.gz,2024-04,benign,CLEAN,0,0,62,76,916158598dd6735fd895cd0c5298901b3066128ba058bead4c8e2eced918ce6a
tencentcloud-sdk-python-gpm-3.0.1129.tar.gz,2024-04,benign,CLEAN,0,0,62,76,9c23b1d3976a8c2f407edfe0068d6bdf67fe28f2d12e0385538afcaeacb959a4
homeassistant-2024.4.4.tar.gz,2024-04,benign,CLEAN,0,0,38,76,a5abcce37d27f1e5c4a708aecbecddb2a00c8b7b73d195ac7bf5d99eb0ff1e19
syntaxlight-0.1.38.tar.gz,2024-04,benign,CLEAN,0,0,62,76,82bb8616d6f1317594b621bfa92b8905e9b25aa5f1663ac43e327a5883d0a2bd
botocore-a-la-carte-macie2-1.34.85.tar.gz,2024-04,benign,CLEAN,0,0,60,76,7bd95a7de59f52c3f581c33142733f81a219458c59f6a8c6542a295ee6393f9d
SQLAlchemy-serializer-1.4.11.tar.gz,2024-04,benign,CLEAN,0,0,60,76,523e71d7fcf158a2c25ba10603ab2479a22ba7c8418bbd2f5968d2ee8eedd892
winrt_windows_devices_haptics-2.0.1.tar.gz,2024-04,benign,CLEAN,0,0,62,76,17dfefbb8291fe0a7ff4c68f0ec16f1784276d5c0a9889ab62af78399e66585f
botocore-a-la-carte-redshift-serverless-1.34.77.tar.gz,2024-04,benign,CLEAN,0,0,61,76,e6b86e4dc205d8809742b573c83f23d2085722b92c3a9d52b9d372bb15733397
botocore-a-la-carte-s3control-1.34.88.tar.gz,2024-04,benign,CLEAN,0,0,62,76,69668acaf843c42ff09a0a18adb281f2fb3fc24f85c10ca4e7e499cda617daae
botocore-a-la-carte-tnb-1.34.85.tar.gz,2024-04,benign,CLEAN,0,0,61,76,560bc141ba71eb71ba250525f868c6883895f87d355c1c18054f5d981cfaf8f9
tencentcloud-sdk-python-tcss-3.0.1128.tar.gz,2024-04,benign,CLEAN,0,0,61,76,ae48686c232b06c2455354fea21c3c0152f74f2b957d180e559f333d558d0c52
tencentcloud-sdk-python-3.0.1127.tar.gz,2024-04,benign,CLEAN,0,0,61,76,cfc51d037ada5db9234b6c8653eabc84b8aaa28fd0ac3d906344073130553265
botocore-a-la-carte-sagemaker-1.34.89.tar.gz,2024-04,benign,CLEAN,0,0,62,76,5915f4983b5ff0715736eed528ef8c50784d991b2ac1a8392c61d48a0646cab0
trame-client-3.0.0.tar.gz,2024-04,benign,CLEAN,0,0,62,76,9d4c8ed86f49c79341c0e16f68ee5b4f4dae2fc387d72d531cd8a798e549cdbf
nbsite-0.8.6a2.tar.gz,2024-04,benign,CLEAN,0,0,62,76,1320b0a790bfe624f1df93a1120ce432bf64b9226152a2ef0bdfa859030826ef
aws_packages-0.0.22.tar.gz,2024-04,benign,CLEAN,0,0,62,76,921ed934af277f508a964030e23af2405d87c831cfb1dfb5e885a694f5009ee4
meross_iot-0.4.7.0.tar.gz,2024-04,benign,CLEAN,0,0,62,76,1da2d21fd69393eb7a27513fcbe8a3390005871aa7cc55b198a56dfb3b30d2f7
jupyter_ai-2.14.0.tar.gz,2024-04,benign,CLEAN,0,0,58,76,bd1de8b3ac29e1e1c3f7f3c0f72fcb7c098bfda7eca7bc4d0b4640e25a0eaed5
tencentcloud-sdk-python-memcached-3.0.1128.tar.gz,2024-04,benign,CLEAN,0,0,62,76,af72bbf2d62d6b433ca72aacf67c4ddbed57866b0f8afc0d97d9c7c0a3895151
css_inline-0.14.0.tar.gz,2024-04,benign,CLEAN,0,0,61,76,75a1e55a915aafa270213acea005d16097633c69b303757d39cc0a86cdf8ae30
nrobo-2024.38.0.tar.gz,2024-04,benign,CLEAN,0,0,57,76,5acbdf9f7658955267b169ad8176de5521443c67ca79e41e07fb8b18f62e4ef6
surfkit-0.1.82.tar.gz,2024-04,benign,CLEAN,0,0,61,76,2c3b2baf2761b16b15107c0f5d21345bcf83857f63235c6f8699e5632226ee40
esdbclient-1.0.21.tar.gz,2024-04,benign,CLEAN,0,0,62,76,7658c13795c99d7b22ba672567f4762d79800a83ad6ab4248bdae45c8de2c08a
openai_to_sqlite-0.4.1.tar.gz,2024-04,benign,CLEAN,0,0,62,76,89a43b8ef35912d19502852b7e404189b8f1f0071808bd5ed947808fc50beb4c
composio_autogen-0.2.4.tar.gz,2024-04,benign,CLEAN,0,0,61,76,06689105e993781eb45fe15c1f218d3a071b6f195ab18b33b7090420eb59ac09
pyodide_mkdocs_theme-0.1.2.tar.gz,2024-04,benign,CLEAN,0,0,62,76,2592f75feb41d26db9512160a519b85fd81c45cd99c0c8b7a4583f3d2ff99044
curies-0.7.9.tar.gz,2024-04,benign,CLEAN,0,0,60,76,48531de268382c655537677472d040ea5a5ddc76e9cdbc3b59a36d4a97fed0db
vantage6-algorithm-tools-4.3.4.tar.gz,2024-04,benign,CLEAN,0,0,62,76,a04c6f0bffc8703facda142a94e826080a296e8da534040de130ad3177d343d2
parea_ai-0.2.138.tar.gz,2024-04,benign,CLEAN,0,0,62,76,7568d6932a8ebc2e4f8a781a576ac4444cefa5436e2c3bc68373bacd409c65df
capellambse-0.5.57.tar.gz,2024-04,benign,CLEAN,0,0,62,76,f7df0f1d30a4af63e442bb6a38f2eba1a0b7d4835d41b329ecff72e2ce57fa8c
kaggle-1.6.12.tar.gz,2024-04,benign,CLEAN,0,0,62,76,3517116e8b9d9628b212e2bad9619e8def5265e6499da76f25e1b59c52e37037
tencentcloud-sdk-python-mongodb-3.0.1133.tar.gz,2024-04,benign,CLEAN,0,0,62,76,c119dfe61fcc7652964facabe48bdc370489809623999eda0ea5707b3f964651
satellitevu-4.6.0.tar.gz,2024-04,benign,CLEAN,0,0,61,76,8ff773107b035bb46e40250ac23795ae2f285e4dce6f117098bd5b1675a03ed3
netdata-1.2.0.tar.gz,2024-04,benign,CLEAN,0,0,57,76,a360da748c9b68218df2e2d26c93533eb62fd8b1f102a22b358cd3efad1fb12d
ophyd_devices-0.29.1.tar.gz,2024-04,benign,CLEAN,0,0,62,76,86ce81a513e4ae3492ed858edd62deffae8672b36fdf50a804dec9febce96f80
elevenlabslib-0.22.2.tar.gz,2024-04,benign,CLEAN,0,0,62,76,34b00e6dc0dfd7681cb41972d82bd1ace71ecfb97e3c543b7dedaacd3a0943bb
langchain_core-0.1.39.tar.gz,2024-04,benign,CLEAN,0,0,62,76,30bc29430420b75f8d5e22821c5a2021cdfee42d73f9495ba9d8fe411d3cd819
pulumi_external-0.0.4a1712727133.tar.gz,2024-04,benign,CLEAN,0,0,62,76,0f79c172b2efff3950e6790e94e6ab1bd35f6b34b50a3c1673c54cd5b6dc8fa0
pyjamas-rfglab-2024.4.4.tar.gz,2024-04,benign,CLEAN,0,0,58,76,aa77370d1186c2e988823a6712ecc89781f7d6e0ad53aa4cc2521fe3abe2141b
mlflow_oidc_auth-1.3.1.tar.gz,2024-04,benign,CLEAN,0,0,62,76,3e152dbbb7af7d768d2a3ce5d6bdaa341f7318ab2c8b37469c9a0322f0a03157
botocore-a-la-carte-s3-1.34.88.tar.gz,2024-04,benign,CLEAN,0,0,60,76,da68884033c4a7f5688364b2d5e497142a6edea4da57fd03923d37b69744b6da
cdk8s-awscdk-resolver-0.0.89.tar.gz,2024-04,benign,CLEAN,0,0,58,76,1a225277c1ba51c2edc3889940b18341770f56ef31478ad94696e6db28f5b461
sunholo-0.39.1.tar.gz,2024-04,benign,CLEAN,0,0,62,76,d995e13c687b0353cc3bd7e93b99f7e65d0b5f326bd1a3c7805b92032692adea
pyais-2.5.6.tar.gz,2023-07,benign,CLEAN,0,0,60,76,aca073b9625f7c2c2c30692d2a21f1b9b3f8dd5e8ad14a6063c5329c17c8318d
qalita-1.0.14.tar.gz,2023-07,benign,CLEAN,0,0,62,76,4b1639933839c2cee18901e03bee3dd80e10192027f54113d63c509bc74de903
recordlinkage-0.16.tar.gz,2023-07,benign,CLEAN,0,0,61,76,c351dca367efd337ce289d0ee78cac3cd136efbc3a81a67d6d6c7108ceacea9e
relevanceai-5.0.5.tar.gz,2023-07,benign,CLEAN,0,0,62,76,05f575f5ed405796e461baaa6e18134273b5e95571139a0ad22580db3b4e4aec
spanishconjugator-2.3.5362.tar.gz,2023-07,benign,CLEAN,0,0,62,76,c9a9fe255fb711f4187417f1ab445046e9177bf46ab11ebe91a94bffb0dd5002
tencentcloud-sdk-python-cdwch-3.0.935.tar.gz,2023-07,benign,CLEAN,0,0,61,76,0efcdbc7b6d01c28534a2c2f233f3aa1ecb6fa76e769906efe3093764b727089
tencentcloud-sdk-python-cloudhsm-3.0.943.tar.gz,2023-07,benign,CLEAN,0,0,60,76,779d2075a4212cec480c49639b40c5e6cdbef468f42129ee7a7e5c5a40743911
tencentcloud-sdk-python-domain-3.0.939.tar.gz,2023-07,benign,CLEAN,0,0,61,76,bd2744dfc09948ad65070ee738a06655fbcdc38e4849af2128556bd59e88ec94
tencentcloud-sdk-python-sts-3.0.932.tar.gz,2023-07,benign,CLEAN,0,0,57,76,8f1eedf02cde9e5613913101a8041eb511e4c965b1462a981d12fb05186b2994
tencentcloud-sdk-python-tbaas-3.0.931.tar.gz,2023-07,benign,CLEAN,0,0,61,76,430c2d565aef729f962badb62bd82acd3d3b12649b1ea4def34eec53ce187eca
types-setuptools-68.0.0.3.tar.gz,2023-07,benign,CLEAN,0,0,60,76,1d04463038547a63d44f8435a89abed7e44000d75ffe2a8a2f7d0908bbfdc7dd
upstash_ratelimit-0.3.2.tar.gz,2023-07,benign,CLEAN,0,0,57,76,ef4aeafaf572a688d657a89b4382cb58b0f2f39905f7eb7b9edaab2b24f1e072
vector_quantize_pytorch-1.6.28.tar.gz,2023-07,benign,CLEAN,0,0,62,76,e9d7902bb8e5f325f64fd8307e6886c80b7b3e6731bdeb7463c98074ecae7a5d
vision_datasets-1.0.2.tar.gz,2023-07,benign,CLEAN,0,0,62,76,e26da943bcad826955644be6e7635b73265ff82ecf56f9047da8fbd15aafab0a
ado_asana_sync-0.8.0.tar.gz,2023-08,benign,CLEAN,0,0,61,76,5b1da5c03c1a0cc7b79cc1b2c00e445d923907c9e8ac6fb9031678dcb9e71dd4
astro-sedpy-0.3.2.tar.gz,2023-08,benign,CLEAN,0,0,62,76,0fc8afeaf9389a61800cfbd4853cc70446e0cf1f30e35f832121b7495a180ed9
autogluon-0.8.3b20230820.tar.gz,2023-08,benign,CLEAN,0,0,61,76,ee1a0f1b970839bd0173117d903e118083e0906847d92196afbfd92395a6aadd
aws_prototyping_sdk.open_api_gateway-0.19.58.tar.gz,2023-08,benign,CLEAN,0,0,62,76,ef9676161eb9302cfd4aacd1f84164b6c51962f20df279d34fac59803de3784d
bec_file_writer-0.17.0.tar.gz,2023-08,benign,CLEAN,0,0,62,76,a04410ca928f6f66d77d985967b6f607f3bdc64676fb772d3f2e3f81df2717d0
botocore-1.31.24.tar.gz,2023-08,benign,CLEAN,0,0,61,76,b8a9e532efac6bdb15576927963c465235473d2fc03aca533217ece8012e3cb8
botocore-a-la-carte-kinesis-1.31.24.tar.gz,2023-08,benign,CLEAN,0,0,62,76,49c9050cefa931ecd02441e729d95e6cee60db47b2dc31500c1a2d73e1673fb5
botocore-a-la-carte-lex-models-1.31.24.tar.gz,2023-08,benign,CLEAN,0,0,59,76,b9b0efd317d6241ca3c23e55896f9a9fb1ecbc8fde2ba785dbd03335a76c647b
botocore-a-la-carte-macie-1.31.25.tar.gz,2023-08,benign,CLEAN,0,0,55,76,99580eea7183aa94119b7ef3acb13cab2eb6a1da28a2aa8910fe98afdb323cb8
botocore-a-la-carte-signer-1.31.18.tar.gz,2023-08,benign,CLEAN,0,0,54,76,bf8e9fbbf497e428dc6df95f62b9f6f592fbc2209813627552d9d3250a5fce7f
cmake-3.27.1.tar.gz,2023-08,benign,CLEAN,0,0,62,76,c1ec54bada6c1093cc6ab7fa6b5ddd5b1be3e58b8ebc7e5ab754eaafafa4b3f6
esphome-2023.8.0b3.tar.gz,2023-08,benign,CLEAN,0,0,61,76,c4d1e8665615f7af0285a40ab41b05c921cec589698bb5861df70896a54cfc26
grimoire_elk-0.108.1.tar.gz,2023-08,benign,CLEAN,0,0,62,76,a16e25d4bccb54f8a41c2abafdde4f2b027757aaa928a39f629085e205eb5918
large-image-source-tifffile-1.23.3.tar.gz,2023-08,benign,CLEAN,0,0,62,76,21cc9794afc8fdb984e92f9801a55b4ece79e09f97a917acf7b1d2db3ed38f96
luminesce-sdk-preview-1.13.265.tar.gz,2023-08,benign,CLEAN,0,0,62,76,fcf2c6fff43cd822103a341bdd323db46ff85e51c93b13eadbef1f909845fcfa
meeteval-0.0.0.tar.gz,2023-08,benign,CLEAN,0,0,62,76,2cff82c2062f306fc820329b0667b925402b2b068e4ff811c644c7a4c00cfb36
mkdocs-mermaid2-plugin-1.0.8.tar.gz,2023-08,benign,CLEAN,0,0,62,76,755a21824a1749f52843bde368944af2a3a7d02924fc50066ff953dda9861e88
mypy-boto3-identitystore-1.28.36.tar.gz,2023-08,benign,CLEAN,0,0,62,76,4a930a222c4144b81cf8617927a2a6878ab786dc0a51cbea74a3dd934309789f
nbdev-pytorch-0.0.941.tar.gz,2023-08,benign,CLEAN,0,0,62,76,5be6fb766c12921ead02f1fa82761a4fea05af8eec155db1aa0671efaa94f590
odcs-0.7.0.tar.gz,2023-08,benign,CLEAN,0,0,62,76,edef8fe04abcb383389bdba91c1abf402ed1dbaff78f68851857744d203e731d
ofscraper-3.2.1.tar.gz,2023-08,benign,CLEAN,0,0,62,76,305c56c7c8bf8a91f5558e3c46dbd676b9d17eda2f5ecf87aea67806d6afbce4
openapi_python_client-0.15.1.tar.gz,2023-08,benign,CLEAN,0,0,62,76,8fc95174f5d7ef1ab572af2404408a1aaf71b24720e69a4bc041cf879c98cd92
open_interpreter-0.0.247.tar.gz,2023-08,benign,CLEAN,0,0,54,76,4d4033ce72604ef9c66d86d2ad4e80dc6cc84dbb001469807b0297e5d06bcef5
quasinet-0.1.46.tar.gz,2023-08,benign,CLEAN,0,0,63,76,9ed377dd078b7e9238c418b6b2aa54611504a1ada1d79f835eb1015e7d096d5f
rclip-1.5.1.tar.gz,2023-08,benign,CLEAN,0,0,62,76,c78c3765258c967cd89c62f0e05802c3abf8cd3f3edc5a445173507dd227377b
rubpy-6.3.5.tar.gz,2023-08,benign,CLEAN,0,0,62,76,856b11bde0b0bbd420b8f1b0df728a6c50b9e7992ff43472683cd465a8504d73
syslog_ng_cfg_helper-1.1.0.tar.gz,2023-08,benign,CLEAN,0,0,62,76,a0ca45b6a849bf92db399e2aabfef999ddd065a232e617bb02003f648d692fe8
tencentcloud-sdk-python-cloudstudio-3.0.953.tar.gz,2023-08,benign,CLEAN,0,0,62,76,45d62c94a7bfb2387014b8a9895486be135310b9945b442c2d73ddd6d18b858e
tencentcloud-sdk-python-ic-3.0.959.tar.gz,2023-08,benign,CLEAN,0,0,62,76,0562e54b190dc7152500daae233164df924a1df2a55daff67f5976101c528566
tencentcloud-sdk-python-monitor-3.0.963.tar.gz,2023-08,benign,CLEAN,0,0,59,76,300dadb086bd3cf97cbc2513407ffdedb40fcdb5cd93f467b4584d8e0821d2eb
tencentcloud-sdk-python-pds-3.0.955.tar.gz,2023-08,benign,CLEAN,0,0,61,76,10b7193243654f269ef4e1372970983317c082fa816b2d55a213176b640ba700
types-aiobotocore-discovery-2.6.0.tar.gz,2023-08,benign,CLEAN,0,0,62,76,87f068923a4bf61d68dbde16362e53cc9e899293e2436b8dbb641a17e2d36506
wdapy-0.1.3.tar.gz,2023-08,benign,CLEAN,0,0,62,76,2477fdca479f7a11d36f260816e228841fde1379caf5d6d6131bdd830a0eba7c
arch-6.2.0.tar.gz,2023-09,benign,CLEAN,0,0,62,76,1c098d5a70828c6f1d6c5f00e39b955a4cc9fdcb41341b920c2271bf11007534
beanie-1.22.3.tar.gz,2023-09,benign,CLEAN,0,0,62,76,60088ff5c233234cef6f4555cb87e0d23aa46eb0154ac120aa2a52913fa94b56
botocore-a-la-carte-kinesis-video-archived-media-1.31.49.tar.gz,2023-09,benign,CLEAN,0,0,61,76,ce6288f04b57123c88472c3a67d381a5c67bc672a3c53c14dae375d5e2f718c1
botocore-a-la-carte-robomaker-1.31.43.tar.gz,2023-09,benign,CLEAN,0,0,62,76,a3dd75fdeda8dfff1531772c4e4e0e0c88d3cf088f6f72e5e6343295bd801308
botocore-a-la-carte-s3control-1.31.50.tar.gz,2023-09,benign,CLEAN,0,0,62,76,0c598204da51b28b5618881098a51a56f7c904257ac8c38580214598bfa44d1c
botocore-a-la-carte-ssm-1.31.40.tar.gz,2023-09,benign,CLEAN,0,0,62,76,d0f0232f7a48b420cad86f863efc82063369ce251d4aaf3e7f7423f7d127d42e
cdklabs.appsync-utils-0.0.207.tar.gz,2023-09,benign,CLEAN,0,0,62,76,3ca53941b1d4df020fd8a636ba2e370a75c4ee2c1433ed0b58e60e740a82c8f5
cdk_lambda_subminute-2.0.248.tar.gz,2023-09,benign,CLEAN,0,0,62,76,7ffd683b62a6642ec4b7c9001653adb1cb7f7b7d53cf62fe035b82e495f2606b
climada-4.3.3.tar.gz,2023-09,benign,CLEAN,0,0,62,76,8ff19908444f7882765eb4a4dc1ec3c554fa61017dd81b109a2f6cfa43a531a8
cloudcix-0.10.6.tar.gz,2023-09,benign,CLEAN,0,0,62,76,66d0f3fa2d0433f06d6ccc8b547a5e418ce874bf3b206eabb489e933afffcd78
CodeMetaPy-2.5.1.tar.gz,2023-09,benign,CLEAN,0,0,58,76,4d27e5e8da3de9ab81ed8c5ea57dedd91745b3c8b4e6a60b7100a58937c7aef7
coretex-1.0.34.tar.gz,2023-09,benign,CLEAN,0,0,61,76,bbfbdace19fddfc4e3ef43c2fe52b1c2983041c10b27fd747f14b65e0efdeba8
dbt-tests-adapter-1.7.0b2.tar.gz,2023-09,benign,CLEAN,0,0,60,76,9ce78004adbcf687b2415321a12f388e8fcb7a8d718d9f993a262282495e587e
esphome-2023.9.0b2.tar.gz,2023-09,benign,CLEAN,0,0,62,76,64e7f3ae759c91a466f1651a74daeb3c2c2239406a9394a55ae22259b04f9360
featureform-1.10.2.tar.gz,2023-09,benign,CLEAN,0,0,59,76,6c9b9c4335fca04c9ec8d3bf64930c226bbc77142af2673d35c8f9ad30069a3b
flowcept-0.1.7.tar.gz,2023-09,benign,CLEAN,0,0,62,76,67846eb72856371901acfde423017109760ec7daeb6b33a0257502b4d4580a52
gando-0.2.19.tar.gz,2023-09,benign,CLEAN,0,0,57,76,5f86ad717ccbc152fe95abf12bc8c90b9a1cb41ad179c4edeee3554c04a0bc4c
goatshell-2023.9.15.1835.tar.gz,2023-09,benign,CLEAN,0,0,62,76,d2333d3cbc602209b2c99e6fd94f0cde12646f73913f4989665c362442b38912
hdn-research-environment-2.3.7.tar.gz,2023-09,benign,CLEAN,0,0,62,76,71aa458e41c8264b081342c9a422be75fb76fd559a4b98d75c5e400752d34064
horsetalk-0.14.0.tar.gz,2023-09,benign,CLEAN,0,0,62,76,6455141c093afd8a387067cc00e7935b2a3bdaa63f23dcd5f70e513042e526d9
import_db-0.0.248.tar.gz,2023-09,benign,CLEAN,0,0,60,76,a4bb83b35f85a941fb17fa5420738c8004fffbf140a1712a95ceb7492adbb28a
kalm-0.10.15.tar.gz,2023-09,benign,CLEAN,0,0,61,76,479a035107a9ff3e581f3170d7298e83edc9ea8ed87b0302f5aa409d6481cbc0
kalm-3.2.12.tar.gz,2023-09,benign,CLEAN,0,0,62,76,bc7f49ec6ca662921ae972941b7b39aa1d0399a0a9c7ba6d8ca2587a934f2f0d
lbt-honeybee-0.8.8.tar.gz,2023-09,benign,CLEAN,0,0,61,76,c9f516b065e37ca13d0381c28bb4cb9fd53b58aff0ba715ca9cf258cab651331
omnata_plugin_runtime-0.2.3.tar.gz,2023-09,benign,CLEAN,0,0,60,76,ebcaa6b497e42be68a93c62cfe2f18410437840696dc1a8cb8b89ebcf96367de
openpnm-3.2.1.tar.gz,2023-09,benign,CLEAN,0,0,62,76,23dfc9515640e09277ff22c09ec89712a30844b679b296e4dee526e345a9ed91
pycrdt-0.1.0.tar.gz,2023-09,benign,CLEAN,0,0,62,76,cd302747bbac5288422ca189472efef1b961c27f24d3a7d4fd368b3d46b3d860
pyobs_core-1.4.13.tar.gz,2023-09,benign,CLEAN,0,0,62,76,70b40ca33d6c64dccc5b7c089d803af77ffdd17573a91ae8dce3ad32db340dde
regula.documentreader.webclient-5.5.5.tar.gz,2023-09,benign,CLEAN,0,0,61,76,e25b15dacaf132172b2e4a1816c17f427885e2bb87baf0f121d57a61deec0f1d
retrack-0.11.1.tar.gz,2023-09,benign,CLEAN,0,0,62,76,7dda94c7a6b2c1d41c4a61d89793f7f263448fdfa0f7b0c8a9569cc2c0af5591
robotcode_modifiers-0.54.3.tar.gz,2023-09,benign,CLEAN,0,0,62,76,3be09f3d53096654a545c8e04b79153be237781cc5a287f80e242c56fd6a087b
ScopeSim-0.6.2.tar.gz,2023-09,benign,CLEAN,0,0,48,76,29e0f10077c9032068058ee9fe16b9f7bfd1bb1a047bac1c1b94c7201f9423df
spin-0.6.tar.gz,2023-09,benign,CLEAN,0,0,62,76,84b9e3a36df09c729d1704e1e3b42cf84d535cdd15430b5516eefd5f91301565
stacklet_client_sinistral-0.2.3.tar.gz,2023-09,benign,CLEAN,0,0,62,76,13831a0a5723409227849cf07dcf36203b3edff75a3f2a0e48d48643890b72c5
teamhack_recond-0.0.309.tar.gz,2023-09,benign,CLEAN,0,0,62,76,9a3e31f61b8cf2310d2d2d11392116320a8ce4d0cea91d69e1399f3bef8acd3a
teamhack_rest-0.0.209.tar.gz,2023-09,benign,CLEAN,0,0,62,76,2f62c40cb1504f9da54d5b891073b1b72ec78f52fdb048bc10ad271e9f3cc15d
tencentcloud-sdk-python-cam-3.0.986.tar.gz,2023-09,benign,CLEAN,0,0,62,76,4ff454442ee43ca415e8b32ee45e88b8994cbc62087cc989cd90e61ce4493e95
tencentcloud-sdk-python-cdb-3.0.981.tar.gz,2023-09,benign,CLEAN,0,0,62,76,e434f93d4817eaa6de37d21279fb881fdabd18eb595d4a6a4b361c2eb306adc9
tencentcloud-sdk-python-fmu-3.0.974.tar.gz,2023-09,benign,CLEAN,0,0,62,76,275f375eb93fd43fc7465954f02909c2e3a262f3fedf975a1e1faeb08696e2e3
tencentcloud-sdk-python-omics-3.0.991.tar.gz,2023-09,benign,CLEAN,0,0,62,76,a6405d8d626d39101ef278619dfc70e7065b48e61c17104d0f5ab9781428424a
tencentcloud-sdk-python-tci-3.0.974.tar.gz,2023-09,benign,CLEAN,0,0,62,76,b5e8f1603e8bcdd313be824719f1c97b4f364ae6fada1905588c63ba506aa631
unibox-0.3.1.tar.gz,2023-09,benign,CLEAN,0,0,61,76,d60a0435233324c646904d6b18db3de11c1e9085a7f224ed5f7e6adc8ed25b37
vdk-core-0.3.1004695785.tar.gz,2023-09,benign,CLEAN,0,0,62,76,2c1e4226d31e8f3f604c3159691b56b6df447c40bd40f28ffd201d3d401ac72a
vision_datasets-1.0.8.tar.gz,2023-09,benign,CLEAN,0,0,62,76,836e0af7f43bd1ffbff3f54ea21597adb974d641241f8e18b77762d381d9cbee
abstract_webtools-0.1.4.1.tar.gz,2023-10,benign,CLEAN,0,0,62,76,d2c413f56552c128f6e490ed659b078d92ea299b9f53309ed184e7721a1026ee
AppNexus-client-0.9.0.tar.gz,2023-10,benign,CLEAN,0,0,62,76,5d4bbf7afc2e936299b9cb90af2893a76b3d37a3f48f7e1340556f3dd369b940
armcnc-1.0.34.tar.gz,2023-10,benign,CLEAN,0,0,62,76,e52e495279fd0a941767cb490a4bff1883faf4867998460eebfc530a0e94aca3
autogluon.common-0.8.3b20231030.tar.gz,2023-10,benign,CLEAN,0,0,61,76,aa84e2fc4ef90e9cd5eadfc0b1b9751bd52af42ea7dbc08a8622e4f0b14bf6ac
botocore-a-la-carte-rolesanywhere-1.31.67.tar.gz,2023-10,benign,CLEAN,0,0,62,76,ac1650f3941ac9032c0ae8069093b642f69f1e0c69e6a4a0758aeb87220698d4
botocore-a-la-carte-simspaceweaver-1.31.62.tar.gz,2023-10,benign,CLEAN,0,0,62,76,f4e6c38803468d3358178e1e77e108b42ba06d71716acd5de1be4386b38946d1
cdk-skylight-1.1.292.tar.gz,2023-10,benign,CLEAN,0,0,60,76,344427d901698092637d728c7c05f50154c5a5e07c85b96d8688ae7dc78b294e
dxsp-6.1.7.tar.gz,2023-10,benign,CLEAN,0,0,49,76,15de0c92154bc8d41f188d0e8011e7660891ffb326502121f190676484702fea
encoded_core-0.1.0.2b3.tar.gz,2023-10,benign,CLEAN,0,0,61,76,79c83f5f1d013093d848c2f579f481a13d9a1eb394b9f3439ae7252877e1322b
idds-website-1.3.26.tar.gz,2023-10,benign,CLEAN,0,0,62,76,e0dd9f88627cddfd66c92b1bc576b44216771623348e8b0c96b181a95761656b
inventree-kicad-plugin-1.3.0.tar.gz,2023-10,benign,CLEAN,0,0,62,76,80e3f388b7fb4d7be949976e2a1584c414c1202058b14460a4a9b926a9928ea1
lamindb_setup-0.55.2.tar.gz,2023-10,benign,CLEAN,0,0,62,76,fcce6ae733c953c5f5ba5190de1f524c48767b67c7b2d5546a5f71c5e3249d7a
mal-toolbox-0.0.11.tar.gz,2023-10,benign,CLEAN,0,0,62,76,fd48a45604947b7ea8cf336ca30c5e97b4d8f0d4ae79b7048d422d6060562818
pepperize.projen-awscdk-construct-0.0.625.tar.gz,2023-10,benign,CLEAN,0,0,62,76,9ea3550f5e01ce35972cbb85ba5dcaed2dc4b428bdc2da886565bf6524ed30b5
pip-23.3.tar.gz,2023-10,benign,CLEAN,0,0,62,76,145f42a39bcc4285642a02593c0fbcb23ad177f13cae9700840d6aee14c0d48f
pulumi_splunk-1.3.0a1698440929.tar.gz,2023-10,benign,CLEAN,0,0,62,76,e32ec78233a21ab7e612a7fd8ef93b1967d907983b85610da1451840db5b2565
python-documentcloud-3.7.1.tar.gz,2023-10,benign,CLEAN,0,0,53,76,cfabca7e1671de4a3b1ba85cd1ef57c3c7a120d1772507640ec9e972101dab2d
rdopkg-1.7.0.tar.gz,2023-10,benign,CLEAN,0,0,60,76,63d5d497d67642d67a3cb48fc448b34b2e1c67ab6127b1846605ef72a227f4c6
so-ml-tools-0.1.78.tar.gz,2023-10,benign,CLEAN,0,0,60,76,f10e9332d442a5b4b93e6ffb72e485556ec64f1f012f87dfa80c4f55e8d4cd37
teamhack_db-0.0.559.tar.gz,2023-10,benign,CLEAN,0,0,58,76,e1158f628a84abf2db1ecd24203cbf6bb8bb8a1fae0ebe09e0010f653627121e
teamhack_dns-0.0.1355.tar.gz,2023-10,benign,CLEAN,0,0,62,76,5f34a1f586338a6e682af84c81562200b4e1221dff5ed4c91a967809f5d032ad
teamhack_dns-0.0.413.tar.gz,2023-10,benign,CLEAN,0,0,62,76,45c35638ffcfdc2d0f8db35d575cf04051e5d32974b3cd4de3e5d4ed85afa57f
teamhack_nmap-0.0.1269.tar.gz,2023-10,benign,CLEAN,0,0,61,76,5967a0f0c2625173ea1133f5eea5ab4266d72ea3939b11b9c70d0383b0761b62
teamhack_nmap-0.0.463.tar.gz,2023-10,benign,CLEAN,0,0,61,76,bdda49d51baa78d52c1234fa980df1e5ceaa347dcd94e188df7092f873def696
teamhack_rest-0.0.501.tar.gz,2023-10,benign,CLEAN,0,0,62,76,781174ee10ce5b6dc816e8dc7ad6d95a8298f5994d9d992dc99a527c6b98a145
tencentcloud-sdk-python-bpaas-3.0.995.tar.gz,2023-10,benign,CLEAN,0,0,57,76,e887796251cacb30965080d00762fd3077beb93531e925da0d69add1a4969361
tencentcloud-sdk-python-live-3.0.998.tar.gz,2023-10,benign,CLEAN,0,0,62,76,7ccc0d234883c928b2c8a457db6c6795f7d1f1e021bd22a6858926ead36090da
titan-iris-0.37.1.tar.gz,2023-10,benign,CLEAN,0,0,62,76,b7929cf917a6e484212c12f845be506c93df352cd84678445e95051f9068af0f
tmdbapis-1.2.2.tar.gz,2023-10,benign,CLEAN,0,0,62,76,0aa3c8de846f8e5fcc650514123d63e40a9a62a9e0d0b344b4be7f19cc4c978a
torchsnapshot-nightly-2023.10.22.tar.gz,2023-10,benign,CLEAN,0,0,62,76,a2e9aea4a19f0e61a4b4014aa866c20b02c6b5354d3866670230f49f41d6efc0
alpaca_eval-0.3.5.tar.gz,2023-11,benign,CLEAN,0,0,62,76,9bc72c9b79cd806ca91d2f4eecf955169cd9b8a3fbc44d931b4cead42d2075e2
ansible-8.6.1.tar.gz,2023-11,benign,CLEAN,0,0,47,76,432eb63fe1bfefd9aa2a05bd957ed98a88cc287c12f38bcffd046d8f26d24b65
baml-0.3.0.tar.gz,2023-11,benign,CLEAN,0,0,62,76,82185032c4062055bed25ef3323902be28c7f1530c317e24204998445ce64589
bec_scan_server-0.42.9.tar.gz,2023-11,benign,CLEAN,0,0,62,76,bac0ac85790143bcdcddde0078980ec7fb2d9c0192be231bec4ef2ef01f8176b
botocore-a-la-carte-account-1.32.3.tar.gz,2023-11,benign,CLEAN,0,0,62,76,7aadb125adbdaff18a767612745d9d2dc5efab82911dc237bdbcb6f9b18441fe
botocore-a-la-carte-autoscaling-plans-1.31.85.tar.gz,2023-11,benign,CLEAN,0,0,62,76,928092c5b71699adc3754bb717ae5a7d408e60c8f1497d74d63fe94347e2ebf9
botocore-a-la-carte-codecatalyst-1.32.5.tar.gz,2023-11,benign,CLEAN,0,0,62,76,e478d41e7972e8cf7b4b8e64183c200ce020545dd6c91ee313881cac1328db41
botocore-a-la-carte-elb-1.32.5.tar.gz,2023-11,benign,CLEAN,0,0,62,76,896839aaebf44c50657ed99f4a6b9ed47e106919ed6e24a65990b4d13a8bcff2
botocore-a-la-carte-es-1.32.1.tar.gz,2023-11,benign,CLEAN,0,0,62,76,e10dcdae0e3d345419323ddb36ad273b5520a4aebdbe53d5d83f3a2c203bd9bc
botocore-a-la-carte-iotevents-data-1.31.79.tar.gz,2023-11,benign,CLEAN,0,0,51,76,1a912d5f0bc94130c9bd32cf463cf43faf85d78e6423e0468359404e3069e8e5
botocore-a-la-carte-marketplace-entitlement-1.32.6.tar.gz,2023-11,benign,CLEAN,0,0,62,76,e5c7bba37927994da1e3c785cb726329fdf6f3ccb024036a19242a634be0c451
botocore-a-la-carte-neptunedata-1.31.83.tar.gz,2023-11,benign,CLEAN,0,0,62,76,99fc6025715bb686d9bbc0b7fa69c4effb7561ff710ae300551af7ea8d762f3f
botocore-a-la-carte-s3control-1.32.2.tar.gz,2023-11,benign,CLEAN,0,0,62,76,e2df2a148849e63f5d0d978f85da531d94314eda9a2ea52d26d6a3fc479c4bc1
carbontracker-1.2.4.tar.gz,2023-11,benign,CLEAN,0,0,61,76,1711b772b66c8e42d48ee17b76154cb94e075feb68039ba215810cf70df8bd60
cdk-docker-image-deployment-0.0.426.tar.gz,2023-11,benign,CLEAN,0,0,62,76,b5ea7faaede58cea1eba4527c822a9a25418d43880486bbba400eb430cec9ee4
cdk-secret-manager-wrapper-layer-1.0.469.tar.gz,2023-11,benign,CLEAN,0,0,62,76,be9eb58efc416e1eb18409bf40a478696a4107dfc0fc533337a0d903e83064cc
cdk-wordpress-0.0.766.tar.gz,2023-11,benign,CLEAN,0,0,62,76,c51c6ee94e4ca1000aa292bf5fbc35af8e8925cfdeeab46f861a8503b9cb8059
denmune-1.17.7.tar.gz,2023-11,benign,CLEAN,0,0,61,76,4300844959aa002911d5fef0c8f16b919457dba1f5a89e82aab87df2ad57e77d
edc-metadata-0.3.76.tar.gz,2023-11,benign,CLEAN,0,0,62,76,f81901d096fd352a18be650147c4ec59b25354a1b1482a5c1db6861eab6bb944
esentity-0.2.161.tar.gz,2023-11,benign,CLEAN,0,0,62,76,9e594a699d3fc77e86e215d851f9c600195fab9423015bc56fd365b9275cf355
google-cloud-deploy-1.13.0.tar.gz,2023-11,benign,CLEAN,0,0,62,76,9399e18c1d3e54eed22d044ecf298a52eb0448cf8f4ff08268a42860ee2dc478
gpt3discord-12.1.0.tar.gz,2023-11,benign,CLEAN,0,0,61,76,a5a79d71314021d3602ec6b1e266dcc85b6a17d08410c4d56d879384680efa16
hagworm-5.8.0.tar.gz,2023-11,benign,CLEAN,0,0,62,76,3588f4ad6d8dfe49adb3ac558add50a50aa438d76991359a8902eccc06a215fa
lilac-0.1.14.tar.gz,2023-11,benign,CLEAN,0,0,62,76,abcaeb8956b23cca103ed7eb368e9e2ccd9fc0aad3382711a1c2faa1f37cfead
mqt_ddsim-1.20.2.tar.gz,2023-11,benign,CLEAN,0,0,58,76,7eba4894336a3bea108fefeb5bf169e8196a02f8083e9f580c10a65ab1413a5d
mypy_boto3_builder-7.20.0.tar.gz,2023-11,benign,CLEAN,0,0,62,76,a478deea3e49ca11832610a865b046b403da824b8d36f6f07640786e3f490354
mypy-boto3-pipes-1.29.3.tar.gz,2023-11,benign,CLEAN,0,0,62,76,1b50a0939ec6d4516c4ca55ee940d60ffc8bc09b02388b66089a20ffe8b1b6f3
namer-1.15.0.tar.gz,2023-11,benign,CLEAN,0,0,63,76,790c8c119e5ee95cf03257ed75391f71f5637ba3f2d8bc837a4c0bca995d523c
nbdev-scipy-0.0.1132.tar.gz,2023-11,benign,CLEAN,0,0,62,76,741b73a5d60dcf8645b8f7186f4bcac1a2a37d260d39126b0be2cac1a8e2cea8
pyxml3-0.0.4.tar.gz,2023-11,benign,CLEAN,0,0,62,76,d4210a0e19681d12eea154ff60ac087aec5dc7c5f11bf21e07aa4a909cb03742
smp-0.1.6.tar.gz,2023-11,benign,CLEAN,0,0,62,76,b4018bec3ce3c3d0eb0171c5488e3e351f9090373c23ce31fd4bfe909189ef07
tccli-intl-en-3.0.830.1.tar.gz,2023-11,benign,CLEAN,0,0,62,76,c85caa768dbad0136b4ab33b79eca0cff3401b04951517700c83507ff2da7562
tencentcloud-sdk-python-anicloud-3.0.1025.tar.gz,2023-11,benign,CLEAN,0,0,62,76,d7b8779b374b8d1fe90ea9836f57db5f6aeb46dd3ef75347bc13e1b0681bf8dc
tencentcloud-sdk-python-fmu-3.0.1018.tar.gz,2023-11,benign,CLEAN,0,0,60,76,0eb4e8035e4815e38636f299d5b708791b345e90c44c47bfb811de8af0928e98
tencentcloud-sdk-python-ms-3.0.1034.tar.gz,2023-11,benign,CLEAN,0,0,62,76,38f685f99fe302d280655e3502aceb1c7e9d048d8ff9dcd24091a8ca8812543a
tencentcloud-sdk-python-ses-3.0.1027.tar.gz,2023-11,benign,CLEAN,0,0,62,76,50809b8ff1c0714433deb7be0c2e1f1b4a9dd95feecc391a765f8f8fe3d2188e
wikitextparser-0.55.5.tar.gz,2023-11,benign,CLEAN,0,0,62,76,4c5b3c7ccdf551bbc549147bc871b79190f9837efe6977f9c0bf7e38096710d3
afeng-py-tools-0.0.33.tar.gz,2023-12,benign,CLEAN,0,0,61,76,7059bda9c61ff330c691dcfe6e0bd30da12b2b5b5bb14791ee5187ef579f6b9a
botocore-a-la-carte-batch-1.34.9.tar.gz,2023-12,benign,CLEAN,0,0,59,76,de078fdb9629731f8054ba2db253132d6692e6f386c9a247169229b483fbbfb2
botocore-a-la-carte-billingconductor-1.33.6.tar.gz,2023-12,benign,CLEAN,0,0,62,76,bf4f5b420b32e230faa5f39a7d56ad189e2652c5826d2b5ec7d0722402c74421
botocore-a-la-carte-inspector2-1.34.9.tar.gz,2023-12,benign,CLEAN,0,0,62,76,f2135989b867610fd4dfd1da2b9bce2b0998dd6b4caa56ac2806f1b19be24374
botocore-a-la-carte-meteringmarketplace-1.33.5.tar.gz,2023-12,benign,CLEAN,0,0,62,76,5910724c4ca0b82d9ad1707750520e9cd1a06361b1b56b5ee54763d12de74b92
botocore-a-la-carte-pca-connector-ad-1.33.10.tar.gz,2023-12,benign,CLEAN,0,0,62,76,00b56672cc157a4b5a950c9b87b4c79baaa9a502941d96d745eeba674caeccdf
cdk-wordpress-0.0.772.tar.gz,2023-12,benign,CLEAN,0,0,62,76,fa29755f53cd831e0e5711ea136be8721aa498715a128afed30c2b6bdb36b694
cybrid-api-id-python-0.113.9.tar.gz,2023-12,benign,CLEAN,0,0,62,76,e7e28befd5336e3894be97dafe48bc5feafeb0dcb85225ab9480baf169a6a5e0
DIRAC-9.0.0a18.tar.gz,2023-12,benign,CLEAN,0,0,62,76,b215aab5beda361205aa9e8120a0867f51aba4cbcd4ee27526f818255e597be5
fake-bpy-module-20231219.tar.gz,2023-12,benign,CLEAN,0,0,60,76,39af124e29bdb562a3392db736552584fea2d3d6325e093dc457a37a58c1071b
finbourne-access-sdk-0.0.3556.tar.gz,2023-12,benign,CLEAN,0,0,56,76,de4a49cf36e604b19aa350c237620602d09f0c83e2c0ea0345b56c4e08f88d5a
flytekitplugins-dask-1.10.3b3.tar.gz,2023-12,benign,CLEAN,0,0,62,76,19636b96f8efd04c54db99ad556d51c8ce11e621242a1c0d945285921eb9fe26
gemseo-5.2.0.tar.gz,2023-12,benign,CLEAN,0,0,63,76,c99a3b4136cdd614612fdd0ceceaf9929c53f7e890fb023417a0f601b18f2b97
google-cloud-kms-2.20.0.tar.gz,2023-12,benign,CLEAN,0,0,62,76,d1c28fdb1e0e5e8d9a82099398be62639b4f325804d545de052be1dda1527818
grizzly-framework-0.18.0.tar.gz,2023-12,benign,CLEAN,0,0,62,76,ef8e85b694e9eed9175ff4855698c5e8af5540d238b2dde533e529ad223c51d3
increase-0.23.0.tar.gz,2023-12,benign,CLEAN,0,0,61,76,acebc4e603809842ac1943d570521acea00e2125f868c43635117775a46668a2
irc-20.3.1.tar.gz,2023-12,benign,CLEAN,0,0,60,76,cbd9e463e700968f1a52837a313ebc1b267781afb0edee1d64d8429f58ab6bf8
mkdocs_quiz-0.0.2.tar.gz,2023-12,benign,CLEAN,0,0,62,76,7026eefb25a59145db99b798324bb065472216a23bf87893cbbedb506687ce4e
mkt-retv-1.390.tar.gz,2023-12,benign,CLEAN,0,0,62,76,97682fe01c62ab5d8c40d78c6c41fd296d12a7ae1a6ce511a0d39f8179eaf63f
nbdev-numpy-0.0.1183.tar.gz,2023-12,benign,CLEAN,0,0,62,76,758e3aa4feaf825d7118b924a71e4aefebb6fc5d113f5e3ce8769d690b9d65ff
opentelemetry_instrumentation_sqlalchemy-0.43b0.tar.gz,2023-12,benign,CLEAN,0,0,62,76,c455c467055e46ecdfa3f36169ed8f6f1ddd3ed19a7053c889265611fe502123
pepperize.projen-awscdk-construct-0.0.664.tar.gz,2023-12,benign,CLEAN,0,0,62,76,0bdf42a4c59039c1669617c53c2c5a55fe028274288ed81329afc62647c46dfe
pulumi_kubernetes-4.6.0a1702503733.tar.gz,2023-12,benign,CLEAN,0,0,62,76,5bf362cbb2e311b2dc84e248d6f77ae48bf736d0e93fd18c455ceba35c5d3bb1
pulumi_slack-0.4.3a1702350859.tar.gz,2023-12,benign,CLEAN,0,0,62,76,c7eaa2474cf528f800609ec7cdb27148a5c70fa55bcd8158466a53fa8b703711
pulumi_snowflake-0.45.1a1703657533.tar.gz,2023-12,benign,CLEAN,0,0,62,76,dd5630bee165f00379af2e6cbb36b2c5d3348b77096710663702a81d091c4126
pyield-0.2.1.tar.gz,2023-12,benign,CLEAN,0,0,62,76,99e65f45537b694edf43b5b036b70a6946676521fb72a817eec58a6daef0abce
pyobjc-framework-SystemExtensions-10.1.tar.gz,2023-12,benign,CLEAN,0,0,61,76,e7451db927566ba4c53bc2066ebdc1dd1f65f17f6cb6e51e2df11fa259bf2bf2
py_ssd-0.15.2.tar.gz,2023-12,benign,CLEAN,0,0,62,76,d574e87e991d30482fc0107295a6062c3a858b62d4f6d23a24cb45ca2d105d00
syntaxlight-0.1.29.tar.gz,2023-12,benign,CLEAN,0,0,62,76,7b4d24c7c2baf3e050c5223663060b1fe16157d20acc98e9ab2422809a58a100
taskiq_faststream-0.1.5.tar.gz,2023-12,benign,CLEAN,0,0,61,76,aeee16b948047f014b356ac64e18ecc199defea5557fc91a1ca94c4740e2ea05
tencentcloud-sdk-python-dayu-3.0.1058.tar.gz,2023-12,benign,CLEAN,0,0,62,76,7aa2d279c877b39ba14e6a63e317b2a94ab1de3c577e24f960f83e366395b0c7
tencentcloud-sdk-python-ecm-3.0.1064.tar.gz,2023-12,benign,CLEAN,0,0,62,76,8b3d786b2ca81105b859778b4704d8cb7f2027ade3a10504b3c185685f1fe9e1
tencentcloud-sdk-python-irp-3.0.1059.tar.gz,2023-12,benign,CLEAN,0,0,62,76,81766b4088cae7a2fddd48433e3132b73658f6cd12aa8382343b4c04a943ea77
tencentcloud-sdk-python-nlp-3.0.1063.tar.gz,2023-12,benign,CLEAN,0,0,62,76,cbcaa3b199dfd1e6541cc8d081af08076835c36874c217fb4e2bd5d2e1607750
tencentcloud-sdk-python-taf-3.0.1055.tar.gz,2023-12,benign,CLEAN,0,0,59,76,0621d18638da79d3ac9b3a1c124c54596fdb8f94b396afbd37b69a630e9572d2
tencentcloud-sdk-python-tiw-3.0.1049.tar.gz,2023-12,benign,CLEAN,0,0,62,76,f837de8065ab9aa72553a4e673679a7a6802f437bc16db9ffa4e1d2febbca8ba
tencentcloud-sdk-python-yinsuda-3.0.1057.tar.gz,2023-12,benign,CLEAN,0,0,62,76,594ad1148146ee443f83af2a3cf84b3e9236c967579b63b5dcfd024c16e05b29
tidal_dl_ng-0.4.8.tar.gz,2023-12,benign,CLEAN,0,0,61,76,99627e9542dd986bccd576d1dfc4253ab00d8aa433a0fbaa73359959cf266d1d
types-aiobotocore-support-app-2.9.0.tar.gz,2023-12,benign,CLEAN,0,0,54,76,b18d628d0585d68da744a409badc5e7b9fad03a58b8164a46017d781768915a1
yandexcloud-0.247.0.tar.gz,2023-12,benign,CLEAN,0,0,62,76,ae601b9ed62712d3d756b4b1d23b977ea17e90d596f1eec7c397d79a6c6f6f6b
autogenstudio-0.0.34a0.tar.gz,2024-01,benign,CLEAN,0,0,62,76,b26ad603695dc66f3dc9312c2aa8b2b883f04ff1814733f5cabec65e6171c4cc
botocore-a-la-carte-connect-contact-lens-1.34.21.tar.gz,2024-01,benign,CLEAN,0,0,62,76,3d38d40949bfb7417d79d633457e8e2f8fb36eadb3067f81f9594520efd4295c
botocore-a-la-carte-iot-roborunner-1.34.26.tar.gz,2024-01,benign,CLEAN,0,0,62,76,0d91ea737457c49c637bcd699e77593521890f3f804f97e22633630d67d07818
botocore-a-la-carte-redshift-data-1.34.22.tar.gz,2024-01,benign,CLEAN,0,0,60,76,8b4b37091febd4414b4f9f0f97536c78a03b24a7aec34a9933b26cb1967e510d
cdk8s-redis-0.1.765.tar.gz,2024-01,benign,CLEAN,0,0,62,76,d7b20d2624a9e7cfef57ae950d28a8fc861c8ef99be9e8abf4e16ddb6c76ec13
dagster-webserver-1.6.0.tar.gz,2024-01,benign,CLEAN,0,0,61,76,65f0bd866a4a41d6af2737481f0b465204d8977b97d6e3bcba1ba01ecebb0776
fabric-credmgr-client-1.5.3.tar.gz,2024-01,benign,CLEAN,0,0,62,76,6dc22f427fa5df199cafa2c93224bc2cee2901ae21c3fa97d1c6218dda0b3358
fake-bge-module-20240116.tar.gz,2024-01,benign,CLEAN,0,0,62,76,c6390c5379e3afcd0fc2885c84a739f642831fd8bae827a5d83bf25003bab3f0
fake-bpy-module-20240113.tar.gz,2024-01,benign,CLEAN,0,0,61,76,e323e3d20cb8fd8709c42776b25309fbb447b739be34669c94f03c5f686ff437
metaphor_connectors-0.13.113.tar.gz,2024-01,benign,CLEAN,0,0,61,76,5663c66b8b4106581b0b9680c581213ab100f58221b1d20260dbde2e38120436
myllm-4.0.12.tar.gz,2024-01,benign,CLEAN,0,0,62,76,c4233677712792a32adca83baea44c5557090d109134951adc9d1306487cfdb3
nuclia-1.2.4.tar.gz,2024-01,benign,CLEAN,0,0,62,76,3b146f7403c1a7a901eb7816089e18046d9c6be863470193cff1481aa9aba2a0
omnipy-0.14.7.tar.gz,2024-01,benign,CLEAN,0,0,62,76,1e6657211a31b61ebd8321250d7242b20c4694b44034f68f2b8809d314571199
package_auto_assembler-0.0.2.tar.gz,2024-01,benign,CLEAN,0,0,60,76,08c74a22918436e3511d5b0447ec92193daa12cba676034cf07dab51244f865e
PKDevTools-0.13.20240113.26.tar.gz,2024-01,benign,CLEAN,0,0,62,76,2ab3f4880cf5d3f1caff5cde1982c389a6a61207a7babd4d0098a709b0d2fafb
strawberry_graphql-0.218.0.tar.gz,2024-01,benign,CLEAN,0,0,62,76,6caa613aa2d2ef726e10cf718a69731b1d86b07ecbd5598440a37dae2dea3c44
tencentcloud-sdk-python-afc-3.0.1084.tar.gz,2024-01,benign,CLEAN,0,0,62,76,12bf01a600fae072a277479daa52c2b197cd5135179628582a2c556b1731a661
tencentcloud-sdk-python-cdb-3.0.1067.tar.gz,2024-01,benign,CLEAN,0,0,62,76,033a70f816f4dcb9e4dc2c8b4d5bd652f402c578beb60ad944b06fa73392da2a
tencentcloud-sdk-python-dasb-3.0.1068.tar.gz,2024-01,benign,CLEAN,0,0,62,76,a88fcee3c6ea285a30c1d357e0a1d09a42c035e4f770ccb864c7221eb3ce6807
tencentcloud-sdk-python-lighthouse-3.0.1077.tar.gz,2024-01,benign,CLEAN,0,0,62,76,1510f7f34e604886ed9c23b85869ff1275ea0ad90b5d5bcbc31d9f96ddacb3c6
tencentcloud-sdk-python-mps-3.0.1086.tar.gz,2024-01,benign,CLEAN,0,0,62,76,6bb8f51512901b5b8f5a4750a3559a6d4a2f9eba3d4d026459fc33a5194c0d15
tencentcloud-sdk-python-vpc-3.0.1076.tar.gz,2024-01,benign,CLEAN,0,0,62,76,dc4a99f734ca37150bdd2a2026595277c9e1ce58bb1a0bd865454c51b3e0a68a
types-aiobotocore-lambda-2.11.1.tar.gz,2024-01,benign,CLEAN,0,0,62,76,e396f7e98ac823da0cc04173ab818e9ab351062c8ea5b74ae6ff75d956fe04bf
whatshap-2.2.tar.gz,2024-01,benign,CLEAN,0,0,62,76,66fbaccd0e0200a082280b1b0b713ba04c432bd0835e54f13b0439962f633bb7
abst-2.3.21.tar.gz,2024-02,benign,CLEAN,0,0,62,76,e64c57bf89d58ebf09e44347454c7b4ee7942f6eac7fec7b7e46e0e4a0a88e8d
archr-9.2.89.tar.gz,2024-02,benign,CLEAN,0,0,62,76,d7998dcac23a7cfe07edf4069f253632cc461aec1fc35c60362a689b5627c44d
autogluon.common-1.0.1b20240228.tar.gz,2024-02,benign,CLEAN,0,0,62,76,65f57fd8af0bc8c74b2e0467b3868a0efd9136129520cb2d74c98c941373b07b
autogluon.multimodal-1.0.1b20240215.tar.gz,2024-02,benign,CLEAN,0,0,62,76,ce1d640152a4efaff4cfd81df12900189085cb1e71f26a608f9075732e84dfa3
botocore-a-la-carte-amp-1.34.34.tar.gz,2024-02,benign,CLEAN,0,0,60,76,7e9a9a5726416e23543fa5f265a837e7389b44c9003e067ab4654c75b8d90ab1
botocore-a-la-carte-athena-1.34.47.tar.gz,2024-02,benign,CLEAN,0,0,62,76,6593a6dd154d26da15654501a48a4a63847e10b13dada1d29daf18f4df944629
botocore-a-la-carte-cloudhsmv2-1.34.40.tar.gz,2024-02,benign,CLEAN,0,0,62,76,092ddc15777c2f2110b3c86a247bd4a5d114b4e0430fbea0eafa5ef5cbd0d39b
botocore-a-la-carte-codeguru-reviewer-1.34.46.tar.gz,2024-02,benign,CLEAN,0,0,62,76,56fd9fc5383b455ce5bc4a4efc36850897ee34bfd11bed981febb2ba0d358514
botocore-a-la-carte-codepipeline-1.34.45.tar.gz,2024-02,benign,CLEAN,0,0,62,76,d6bd2eeb56972bfcdedfb12170f8d7a448366cd6674c860bd8a578d948a3d8f3
botocore-a-la-carte-datapipeline-1.34.41.tar.gz,2024-02,benign,CLEAN,0,0,61,76,bb6f03e2c54636b2db386c570c37103bc118909f670503b1104a7847c529b3b5
botocore-a-la-carte-entityresolution-1.34.38.tar.gz,2024-02,benign,CLEAN,0,0,61,76,fab50ca9b6d132eca5a21fe6fb84951dba3d04fcb6ba476d3dbd4640384c63a5
botocore-a-la-carte-iotsecuretunneling-1.34.38.tar.gz,2024-02,benign,CLEAN,0,0,62,76,c1d4adb27a443b64bf38333587d06ed6f56cd5811fb019ef6f8ce240d6a3a3d9
botocore-a-la-carte-marketplace-catalog-1.34.34.tar.gz,2024-02,benign,CLEAN,0,0,56,76,1903412461af6ada51c953c3c52f1863e10a5de92d648006ddf967cfad54c5f1
botocore-a-la-carte-medical-imaging-1.34.35.tar.gz,2024-02,benign,CLEAN,0,0,62,76,a3ae31bf53a582ef7a1ccc237d40ba58b9b5971ee81629e2b1f322f6c5ea7206
botocore-a-la-carte-migrationhub-config-1.34.38.tar.gz,2024-02,benign,CLEAN,0,0,62,76,56342c8b6f60c393632f70e7e858e1c375f03fcae6406cd3c8aea35ac1b37776
botocore-a-la-carte-opsworks-1.34.43.tar.gz,2024-02,benign,CLEAN,0,0,62,76,28206815e9aab39eef78696ead297878d14e3953c4f1fcfc4f69f85e3e54ca94
botocore-a-la-carte-qldb-session-1.34.48.tar.gz,2024-02,benign,CLEAN,0,0,61,76,b5a924399e3ccefa66ba466b8a56071a82e45ede28b7ecc6cda9b87719fa00d2
botocore-a-la-carte-sso-admin-1.34.33.tar.gz,2024-02,benign,CLEAN,0,0,62,76,dac8344d51a994c681175a09aa864b61e829cc4df3d2cc59ebc94dbc48b5c3a5
botocore-a-la-carte-voice-id-1.34.36.tar.gz,2024-02,benign,CLEAN,0,0,62,76,c858e297ca748e5ee63ec357c498847b147965a6147cfafdc481c85a53ec7635
bowtie_json_schema-2024.2.20.tar.gz,2024-02,benign,CLEAN,0,0,62,76,8ffcff8e5a60fd51d15d185796b1fadddca5562efea555ad5d1dc7e2a92a0c2e
cloudnetpy-1.58.8.tar.gz,2024-02,benign,CLEAN,0,0,62,76,4674b2f2f7de9c5a38a027685900cc503003bfaea43417e20b4c6aa746b95a9f
cybrid-api-organization-python-0.114.3.tar.gz,2024-02,benign,CLEAN,0,0,62,76,a54f3c75a245cc84584c1dd11e7f744c3cec64e7507972ba23bd67b20c91cc65
FlaskSimpleAuth-28.6.tar.gz,2024-02,benign,CLEAN,0,0,62,76,16916aeca505e28b2d7e8094d630d370b1930123d1948fad8301d9b1af979a09
fyodorov_utils-0.2.58.tar.gz,2024-02,benign,CLEAN,0,0,62,76,f2ffd393cb8a6697b57a8d5ca30218127630cce490db6a8977a297d0c10c31c2
great_expectations_cloud-0.0.27.tar.gz,2024-02,benign,CLEAN,0,0,60,76,2a1883f6797fae917fd144b6bde5a22ed1015d029758742d9ff10fb3a0ce6061
jgtfxcon-0.3.23.tar.gz,2024-02,benign,CLEAN,0,0,62,76,d7e1541749e25a37eb6b1f8be2e1dc7f83c5d0c4e9ad1161b7d6b2c1ad4b7881
jgtml-0.0.19.tar.gz,2024-02,benign,CLEAN,0,0,62,76,5ffc4e4d13118c5a2261fd3380ff132cac2d53f58504ecd30722bbe9e603958b
kolena_client-1.4.2.tar.gz,2024-02,benign,CLEAN,0,0,62,76,a97094753e553348db65a2b871bdc11b1405943a4110583a055330292f0863b6
kytest-0.0.36.tar.gz,2024-02,benign,CLEAN,0,0,60,76,22fb7ef90a72e1503cfd6847dae68a6a59057625a525b8e8ab4f8bfa3f91ee56
libcloudforensics-20240214.tar.gz,2024-02,benign,CLEAN,0,0,61,76,0fcc97d41670da681290cc4be5e947e18c85cd485a636ee54c9359c95c6caff4
llama_index_indices_managed_llama_cloud-0.1.3.tar.gz,2024-02,benign,CLEAN,0,0,62,76,8221e643748977d63eb8531556c56d82028ddddd9c27fac1ed1c65516a4c286d
lumibot-3.1.12.tar.gz,2024-02,benign,CLEAN,0,0,58,76,66836f1a122c50e9b8d7f62e25925695523eaef7273c41b7dd0681f2a97e2a9f
lusid-workflow-sdk-preview-0.1.756.tar.gz,2024-02,benign,CLEAN,0,0,62,76,4fc061ca1a4185ba58b93e94d0682af6f6245ca007584156ac5c7813979be6e1
maling-0.9.6.tar.gz,2024-02,benign,CLEAN,0,0,62,76,167dc18f9f3216dd00909b2f3d1c078bd8523bb7a1f3d6aca04d8b5873b7a118
nautobot_ssot-1.6.1.tar.gz,2024-02,benign,CLEAN,0,0,62,76,1fa9122faa5fda6dd0dbc687837984a459815140ff009b6b4a6e19dcdbc15afc
oneat-6.8.0.tar.gz,2024-02,benign,CLEAN,0,0,62,76,7d966ec7303ef78aa2bfbc83b603220747ccaa38fa7eaa07169e079d0ff47a47
onecode-0.4.0.tar.gz,2024-02,benign,CLEAN,0,0,62,76,85e21c503f3f9e4610ec0b56a1ccba4f69b3e5e40d172e06de89643bac84555d
plone.app.robotframework-2.1.2.tar.gz,2024-02,benign,CLEAN,0,0,62,76,91b91836e0b7d7a1484956bf05388639e7244bdd98954b198b0507114c556883
power-grid-model-io-1.2.62.tar.gz,2024-02,benign,CLEAN,0,0,63,76,d7ac44f947ebb81976e97d01e4f0e62532b177a41065b54bc8b0ac7222e7173a
pre_commit-3.6.2.tar.gz,2024-02,benign,CLEAN,0,0,62,76,b05222129a3d8048922f66f0f5d8154f9090e8be342ae865bb0f26b7e7d420d5
runtime_generics-3.0.5.tar.gz,2024-02,benign,CLEAN,0,0,59,76,f67544645504cdb2f1548c404a879243d749a9507756cee0c7759673c5b1a9a1
stela_professional-0.3.26.tar.gz,2024-02,benign,CLEAN,0,0,60,76,ff2ee38cec0d5b2e0c161a1ce2fc3d0ecc13c4dba872638bbb575e837486bcfb
sticker-convert-2.5.3.tar.gz,2024-02,benign,CLEAN,0,0,62,76,68dcaf8b64d26eed349e13e9f481108c51ef30e6931f82c776304ce07315c61d
tcrutils-12.0.108.tar.gz,2024-02,benign,CLEAN,0,0,61,76,8663dcbd5d14e1b1a92e813a30b2e23178e4538ed4fae338d97c7a4f1581e1e9
tencentcloud-sdk-python-ds-3.0.1096.tar.gz,2024-02,benign,CLEAN,0,0,62,76,becc4c3a5d9624dd6979caa8c7387b1f4fa12a357c34870553b11c10f7a1510c
tencentcloud-sdk-python-mps-3.0.1093.tar.gz,2024-02,benign,CLEAN,0,0,62,76,1d09be4e97f8064b59c1796a6f298179c14cbbddcdf14b20aba4f82c538b6708
tencentcloud-sdk-python-tci-3.0.1095.tar.gz,2024-02,benign,CLEAN,0,0,62,76,234637fe005f34c81b884f28c2c872d186650c468696f977ee19612b8426a9da
tencentcloud-sdk-python-tiems-3.0.1096.tar.gz,2024-02,benign,CLEAN,0,0,62,76,0ee39baa6ad6a4bf68fcfcee05c6e3651bf9bc35758bace4eefaf7cca21fba68
tidal_dl_ng-0.7.1.tar.gz,2024-02,benign,CLEAN,0,0,62,76,cd7198f24ffdc274fc323a5dd35b62f5656fd9dccbe9d4be986ee501c6285437
typed_ffmpeg-0.1.16.tar.gz,2024-02,benign,CLEAN,0,0,62,76,e2141210ebee24a90422f06fb219f3d3efac99b3b0f63bfebad50e871f1562fe
vdk-core-0.3.1166422902.tar.gz,2024-02,benign,CLEAN,0,0,62,76,a6ffc4c707fbd0fca1d15a6a7b5564095d04d4018f8fb9d314c8dc5b71c57e21
weconnect-cli-0.38.4.tar.gz,2024-02,benign,CLEAN,0,0,62,76,5f4fea30df0b8ea9b459c6d65c76de631449cfe24809f11d03aad7238e99010b
ypricemagic-3.4.2.tar.gz,2024-03,benign,CLEAN,0,0,62,76,55855373d1193d59367cb08b12157825a02f98e62d88db374538827975b3cfcd
arize_phoenix-3.8.0.tar.gz,2024-03,benign,CLEAN,0,0,62,76,0cbca8a97ec13725f622b48584d29bde7dd787bc152219286b1a5061ef9a22fe
botocore-a-la-carte-appconfig-1.34.57.tar.gz,2024-03,benign,CLEAN,0,0,62,76,f550397650f577af2b20e142ed9eed9e49cd0c3786ee8274ce1b08519da85e71
mo-kwargs-7.550.24062.tar.gz,2024-03,benign,CLEAN,0,0,61,76,eedf4f43d2fd3fd298ab3250a404cf1fc78bf8848bca8e18d0119de61df5b46e
flask_vite-0.3.8.tar.gz,2024-03,benign,CLEAN,0,0,62,76,cb43b0c60347f7fb3b215e7cbf73c3873e3358d9dd39ceb5f94645cbd79b29dd
botocore-a-la-carte-neptunedata-1.34.67.tar.gz,2024-03,benign,CLEAN,0,0,61,76,72f508566d7f155d7fe3bcc4d05e094991b274d921aed6f64c6f3fc6eb070e1e
types-aiobotocore-apprunner-2.12.1.tar.gz,2024-03,benign,CLEAN,0,0,62,76,62c3f0027821616b0a06ccf7923e07bd91ca5185a73856b92dce081f3f48b9d4
dbt_copilot_tools-5.0.2.tar.gz,2024-03,benign,CLEAN,0,0,61,76,05a428238fae2e7ed26da87c36f0528c5d4c212b3d89568b82cae21b0ae8249d
botocore-a-la-carte-cloudhsmv2-1.34.55.tar.gz,2024-03,benign,CLEAN,0,0,61,76,957c2b28458f9f27315f433ba3476ca752ef342cc6de7dee0ea1ac595c9ba789
tf-playwright-stealth-0.0.1.tar.gz,2024-03,benign,CLEAN,0,0,61,76,8e47d6529c367de67512c21af26c0317e5e946730f4c366b3368f52d513ce5a8
dcicsnovault-11.12.1.tar.gz,2024-03,benign,CLEAN,0,0,62,76,784062899902f87c50a33dc8e8b6b8312635cb11c9515ca693f259641f39feda
weas_widget-0.0.12.tar.gz,2024-03,benign,CLEAN,0,0,62,76,43833ed108275f2dfc857fe1ac21dbecf5ddc908677415d548cce5d1cefe6df9
discovery-capability-0.23.16.tar.gz,2024-03,benign,CLEAN,0,0,62,76,18a59f3392a0fafefbe90256a7eab4a40fc6dfbf1a44d2f6715e3947db48bc58
explainerdashboard-0.4.6.tar.gz,2024-03,benign,CLEAN,0,0,61,76,506403fc26449a5ce2c07464f01b7771d79650e56e51fb3c0853a9106d58c171
matlabengine-24.1.2.tar.gz,2024-03,benign,CLEAN,0,0,62,76,9843a86af36a994fd744dca0cc0bc7454a69be527e8546bcc036f034b5de9fcf
botocore-a-la-carte-signer-1.34.58.tar.gz,2024-03,benign,CLEAN,0,0,62,76,d8af809d44dcd28d839e73c7e0e485398c8fbc3811be026dfb7dc83dcb5afbc0
ainu_utils-0.1.1.tar.gz,2024-03,benign,CLEAN,0,0,62,76,6a0fe291a1fbc04c44213c337623f6a10764f3445a7905810235d8dd45db8505
botocore-a-la-carte-sesv2-1.34.70.tar.gz,2024-03,benign,CLEAN,0,0,61,76,bc4599101d38b9cf5d3a4f53af3ce2aa49c4b21785ad40955a44b704fba0e688
botocore-a-la-carte-personalize-events-1.34.65.tar.gz,2024-03,benign,CLEAN,0,0,62,76,2b0e7f49ff7574671933353dfe637a10218a4aaad165102b212b4628f11db76e
tencentcloud-sdk-python-smop-3.0.1111.tar.gz,2024-03,benign,CLEAN,0,0,48,76,bd572465e104f5df71e1c2c77afd388d13b60fa6bd2dd2d1c94cbe2bebb951e4
FreeTAKServer-UI-2.1.1.tar.gz,2024-03,benign,CLEAN,0,0,62,76,1ed37fb867d4dbbbfcf21f49851547a1e8cb7409589233a2826229296da4720d
chalkpy-2.32.9.tar.gz,2024-03,benign,CLEAN,0,0,62,76,308caa662fb102a8e5da6bbff0176566250800fa9535c4ea163caf7c422d512c
botocore-a-la-carte-ivs-1.34.67.tar.gz,2024-03,benign,CLEAN,0,0,61,76,4b2452b0fdb6e0c9f2609ac6a7dfdec7ddee808bc5c62ccc18acf8b5641ece5c
autogluon-1.0.1b20240322.tar.gz,2024-03,benign,CLEAN,0,0,62,76,5c6758ec1ac7e8a138cbe68bf0ffc45c6a68c225a6561842dbaeda3a512b5ddb
botocore-a-la-carte-pinpoint-sms-voice-v2-1.34.69.tar.gz,2024-03,benign,CLEAN,0,0,62,76,ef78c5a706e43c187033931fd57976993b33360121b442c3a28da2a36b37ce34
amsdal_server-0.0.25.tar.gz,2024-03,benign,CLEAN,0,0,52,76,c4f01a76d0da4af7b8d903811a2c86b7e77af84bcfbc6b57fcd6dbee09ce57ed
ofscraper-3.8.7.tar.gz,2024-03,benign,CLEAN,0,0,60,76,53717bd4621104909ac46ae1d2c8fe49186d94166ce23b6cb811ba8e65df11f3
fief_server-0.28.6.tar.gz,2024-03,benign,CLEAN,0,0,62,76,955851150aab22fd2bafef2d4b4074c9077425d12fb7e5029e67b267067e3cbf
lunary-0.2.0.tar.gz,2024-03,benign,CLEAN,0,0,62,76,51a4f4189f55f4605fe581a06a2ac4689c531db470b0c89767659c5bf85b6a18
apache_airflow_providers_microsoft_azure-9.0.1.tar.gz,2024-03,benign,CLEAN,0,0,59,76,d2b18f9225c4c9aca8499ccbf9185704e5e9638235b14d6c07d387dbb75f30de
validators-0.23.1.tar.gz,2024-03,benign,CLEAN,0,0,62,76,655afbaa7b428b65cb47a5acd1c25098ba3071dfbe0766fe182a9c41652ff714
hadolint_coatl-2.12.0.1.tar.gz,2024-03,benign,CLEAN,0,0,62,76,a104aad2884210043e578534e98abfa8d823cb139cfaf9b1765e9a705d13c9af
botocore-a-la-carte-arc-zonal-shift-1.34.69.tar.gz,2024-03,benign,CLEAN,0,0,62,76,f509d4c38a86c6a2d9c621148ef5d2636318e3999904a5a3bc3188b1756f3eb2
botocore-a-la-carte-networkmanager-1.34.62.tar.gz,2024-03,benign,CLEAN,0,0,61,76,455ceaccf9e1bffb2007ab4a9b77c1ab25064e21ee241fb693f505d5e19a420a
python-semantic-release-9.2.2.tar.gz,2024-03,benign,CLEAN,0,0,62,76,2e769f437f7c9dbfc9dcd9eef7accdf8a1930817577e7163f0a212a35ba1271a
tencentcloud-sdk-python-live-3.0.1115.tar.gz,2024-03,benign,CLEAN,0,0,62,76,d54a0885e119513b837ecf067e06f8d6f52f5571abfc331456e41a0219ea2032
botocore-a-la-carte-m2-1.34.56.tar.gz,2024-03,benign,CLEAN,0,0,62,76,506ae618cf96cb2332e4189c05392013129ab7174b6cc61e91627ed63fda0859
botocore-a-la-carte-chime-sdk-meetings-1.34.56.tar.gz,2024-03,benign,CLEAN,0,0,62,76,df21b255a42620073134b98775b817a8a51fb10efac3b2334a424a953880b2c8
synnax-0.14.45.tar.gz,2024-03,benign,CLEAN,0,0,62,76,6705850c9c7be250ff56369551785428183ebf516b142977309742bbac452113
sawsi-15.7.tar.gz,2024-03,benign,CLEAN,0,0,62,76,c6228ae3b85f0e807d1a1888eb9cd7f57da0ebb72909fe6dd38c0ea610101bbd
openseries-1.5.1.tar.gz,2024-03,benign,CLEAN,0,0,62,76,1333860f505508ff28ce399f0756594695a0537e834a094e67748ef89c26d294
tencentcloud-sdk-python-goosefs-3.0.1112.tar.gz,2024-03,benign,CLEAN,0,0,62,76,c19af3205d38ffad58c066dfaec8189017fdbc0c797921c4af5c3a0e6df6a8ae
botocore-a-la-carte-iotsitewise-1.34.72.tar.gz,2024-03,benign,CLEAN,0,0,61,76,75f3e60fd832616a25160629173293b058b14699f57b2528e429410497a6dd49
sd-mecha-0.0.8.tar.gz,2024-03,benign,CLEAN,0,0,61,76,65fd3f19571f5f19481c0bdea66925c68812362c9b457991dda54263e0826af8
tencentcloud-sdk-python-domain-3.0.1099.tar.gz,2024-03,benign,CLEAN,0,0,62,76,9d00cefb0544dba790d8c37f5f9f32453e9072f98c6145cfe2b221e7d2ce8fcf
domolibrary-4.0.18.tar.gz,2024-03,benign,CLEAN,0,0,61,76,68254354150232048228b429da848a41ab3f36d7023e93846b1003e60de96020
botasaurus_api-4.0.1.tar.gz,2024-03,benign,CLEAN,0,0,60,76,855802df90b2f315955c708e324d064640c9f47418e08288ef7d57c0542531e3
tencentcloud-sdk-python-iot-3.0.1104.tar.gz,2024-03,benign,CLEAN,0,0,60,76,138e3b383f64a8eab33c7f94fafb036a33c883ec60c89b818770fa0c516b95a5
kolo-2.20.2.tar.gz,2024-03,benign,CLEAN,0,0,62,76,0c73830a4d24baa75ecdd5047acbf310210bfd8cb42593862a886908fb0f7a16
specklia-1.8.20.tar.gz,2024-03,benign,CLEAN,0,0,62,76,8ea5ec82098e0be826bd2055e7dfb0b5199d83e82435c3d1f65375c77eb1f3c5
azure-mgmt-netapp-12.0.0.tar.gz,2024-03,benign,CLEAN,0,0,62,76,466ddbf31f67e9478590f496102ed57561bab804a9813d1927d4fc88d5850d85
botocore-a-la-carte-budgets-1.34.72.tar.gz,2024-03,benign,CLEAN,0,0,62,76,4b1364017997c6a2fca30224c4f43103070ef6c0da708ae8d72b9a938be4f601
t_bug_catcher-0.2.0.tar.gz,2024-03,benign,CLEAN,0,0,62,76,6cdef78e860c8db07836c7b5639e67a13d14daa39f335b0495b52f27ad0337c1
pyfmodex-0.7.2.tar.gz,2024-03,benign,CLEAN,0,0,61,76,d71d7b1d7bcdbaab74dc628cacd61c3d3eeec98254ff8fbe8a10936b57a36554
quantecon-0.7.2.tar.gz,2024-03,benign,CLEAN,0,0,62,76,a4db8a0f771079b85ea3dad5aa230b7aa53cad22e731571c516a90f37215c861
botocore-a-la-carte-iotdeviceadvisor-1.34.57.tar.gz,2024-03,benign,CLEAN,0,0,62,76,eb5c30744f521021c50303d833bf31ecc14b71b060bcd508cf259e4c7cc0ce66
tencentcloud-sdk-python-bpaas-3.0.1104.tar.gz,2024-03,benign,CLEAN,0,0,62,76,ebfdaf0e7315662f9e72f5ba3397fbfa0452178bcff8763d390223d7acdc04eb
sageworks-0.4.50.tar.gz,2024-03,benign,CLEAN,0,0,62,76,390fd60f37073b156ba81569b88b9e08d06d6f99ee7ac177bc1fbd54ef5fd620
botocore-a-la-carte-codebuild-1.34.69.tar.gz,2024-03,benign,CLEAN,0,0,61,76,82262bac002e41d1ab8ed2a86b47d3ce3c7339b5099037aa36b2864a9b431a9b
botocore-a-la-carte-cur-1.34.64.tar.gz,2024-03,benign,CLEAN,0,0,62,76,60f0fce240491c293c5b10802d053fb22569928951d67745a41dc87baea5ba6c
luminesce_sdk-2.0.112.tar.gz,2024-03,benign,CLEAN,0,0,62,76,457bbbecdc43f31cb3737c0aeb612869084db6c9c4f2bdbfc2ddb09e22aa8008
watchmen_rest-16.6.12.tar.gz,2024-03,benign,CLEAN,0,0,62,76,4856a5f95114cd20b52bbc67382cc32faca24ebe0d95ad14198e1c9abef52299
botocore-a-la-carte-chime-sdk-voice-1.34.61.tar.gz,2024-03,benign,CLEAN,0,0,61,76,f51f27e66ba8dee5f7f3534daa6324beb8bcf6bf8f432865cdf3275bf8857ea1
wmill_pg-1.295.2.tar.gz,2024-03,benign,CLEAN,0,0,62,76,2058c204d2e9daeb9177fb4fce7dc71336d0d49a190b6c4cfc475c64f5c59a49
idds-atlas-2.1.16.tar.gz,2024-03,benign,CLEAN,0,0,61,76,9d417245696361fb1dbf68a6f14f55810cf3fb5e08d9b2f62f635a880a419f9c
lusid_notifications_sdk-2.0.16.tar.gz,2024-03,benign,CLEAN,0,0,62,76,ae8144548bc2741c02dc9de2e13e5f9b523989c9e7276de6af03538ecc62c18c
pool-resources-0.3.0.tar.gz,2024-03,benign,CLEAN,0,0,62,76,b7d06750a0501a532d0fd63c49db0d20562843bdf1e40f9fef25b2c58c0e80e9
tencentcloud-sdk-python-ms-3.0.1120.tar.gz,2024-03,benign,CLEAN,0,0,59,76,8f773a10e6ce1bac01d80d53e818daf3e6aa15a4f819ba8b968504e429158f19
jupyter_jsc_custom-0.9.26.tar.gz,2024-03,benign,CLEAN,0,0,60,76,a4744e1d99733aeed2625a77c052f06822188f3d50ac42d709eae25a00d974b7
smartboiler-0.0.3.0.0.4.5.tar.gz,2024-03,benign,CLEAN,0,0,47,76,2fbab06672e5124664fe8b1b8560ffab1057504bcf13b206c6901e756d670967
tencentcloud-sdk-python-dts-3.0.1111.tar.gz,2024-03,benign,CLEAN,0,0,60,76,dddec7f37634598d00ae225a5900bf165acf3ccc6c34da9ba9d44e10cdae83a6
remotivelabs_cli-0.0.14.tar.gz,2024-03,benign,CLEAN,0,0,62,76,e8b8bdb61642ad101a23e93555f5503d07b0a58acffeac55b2339b121df92245
botocore-a-la-carte-fsx-1.34.58.tar.gz,2024-03,benign,CLEAN,0,0,62,76,74fba43d84ab1c5daf87917e761b8523e7963348610d3db92715910854cf5605
botocore-a-la-carte-macie2-1.34.56.tar.gz,2024-03,benign,CLEAN,0,0,62,76,72c7769036c91664d38b0d46ea0d696f61120687a0031855abe60bcad1662f24
discovery-capability-0.22.4.tar.gz,2024-03,benign,CLEAN,0,0,62,76,42102c03cd8daf05a62095e870c289c5c9bf8cb8b0b269b8b38ef566b7caa1c2
tencentcloud-sdk-python-mariadb-3.0.1112.tar.gz,2024-03,benign,CLEAN,0,0,59,76,62cf2588283a72b97ccde4dfb6c82da8aedf0ee68dbb8b101e0a5eb2e82b37a9
tgadmin-0.9.0.tar.gz,2024-03,benign,CLEAN,0,0,62,76,b1a35f215bd1543a75935b3a9f33461bf6bc5cf68cd80479f272c8931301e2df
esp2_gateway_adapter-0.1.tar.gz,2024-03,benign,CLEAN,0,0,62,76,d4f0f456ba5c6cdda7433c601d0b0e719af64dd3f620a50208e9d227a3f36f8a
pyobjc-framework-CoreMedia-10.2.tar.gz,2024-03,benign,CLEAN,0,0,62,76,a4838716ac095d43a886f5cacc5429f8969ac24637235b00851cfb179a04fa51
MukeshAPI-0.6.5.1.tar.gz,2024-03,benign,CLEAN,0,0,62,76,487075b54a90c7013af5369565deb6a976d064a05c6b12871ced2e349c8eb4db
botocore-a-la-carte-mediastore-1.34.83.tar.gz,2024-04,benign,CLEAN,0,0,62,76,c0c002c5dabb3ce33b48f8bfdaadd3a6f4acda231c99b9ab436a60f48393007e
dask-2024.4.0.tar.gz,2024-04,benign,CLEAN,0,0,57,76,9e238ff2610e1aad9ffad19e68cc650ae9dc570969e07d4e0c7d3b46049aae11
bambulabs_api-2.1.11.tar.gz,2024-04,benign,CLEAN,0,0,62,76,fa4d8edada73e349911304c6d196175f52912a70524ea865d0fd4ba6c1601569
tencentcloud-sdk-python-cfw-3.0.1125.tar.gz,2024-04,benign,CLEAN,0,0,62,76,3c0537e8faf4e2a4d6948bfb44478d06f22e119f89ac98bb8e20a9f6621a45d8
pluginlib-0.9.2.tar.gz,2024-04,benign,CLEAN,0,0,61,76,e4f938439db544387c8febe33b067496f46d2153ba7c2ac6bf29406c9c981d87
kcli-99.0.202404010855.tar.gz,2024-04,benign,CLEAN,0,0,52,76,58c4d4a60731247049be6aa5722fb2ee992fbadfd872252ee06a00efad62c07c
reflex-0.4.8a1.tar.gz,2024-04,benign,CLEAN,0,0,62,76,86b98c0bdd867469935c3a931675bd3d123c42fe6e477d86ccb9159fe13dddf2
botocore-a-la-carte-docdb-1.34.84.tar.gz,2024-04,benign,CLEAN,0,0,61,76,d2f7601c83dea33f5b1d2bfe60311d35a031efa2f3a8ed3d8156946d3dd4e4e8
tldrwl-2.0.0.tar.gz,2024-04,benign,CLEAN,0,0,62,76,c6dda0c09492443dd30e0a0ccd99035f491717d0fbd234a5080431c2badb36de
pulumi_spotinst-3.75.0.tar.gz,2024-04,benign,CLEAN,0,0,61,76,909338d2d503c66ba88ebc68c60141af2f7f90305818d80168a9594f0b50be5d
botocore-a-la-carte-iotsecuretunneling-1.34.84.tar.gz,2024-04,benign,CLEAN,0,0,62,76,84e7d4675747fd48e765e25ec7e009b4b891f86b9d191d2fbae679557be408c5
botocore-a-la-carte-codestar-1.34.81.tar.gz,2024-04,benign,CLEAN,0,0,62,76,b2913802961baa4ee5cfbc43ca4fdc00a842ac24c20b69378adbca434e0ae881
botocore-a-la-carte-route53resolver-1.34.88.tar.gz,2024-04,benign,CLEAN,0,0,62,76,2cf092773e565eefe8893f0ca68079e144c2a2f8bf6c690926ecc758dbe6cbb3
duckduckgo_search-5.3.0.tar.gz,2024-04,benign,CLEAN,0,0,47,76,6a22ce71751562d7a73664b33d2db15ad8da882710987bd3659fbc718ea611c3
openbb_alpha_vantage-1.1.5.tar.gz,2024-04,benign,CLEAN,0,0,61,76,3ff1bb3bbf804215df7c2e7be2a7c60fc5ce8f122f84dd366364e40ee1e5b329
pulumi_opsgenie-1.4.0a1712989139.tar.gz,2024-04,benign,CLEAN,0,0,61,76,ce34de32530aa463197d3d48d7b8202930676b495ac7289099398fb4b7101630
botocore-a-la-carte-personalize-1.34.77.tar.gz,2024-04,benign,CLEAN,0,0,60,76,022e419b626b0e8bb64eeed5c391ec6f056035af4cd3f645b2625c47a7baa259
mystmd-1.1.56.tar.gz,2024-04,benign,CLEAN,0,0,62,76,06570360fefaef5c05e312c943bff3523a0b06b0428034ac23d421b1137d4378
botocore-a-la-carte-connectparticipant-1.34.77.tar.gz,2024-04,benign,CLEAN,0,0,62,76,eb6d4961d9526dae9a3b56f91aaec021ac0a03eee3c9843c2fa9bf23f4618b48
checksum_dict-1.1.4.tar.gz,2024-04,benign,CLEAN,0,0,62,76,65e84eaaa36e31037789ad642eced73c1f3610b4987da89248ae0bd5317807b3
openbb_regulators-1.1.4.tar.gz,2024-04,benign,CLEAN,0,0,55,76,8f11fab012039b6e7e06cd8498865e4c17c6ffd6e9a562af7eb8d7fffebcaae9
indexify-0.0.14.tar.gz,2024-04,benign,CLEAN,0,0,62,76,5ffb9653b6037295f480314144c93fedb63ba872fd5e21b7116ce340b88ba454
async_selective_queue-0.1.1.tar.gz,2024-04,benign,CLEAN,0,0,60,76,4a253e521ca47a3a2f80df61033b57fb9e7b4145edf28156dec558fa57893d4d
mima_engine-0.1.3.tar.gz,2024-04,benign,CLEAN,0,0,62,76,caaae0bb7aab14ea5dc09319809bbe37223fa3111b19da26e6663f84e97490c6
bambulabs_api-2.1.13.tar.gz,2024-04,benign,CLEAN,0,0,60,76,536c53511485e7c96dfc329d1264060d6102df1e3c62d5f70d139982e4bf5899
lime-stable-1.0.0.tar.gz,2024-04,benign,CLEAN,0,0,62,76,4b4a086af525288f18225c3c79506830f33ac2b9ab84dd9af885a1eb8b260582
tencentcloud-sdk-python-vms-3.0.1138.tar.gz,2024-04,benign,CLEAN,0,0,62,76,62d78b13aff8d13338804c063f20381d6eeeaa3b8d58bf7387a4f5d6166fc62a
keras-3.3.2.tar.gz,2024-04,benign,CLEAN,0,0,62,76,cec3776257b6c721991d194a128940925a6c6ced590378c8da5aabdb1c8c2a5c
coreforecast-0.0.8.tar.gz,2024-04,benign,CLEAN,0,0,62,76,7a52d515542eb186b1bc79187152db0941beb709c3028596b41e85a63ffa3932
ihcsdk-2.8.6.tar.gz,2024-03,benign,CLEAN,0,0,62,76,43f0fee004e96f50a99954ee15b1bcff4e8073bdb3a66a6662410d417eec5611
langtrace_python_sdk-1.2.17.tar.gz,2024-04,benign,CLEAN,0,0,53,76,6876acaf4983f1f268fa7c8d015b22517fbff659f17434f7b1d76438e4a0abd1
botocore-a-la-carte-cloudsearchdomain-1.34.75.tar.gz,2024-04,benign,CLEAN,0,0,62,76,8ad3f94a10d2ee873fc8825ae0a7bcf209ef4dc4d2cb82ae6309d5519d8c51cb
keyring-25.1.0.tar.gz,2024-04,benign,CLEAN,0,0,58,76,1e54cd6dbb17182aa81a7e2f513a2120aeb42b8565427c10ab733a62a5205345
civics_cdf_validator-1.42.tar.gz,2024-04,benign,CLEAN,0,0,61,76,11f43102111b07aab1b2f2ea13a8b729d0a08542b8730789985ff640a300a19b
athena_intelligence-0.1.41.tar.gz,2024-04,benign,CLEAN,0,0,61,76,eaf8dd5f67a02f433cc23b1fdf3a6ff8d1bd8f2edf9b5220e68e880c1933426b
genomeshader-0.1.56.tar.gz,2024-04,benign,CLEAN,0,0,62,76,0c84192048f12828115b520341baab934938f05b8148afb67ac768624dcb2d0f
botocore-a-la-carte-discovery-1.34.80.tar.gz,2024-04,benign,CLEAN,0,0,61,76,04a81514fb1dc8d284cc0f730d3f17c3392a841174715e16bbbcb734be4a8299
tencentcloud-sdk-python-cvm-3.0.1137.tar.gz,2024-04,benign,CLEAN,0,0,62,76,f03ad9e680e17f3b31a3fe8b971ddc2f641456f3f812721943e94ccbcf8799d2
hestia-earth-schema-27.2.0.tar.gz,2024-04,benign,CLEAN,0,0,62,76,47af551886113f908142527a3c0dc6073ec9dfbc11fc44623ae6c273501f49e9
botocore-a-la-carte-pca-connector-ad-1.34.83.tar.gz,2024-04,benign,CLEAN,0,0,62,76,e30e337385c92abe3bd7d9a8ff52d9dff8e0bb9762072448153222325fd060a0
ul-api-utils-7.8.9.tar.gz,2024-04,benign,CLEAN,0,0,62,76,b73ff88955ca5263e41b5ce24dfbdaa9f16fe3c5876b3ccbbebb023639bcd2a1
autosar_data-0.7.0.tar.gz,2024-04,benign,CLEAN,0,0,62,76,b324e32df8465fbaf73335425207af4aabd76a67c48f77b2551bca59c16043b7
fake_bpy_module_latest-20240417.tar.gz,2024-04,benign,CLEAN,0,0,60,76,867dab3662aeb9d5fb03f5555bc2221ce82da1fa5e2f6b9e0bc8dabf4a629b40
peaqevcore-19.7.10.tar.gz,2024-04,benign,CLEAN,0,0,62,76,de851c28d8a7125ffb678d13a7469dcac7ccddf1298a215b51dd36803b36ebbf
botocore-a-la-carte-neptunedata-1.34.92.tar.gz,2024-04,benign,CLEAN,0,0,62,76,79d2d2b65fb912cc701c97eb652de7c0c720402a3a01a05d26e335ef3da015fb
testsolar-testtool-sdk-0.1.2.tar.gz,2024-04,benign,CLEAN,0,0,62,76,8e34e222f88c76ca1fb64fd7eb154a711fd42ba3ecefcac720ca732dc697ca94
tira-0.0.111.tar.gz,2024-04,benign,CLEAN,0,0,62,76,0a4e61bd7874a387fdda723780b118c9ba4bd663aae7513d48fb91e38aae6e11
synnax_freighter-0.5.48.tar.gz,2024-04,benign,CLEAN,0,0,62,76,24e68769641a2dcf72428299ab131b51c4fdf53b55598d0995426d2e4c9d8043
agentql-0.4.1.tar.gz,2024-04,benign,CLEAN,0,0,62,76,832953a95077b74bdc9c6fdcd043eb56d3fa74b06881855e560363110b1b3a0f
botocore-a-la-carte-cloudcontrol-1.34.82.tar.gz,2024-04,benign,CLEAN,0,0,62,76,ee43c513c251a31ac8a478e9895aa73e01e2d81b22994679f9a5eaabd864a0cf
alphaz-next-0.5.1.tar.gz,2024-04,benign,CLEAN,0,0,59,76,f918fc40b473597fd7475fdbe26a29b4c7d6492537fd1ce5c1f4fa8f5cf2df90
dbtc-0.11.2.tar.gz,2024-04,benign,CLEAN,0,0,62,76,97f921e6f6c530e808afae4977014fe25ab0dc5c17b7f059363b766e233be393
cellxgene-census-1.13.0.tar.gz,2024-04,benign,CLEAN,0,0,62,76,0aa39b73eaf65a5f588eacca6279225e13a7d219558c55b69a20814689f8188e
botocore-a-la-carte-pipes-1.34.92.tar.gz,2024-04,benign,CLEAN,0,0,58,76,4a5a2b6e8f046d4f3d249f46535c3f484f7e857258f9fef4fd24dad15500d60e
quantplay-1.5.46.tar.gz,2024-04,benign,CLEAN,0,0,62,76,16500b1689b4d7447d4cb5e65cc01531640c28cab1e5f3ca46c89bfbe1386c0f
supervisely-6.73.71.tar.gz,2024-04,benign,CLEAN,0,0,61,76,4b897b2b76c16a386cf6ea64cc572fb9bec749b49b081dc029acb69313aadcfe
tencentcloud-sdk-python-vm-3.0.1138.tar.gz,2024-04,benign,CLEAN,0,0,60,76,1a0b55e3283e7ff29c6f0e3a2fafd306ad3260fe3c7cdd1d759a05c44022ec6f
wafer_debconf-0.15.11.tar.gz,2024-04,benign,CLEAN,0,0,62,76,62f058f675f3641f3bcf1485a1ebc15ae2a6713585961104bd5ae46174472fba
botocore-a-la-carte-fms-1.34.82.tar.gz,2024-04,benign,CLEAN,0,0,62,76,aa0b4c90f9d43dbebd6722cec1b5cefeef0df12b1dec70e225499881a9abfc6b
faker-commerce-1.0.4.tar.gz,2024-04,benign,CLEAN,0,0,62,76,015428f0a5f176b20879f984d52517355e12f4b936c3f0f4e27ea0199219dbe4
trace-attributes-1.0.31.tar.gz,2024-04,benign,CLEAN,0,0,62,76,05552b3e126a5aee4fbae79a5d78a05497f72beb7d2f13079d370d7c08dc32b3
finbourne-insights-sdk-preview-0.0.764.tar.gz,2024-04,benign,CLEAN,0,0,62,76,4278d8b1e1af77635f98dc7032bdd7a7ae9a9616f93e2d9aadf8870de06d4b3b
botocore-a-la-carte-iotanalytics-1.34.77.tar.gz,2024-04,benign,CLEAN,0,0,62,76,f0c88a1d3696ddc298d25211b97257d711e648c013ee6362767d71e0497bd1ed
aws-solutions-constructs.aws-lambda-secretsmanager-2.56.0.tar.gz,2024-04,benign,CLEAN,0,0,62,76,3cff797c63c9363d2b2b274f09057175a091f53efbeb0df44297bcd73ff15041
textual-0.55.1.tar.gz,2024-04,benign,CLEAN,0,0,56,76,64411dd30cf46b21d50353a04c65edfdd279c0cc74c882d24cf20f5976acdeff
mlflow_oidc_auth-1.3.2.tar.gz,2024-04,benign,CLEAN,0,0,62,76,a13fca1ae5a4c1474545d3bc9d1acecf29ce9b56dc9818f3adb1569744b6336e
tea_tasting-0.0.3.tar.gz,2024-04,benign,CLEAN,0,0,62,76,bf056bd742ab2533b7829bf0ce59d0f332ae2b43ca8553f1eb90c6c42f3b89ea
opentelemetry_instrumentation_haystack-0.16.7.tar.gz,2024-04,benign,CLEAN,0,0,58,76,70940b1af40b89ce159f469477aeb18bdeebc8c94f05926caee2b1089160c841
biocypher-0.5.42.tar.gz,2024-04,benign,CLEAN,0,0,55,76,9fc71daf4ab1288a3da98c8ed1441bf16228d59c54905313960ec203ecb66132
tencentcloud-sdk-python-cdwdoris-3.0.1133.tar.gz,2024-04,benign,CLEAN,0,0,38,76,9c002792c0b87a1b55eae60aa17c67c543713f833d0ce3a76b18b858a72852e8
pulumi_cloudinit-1.5.0a1712399322.tar.gz,2024-04,benign,CLEAN,0,0,61,76,a7a9b025a56f14b73d185c7cc76655bcd8e26637de8f2ccccb0884faaa621c9b
types-aiobotocore-healthlake-2.12.3.tar.gz,2024-04,benign,CLEAN,0,0,62,76,d2463b532d6b929417cb76b22877a38a3f57c07cc7ac5ec03c58a042c5c48022
pyphetools-0.9.81.tar.gz,2024-04,benign,CLEAN,0,0,61,76,ff3f783d3f5e6ee99c3e5acd5b0b66cbb95e99506e10c255ed10a3c63fe5c33b
alita_sdk-0.0.18.tar.gz,2024-04,benign,CLEAN,0,0,62,76,0567d36cb30141b271f041811a4305d32783c4c71ee44c1476eaea27cd8597b9
pulumi_signalfx-7.2.0a1713976306.tar.gz,2024-04,benign,CLEAN,0,0,62,76,258763a02c83d2435b88aef767592575825f90d42e2bae57280bae80b8c77fdd
scimap-2.0.5.tar.gz,2024-04,benign,CLEAN,0,0,60,76,381348c1986835c1e89d3a1c74a033d61602f339f11ae5fa598deb28da0abbdd
cybrid-api-id-python-0.115.108.tar.gz,2024-04,benign,CLEAN,0,0,62,76,dc75b582b1b8976aa6ca1b854cc05c0191a10e5424b7f78b63d1edb0722efb63
lavague_drivers_selenium-0.2.3.tar.gz,2024-06,benign,CLEAN,0,0,61,76,b86417020b18a8e7b460aee41b7f7fa47c54a22a25d0f095c2dd053e893b7629
pulumi_ec-0.9.0a1719553819.tar.gz,2024-06,benign,CLEAN,0,0,62,76,95c8bc1bf60c33dd6603d3244392eed3fc587587d30acf386199ef1b2eb90146
sqlframe-1.6.0.tar.gz,2024-06,benign,CLEAN,0,0,62,76,3e34275d6f068824d655431fc0084ee33b64075a8814312163193a589de36526
fake_bpy_module_latest-20240617.tar.gz,2024-06,benign,CLEAN,0,0,60,76,b6756ca229b259c0574fe7d8119072851412742c643b747f0c518cdeb2f84337
uiprotect-0.12.0.tar.gz,2024-06,benign,CLEAN,0,0,62,76,34241fc36f018461cc8a0dba8286f569fc9c0d6c7cd809e47550e3fb3020c54c
botocore-a-la-carte-route53-recovery-control-config-1.34.125.tar.gz,2024-06,benign,CLEAN,0,0,62,76,ed90fa1f5717814a7dd8b39341e83da5727a7decb7af6fe99acb83a1bca74b7a
xiaomusic-0.1.62.tar.gz,2024-06,benign,CLEAN,0,0,62,76,21918ec69747c959485f7ac1e71828b0b9ab888c9e85bd9e7608de4268649e93
tdcrpy-1.12.4.tar.gz,2024-06,benign,CLEAN,0,0,60,76,bd0c1fdbd2c18b96a11560e3e36c0351dbc293c97cc6b32377af747e87de2ddd
cookit-0.4.2.tar.gz,2024-06,benign,CLEAN,0,0,57,76,090cee85e953fb5199990d7a7182ee5b5b729453a50761cc5e93a8231eac2f88
botocore-a-la-carte-workmail-1.34.133.tar.gz,2024-06,benign,CLEAN,0,0,61,76,8712e2a7b4d51806c9bbf09bfe5cc77d80cf8ff8d8775a92d68060aa3883f0d9
pixeltable-0.2.10.tar.gz,2024-06,benign,CLEAN,0,0,62,76,4b60e9caeee87c9b9f9a5da6b4551cc48c2554bc7a5174f1cc9833579fa7adc3
tecton-0.9.8.tar.gz,2024-06,benign,CLEAN,0,0,62,76,9ac447076b5d5a7ed49e007eb6e6a538a30645323854bf7db02c8bf91d5d6fe4
tinybird-cli-5.1.0.tar.gz,2024-06,benign,CLEAN,0,0,60,76,5a60d1b4554b2d287b89b4ca7467708180986376135b96612fa65b12831c582d
openmoji_dist-15.0.0.3.tar.gz,2024-06,benign,CLEAN,0,0,44,76,3ba6be437a1cbf3730122c7442a40077cc9cc3d85c404a6a5a1bd94d993e1c71
actionstreamer-0.1.26.tar.gz,2024-06,benign,CLEAN,0,0,62,76,5af2e183d31661cc16c2aa746a14831567921106c4619a8e72d60ca66087e8f6
tencentcloud-sdk-python-cme-3.0.1178.tar.gz,2024-06,benign,CLEAN,0,0,61,76,f5e3950bf1444b93fdec57c9e3446a03d4fb18a7379a5dea4ff10d79f8cf416a
vonage_http_client-1.4.0.tar.gz,2024-06,benign,CLEAN,0,0,61,76,aeb578d6a7c5f7daeaf37473495d37af7f181fd40c146bb769488b438aa2ae49
wmill-1.348.0.tar.gz,2024-06,benign,CLEAN,0,0,62,76,cfd83df45d525e085e38b55c986633e548c6b1572faa0fe16888db9bd8e9f054
botocore-a-la-carte-verifiedpermissions-1.34.118.tar.gz,2024-06,benign,CLEAN,0,0,62,76,668f696e65649c004065fb016975e4d45040a4380071a667cb47c30ab1f03e53
botocore-a-la-carte-docdb-elastic-1.34.119.tar.gz,2024-06,benign,CLEAN,0,0,61,76,cbdb14acbb68e293aebc001f4fc7ec1cb9fe66d8b34b9e68cf7980ed1d2a7688
tencentcloud-sdk-python-ckafka-3.0.1166.tar.gz,2024-06,benign,CLEAN,0,0,62,76,e617281fd5395351bc12fd92f74388bfefd73644d11b369dcd108a6b62814694
types-aiofiles-24.1.0.20240626.tar.gz,2024-06,benign,CLEAN,0,0,62,76,e103ef711bab0451d833a2e233de49d5d3e593fa2c12dc265b4e79e2985e9282
botocore-a-la-carte-network-firewall-1.34.127.tar.gz,2024-06,benign,CLEAN,0,0,62,76,56bffb3be4580946126fa4fa7f3fa63bc1b90d2abe4a4af42b16748b72dc761e
amalgam_lang-11.0.0.tar.gz,2024-06,benign,CLEAN,0,0,63,76,a6eb6d21b3bb39d20130b6dc271a50328ad74b966473b70465a9c04aace9be7a
lionagi-0.2.1.tar.gz,2024-06,benign,CLEAN,0,0,62,76,5772142519c27f71a4f8e6d987d3a7a97fc4dec8bc0176fd32cc54cdaa82f9b1
synapse-2.172.0.tar.gz,2024-06,benign,CLEAN,0,0,61,76,b8562fd34803a8e89f306d6205e18d4a1170295c41e8f7353b44dbd30f7ceb93
nse-1.0.0.tar.gz,2024-06,benign,CLEAN,0,0,62,76,88a81bf6cc6883506db615eefab94dbac485d54725abd871ce35dd2b0795e90f
tencentcloud-sdk-python-vpc-3.0.1171.tar.gz,2024-06,benign,CLEAN,0,0,62,76,eb804d128671dcf1ea4c65c970793941ca5e776cde5329080167114c10ccd295
pymmcore-11.1.1.71.1.tar.gz,2024-06,benign,CLEAN,0,0,62,76,110282b1e1d9a0e1090e08a83755b691b0fee5798cbb9bb7e4c3aa0bb0a83d96
tencentcloud-sdk-python-organization-3.0.1172.tar.gz,2024-06,benign,CLEAN,0,0,62,76,1e38327304079b5be8a6d447474e4e4ee7039a6ee0c374a1a40d067217fa3a4b
ccs-digitalmarketplace-utils-66.3.0.tar.gz,2024-06,benign,CLEAN,0,0,61,76,63726a7a877a7722f80e36785639f32a1512d74eecf405f027d22344871ba4ee
leads-0.9.1a3.tar.gz,2024-06,benign,CLEAN,0,0,46,76,f3a1200753f24400b754405e86cbb29cf8a826c1e84c8a8aa67ae4305201a56c
pulumi_vault-6.2.0a1718866302.tar.gz,2024-06,benign,CLEAN,0,0,62,76,c0dc7cb6d932a0df98f4b09a5548ffda1d0ed85680e7d30a9f8d3ad86f88c8ba
a9x_webstatistics-0.4.10.tar.gz,2024-06,benign,CLEAN,0,0,46,76,16375e27f12752d4f790c8e59e7742396f0a6bb9047f4b8d758ef48982d08fab
aws_sdk_signers-0.0.2.tar.gz,2024-06,benign,CLEAN,0,0,62,76,565f19eb8f0d5566d56d7ff058b21ceae8de92cd773502670bbcac6ac4d6e4a9
botocore-a-la-carte-swf-1.34.131.tar.gz,2024-06,benign,CLEAN,0,0,62,76,1c58342af7cdf0d578f39e377b59e7128ce56adc2e9c1ab94ea065751657f38c
benchmarkfcns-2.2.0.tar.gz,2024-06,benign,CLEAN,0,0,62,76,6708f17e612e3ab1ed8f57e416069308a9029fb32757a4492b0ce8a325731b75
trytond_purchase-7.2.2.tar.gz,2024-06,benign,CLEAN,0,0,61,76,e2744e5c37901ff77e0e2aacfefd446a922057dd754d9a79d88f03647a09e266
google-cloud-storage-2.17.0.tar.gz,2024-06,benign,CLEAN,0,0,62,76,3e1aaeebd7a609dc0b765864891725dd577f3824b99fc7e560097be19f22807d
botocore-a-la-carte-pca-connector-ad-1.34.132.tar.gz,2024-06,benign,CLEAN,0,0,62,76,6ddd1e86fbc81b9053c729464abcc37faa8a7daec87c09f202f6824558247dfe
botocore-a-la-carte-savingsplans-1.34.133.tar.gz,2024-06,benign,CLEAN,0,0,61,76,b289f04518ca07167c37f4f81c72dae04f2ed4958f9c5872e49c9bb80e230e64
harambe_sdk-0.13.3.tar.gz,2024-06,benign,CLEAN,0,0,61,76,fd52f946f847e8abb9b7ec828f2eb9323b4939632ef72a050b88e77968a74be9
alita_sdk-0.1.50.tar.gz,2024-06,benign,CLEAN,0,0,62,76,c1f04547cbcc176816b18f1654bde23a18f9a35cfafac8b53c9cbf9dd9ee67ae
pyobjc_framework_pushkit-10.3.1.tar.gz,2024-06,benign,CLEAN,0,0,61,76,cc8f80ea0b023acce78e313b5d509cd9e259573d376a93d044e1dfb5f6cf14e6
leap_model_parser-0.1.149.tar.gz,2024-06,benign,CLEAN,0,0,62,76,f0dceaf69aa7141d8ae2c3ff5d05e8fd4767d44782cbe30d50cade9b49b98d58
xiaomusic-0.1.51.tar.gz,2024-06,benign,CLEAN,0,0,62,76,1604c99dccbd9a3f7eac6894be3a8b2b0fed81c9143aaa0e8d4a626f1dd9923e
data-repo-client-2.82.0.tar.gz,2024-06,benign,CLEAN,0,0,60,76,94be875093d75f3629bbf46f3ce9dd51984505941d9ee317ab30fc85cae6c8f3
pulumi_archive-0.1.0a1717650565.tar.gz,2024-06,benign,CLEAN,0,0,62,76,2f25eb15b6884da25c8547453a1ba9751fe82e7ffe782a512ae69667674d193b
honeybee-radiance-1.66.69.tar.gz,2024-06,benign,CLEAN,0,0,62,76,66e975364cbb5e954219f49a1b365bc136ac293e7f135c0aef026f9528d2d7e9
valmi_connector_lib-0.1.163.tar.gz,2024-06,benign,CLEAN,0,0,62,76,1807f4f536663b83a80a999b8faf6beec3ca16a014915255f713f2a0362f7468
snowflake_connector_python_nightly-2024.6.14.tar.gz,2024-06,benign,CLEAN,0,0,61,76,5e65a5fd958cb63c9222c0ebdbce471c5b15a04a4abe80ccb74c9f1df4d76327
attr_utils-1.1.0.tar.gz,2024-06,benign,CLEAN,0,0,62,76,c2589fa2d23f98b46becb275d2c38f1ef3795cf1487b09161e2ae71f59e6b56b
botocore-a-la-carte-rum-1.34.121.tar.gz,2024-06,benign,CLEAN,0,0,62,76,d6e8ea84107f1ea395032fab8bbca5dd6b84aec33f76fe30af8863efd9941643
mgqpy-0.1.10.tar.gz,2024-06,benign,CLEAN,0,0,59,76,6a89eba3639f51ca6a181b69b8a09fbed17e0e158315f9baabe5a6d6e4526f31
zaber_motion-6.1.0.tar.gz,2024-06,benign,CLEAN,0,0,62,76,4b2c743d6d5e84b1777166e0b8abd9fada04325ba46f10cb797381691b7559a7
fake_bpy_module_latest-20240627.tar.gz,2024-06,benign,CLEAN,0,0,61,76,4b39e2a2e876d7cfec2f7436b3ccdd6f0817b37610cd5c8f9bced97658038e9b
botocore-a-la-carte-elbv2-1.34.125.tar.gz,2024-06,benign,CLEAN,0,0,61,76,4b7654e7da26c72db5d5810c4d689812ddf3e4cce32634d10dfcd235090b3d90
seg_metrics-1.2.5.tar.gz,2024-06,benign,CLEAN,0,0,61,76,372243f04f34ff8009f48e8f2041e7682627ca9e5adafa0285499936bca6195f
basedpyright-1.12.6.tar.gz,2024-06,benign,CLEAN,0,0,49,76,2a11957fec0ca665ba88da3aead2961abfc2e32528bf312c1e5677a3bcb176bf
preset_cli-0.2.17.tar.gz,2024-06,benign,CLEAN,0,0,61,76,3144129828c1b2ca04ea224b271a52124bc92ca18e97af84d47b7f5338128cf0
tccli-3.0.1139.1.tar.gz,2024-06,benign,CLEAN,0,0,52,76,241eb9738496d76411e252f7703d6885a075c6f04cb6d67faf8c2bf8ba848bc8
botocore-a-la-carte-redshift-serverless-1.34.124.tar.gz,2024-06,benign,CLEAN,0,0,62,76,1a04ea0330181ee8509d83225dce3edc78030ba4cfe84b5bc23c4bca78dba6ef
therix-0.1.14.tar.gz,2024-06,benign,CLEAN,0,0,62,76,1e8ab54f197fc6723d919e3f897493dee25223777ab8a5ce8ce3b1b0110cc4f4
pyroblack-2.3.84.tar.gz,2024-06,benign,CLEAN,0,0,61,76,3362af24d328c237eb75103b825ead15b1b57e8da9a7f431cdcb8de0c173cf10
langchain_core-0.2.4.tar.gz,2024-06,benign,CLEAN,0,0,60,76,fa693baa40c18672c79d89de192864fc20e93031f1b2ae238fb1ecd28f8935f3
tencentcloud-sdk-python-redis-3.0.1160.tar.gz,2024-06,benign,CLEAN,0,0,62,76,7bcdc961bcbd75a40e18f014b611795f18d561e6b9a4d0f03cce336f92cf2968
botocore-a-la-carte-cloudhsmv2-1.34.123.tar.gz,2024-06,benign,CLEAN,0,0,61,76,442f8253392ed9683770585adfbfeff88e5fb1cce522521ae44e553b4b32eeb0
opentelemetry_instrumentation_pinecone-0.21.5.tar.gz,2024-06,benign,CLEAN,0,0,62,76,daa2630e56a931bdcf7c7d4e8f44982e37412c8b02f577ae769cccf3be583c4d
genomicranges-0.4.19.tar.gz,2024-06,benign,CLEAN,0,0,61,76,cb04a2da3d693b7de1ec5914f6954321da100e1e337a8e722800ff3c7ee0c117
pyserini-0.25.0.tar.gz,2024-03,benign,CLEAN,0,0,43,76,aa158328b75321aaca4e35eb6e3b5b7b2fbba1aae0f05b723b183a09332e4797
adata-2.0.0.tar.gz,2024-04,benign,CLEAN,0,0,55,76,97cfcbf2e4b783f834ff895b53ac7710dab21f4e502a4872ff042f2ad80e8215
altscore-0.1.107.tar.gz,2024-04,benign,CLEAN,0,0,62,76,0a3b875cafb80633444d3f3ff39fe43297eb3aa583966c3b20293da84d81db9f
aws-solutions-constructs.aws-alb-lambda-2.55.0.tar.gz,2024-04,benign,CLEAN,0,0,60,76,2cd34a509b26b9780a65d134e709b9892c111878a55d82217820ea5753acd447
boto3_stubs-1.34.88.tar.gz,2024-04,benign,CLEAN,0,0,62,76,33ae0b6ccfda8b7aa0bb10a969f8b684115f9e40b5f73ee4f19e4e81c7423af4
botocore-a-la-carte-comprehendmedical-1.34.85.tar.gz,2024-04,benign,CLEAN,0,0,62,76,2551d344ac13c5fccc4ea1a787855249557fae8659b78020dc2426f61c4ae2b5
botocore-a-la-carte-dynamodb-1.34.82.tar.gz,2024-04,benign,CLEAN,0,0,60,76,bb460d9b0a55508f430788bbf2faa9f7a696a9ece8e7260728886b69581bc08a
botocore-a-la-carte-managedblockchain-1.34.80.tar.gz,2024-04,benign,CLEAN,0,0,62,76,428c00d2f5eaf993c2b8e724d65ca48f4d3529d06e205c32c571f23119804477
botocore-a-la-carte-opensearch-1.34.80.tar.gz,2024-04,benign,CLEAN,0,0,62,76,6c1872957cadedef1f91a486e06a63ddbe464bc3006cc1d91af3ea31e843604b
botocore-a-la-carte-workmail-1.34.91.tar.gz,2024-04,benign,CLEAN,0,0,62,76,4ad54b99659b42e8937c9520f66cebd715968afc4f1ba63fae6b470e27b140d0
cybrid-api-bank-python-0.115.65.tar.gz,2024-04,benign,CLEAN,0,0,62,76,7f4742ed3ecc7928a446a9158d5c5f607f82282ffb6aa3d26f220a03e0d46b93
datalad_installer-1.0.5.tar.gz,2024-04,benign,CLEAN,0,0,62,76,08a6f30bfd51fabc93d700ac01d745d88bbd4a493d3cb66d0b67dc7b0e1992af
fbnconfig-0.0.37.tar.gz,2024-04,benign,CLEAN,0,0,61,76,2c6fc70ef2f7dae480adae53a295988f24210b6958e8a2bef6066537217426d1
hcloud-1.35.0.tar.gz,2024-04,benign,CLEAN,0,0,59,76,3bab2e2b51a809dc1d876b7e09dd47334fae46ef1d83a08baf5fcaa0dcfa2b95
ign8-4.11.1.tar.gz,2024-04,benign,CLEAN,0,0,62,76,032109c1db9157104eb5484e296870aa91cfa02e8e629d66e53a7d49dd4bbeb0
invenio-communities-13.0.0.tar.gz,2024-04,benign,CLEAN,0,0,61,76,c77874f87b6b3944d1bfaf5bb5d4d394015f80df089c17677c65813655a99fe8
invenio-rdm-records-10.3.1.tar.gz,2024-04,benign,CLEAN,0,0,62,76,aef164acf9dcff6a41ff19220d82d60f5113bff4fbf4a271536c9a263eaf3e11
iris_pex_embedded_python-2.3.25.tar.gz,2024-04,benign,CLEAN,0,0,62,76,fa03f08b59bd1af816d8a47e72d34fdc738855d44570dc9114a86df96a44e090
jgtpy-0.4.27.tar.gz,2024-04,benign,CLEAN,0,0,62,76,0e80785e4cf196d07bfdd08adae29ab44bc59fbecbbd9224ad95f42fd6e12a4e
large-image-source-dicom-1.28.1.tar.gz,2024-04,benign,CLEAN,0,0,62,76,656c0a2afb30a7d6e69c622d1aff3b9d000e27196ea1d044294c9ba9032ae9dc
lbt-honeybee-0.8.214.tar.gz,2024-04,benign,CLEAN,0,0,60,76,beee191d31137b39b452f3b0be2aec1957b08f439a619aebcda9ec9309feae26
mimllearning-0.2.1.tar.gz,2024-04,benign,CLEAN,0,0,61,76,eb2ef52d4746af97d1339b26fc8531c1ed6186a03b9a17dbf9118dea5be98c05
mov_cli_youtube-1.2.0a5.tar.gz,2024-04,benign,CLEAN,0,0,62,76,c1bb1f67b98929cd6a11bda435de2131b068a6f92b71b13888fedd7789fb03ac
pasqal_cloud-0.7.1.tar.gz,2024-04,benign,CLEAN,0,0,61,76,d58faf48e757a70e909765711567c9df94ba40c7e4e6644e6a10fae0d50a3c59
pyecho_cli-0.1.0.tar.gz,2024-04,benign,CLEAN,0,0,62,76,54cdc66216bc6134375e73fa5d48e0352b145cada2e10042a62d5f816ae04871
pygeohydro-0.16.1.tar.gz,2024-04,benign,CLEAN,0,0,61,76,96259dadf600427a41445cdafc0704e1ec7e3122c181b41f8e280a6e3839fb34
qbraid-core-0.1.1.tar.gz,2024-04,benign,CLEAN,0,0,56,76,f476671fbc0bf21a6cf6352a6c9c754fe72d827d8e2f5618e3fe6ddb9f4a1e50
smaht_submitr-0.8.0.1b10.tar.gz,2024-04,benign,CLEAN,0,0,63,76,e04827b5e97448ea16caf989557cf224e175d39e8d1d6b2116632c65881fc3ba
superlinked-3.23.0.tar.gz,2024-04,benign,CLEAN,0,0,62,76,42f65b1990ec05256fa0923fdc2601a46da8ca80f78ee8d065c2f05d39c1bd59
synnax-0.16.3.tar.gz,2024-04,benign,CLEAN,0,0,59,76,5e18380da3aa3e42c5ebe97b04bf56a1a85c3080628ef55313263d77ba5ae3e1
synnax_freighter-0.6.1.tar.gz,2024-04,benign,CLEAN,0,0,62,76,516eb6d93eec908f1b5e1bdf6f0cde9eb0591a33642baff7bd64cb8cc88238ce
tencentcloud-sdk-python-iot-3.0.1127.tar.gz,2024-04,benign,CLEAN,0,0,62,76,bdc805b7b809d316b79231af3845e8815396fc4ad92a1ee555a935bff702c9b4
tencentcloud-sdk-python-tcaplusdb-3.0.1135.tar.gz,2024-04,benign,CLEAN,0,0,62,76,7f35bfe75ecddbaa6d15d3eed894a2acfafcb4b5592723cd5d58f56cd196d14a
tencentcloud-sdk-python-tia-3.0.1134.tar.gz,2024-04,benign,CLEAN,0,0,62,76,1f809bbac967c16ad0f69da593086a263d298e1612b659bd730ca5b3a98e2aa1
tencentcloud-sdk-python-wss-3.0.1131.tar.gz,2024-04,benign,CLEAN,0,0,61,76,18910af2ceb6b758304e85d3680cd094e908e73fd561c60894051b16352d0e2a
trame-vtk-2.8.6.tar.gz,2024-04,benign,MALICIOUS,2,0,60,76,f2d24f787b15bc80b33cec90f51317587df46b070a5a9548ccfdf131a83ccf6d
types-aiobotocore-b2bi-2.12.2.tar.gz,2024-04,benign,CLEAN,0,0,62,76,69bd22a4ce9e7787c624422cb10f0854c780e791423f6bde8048b95494c82327
types-aiobotocore-translate-2.12.3.tar.gz,2024-04,benign,CLEAN,0,0,61,76,393f40c23cf09ea3bc0798fc7f7acf6ec6ae40cc87239f671fba82ddefd5b715
adaptix-3.0.0b6.tar.gz,2024-05,benign,CLEAN,0,0,62,76,73151d06e1328630c0c86a6dde3f3dc76bef5872d70482575c820c967f6b1c7b
advanced_alchemy-0.9.3.tar.gz,2024-05,benign,CLEAN,0,0,62,76,50bcae286f14627a84f2fd9618c47e8f014e6d51c6b3995d7fb4a2408526e37b
agenta-0.14.12a2.tar.gz,2024-05,benign,CLEAN,0,0,62,76,cc1c3fd45cfa64c2404b20dca6668faa3953d15c520165961dd0e1b69b6bac23
airbyte_source_github-1.7.2.tar.gz,2024-05,benign,CLEAN,0,0,45,76,f5a7b1f4d79e4248e641f7d1dcdd3bfbb09ae5963aaa7a880c169ef7574f76ee
alamos-0.3.58.tar.gz,2024-05,benign,CLEAN,0,0,60,76,c9ded68a5567c0cf700173a11388c2054f8836984464b7a9c202ee99a164761d
alphafold3_pytorch-0.0.39.tar.gz,2024-05,benign,CLEAN,0,0,48,76,5da230eff3ef2d36433fd46602a437727f410fe7748c5896968433faf8d544ce
ansys_sphinx_theme-0.16.0.tar.gz,2024-05,benign,CLEAN,0,0,61,76,064a902409c462852178700490d3e4f54948b5c2e6df03b9e6b4bcb59a1bb065
apache_airflow_providers_yandex-3.11.0.tar.gz,2024-05,benign,CLEAN,0,0,62,76,1741979c71eacbcfb8bb756ed48de836b69dd063641000a14c35989c5f3d0996
autogluon.timeseries-1.1.1b20240501.tar.gz,2024-05,benign,CLEAN,0,0,61,76,d081ef18b3dcd6ccd152fd4630ffafdf090ef5b8b5435374ecb4bdde9d046af7
autotrain-advanced-0.7.108.tar.gz,2024-05,benign,CLEAN,0,0,42,76,099530e8007a0205c2caf07454eba794b7c2c75d383c87321d84b3fdd7be1c8e
aws-solutions-constructs.aws-s3-lambda-2.58.0.tar.gz,2024-05,benign,CLEAN,0,0,61,76,610f46e89416ea6f3c89ab493cae0b190ff7bd45f86ca25f18cdbe2da8d6f944
blechpy-2.2.14.tar.gz,2024-05,benign,CLEAN,0,0,62,76,159cb61eee108f291b08a05336c3a05d3e397c8771d8874fe54db721e02f6710
blueapi-0.4.3a3.tar.gz,2024-05,benign,CLEAN,0,0,50,76,adaa019d5612295fbb0eab821ea7b9c4b4c90b48d6ac8994b0adc74823956dfa
bota-4.0.51.tar.gz,2024-05,benign,CLEAN,0,0,60,76,1c18f6ae127f85bc26d70c4c970d6793ed7762a93f43a02ddd4c88ce6d7cd7e4
botocore-a-la-carte-application-insights-1.34.101.tar.gz,2024-05,benign,CLEAN,0,0,62,76,140d3ffd1bff399334f285533ad89eefd6c4c80af09b9d7ed90f7dda081c3fe8
botocore-a-la-carte-braket-1.34.99.tar.gz,2024-05,benign,CLEAN,0,0,62,76,4d2e882b2128d78979c74b530248ce893e8fab459c2b2221a95ce63acf3fe498
botocore-a-la-carte-cloudwatch-1.34.96.tar.gz,2024-05,benign,CLEAN,0,0,62,76,fae7456206a7b3f68999361782950097fb16027643ce0e0f21130ea07c71b447
botocore-a-la-carte-codebuild-1.34.103.tar.gz,2024-05,benign,CLEAN,0,0,62,76,c9809d77a78f953ee26ba7056c892f6c30a4b8703e08bbe501ae836d130be5b0
botocore-a-la-carte-emr-serverless-1.34.114.tar.gz,2024-05,benign,CLEAN,0,0,61,76,f7f3e1f5644c6749b00bcddbc2a2792bccd89bdbe3b36156f5249bfe82a0d8f5
botocore-a-la-carte-iam-1.34.113.tar.gz,2024-05,benign,CLEAN,0,0,62,76,2df7de823efbefc810dc13433e1c46e5ed73fad9390adf3d39051e12c08bbff6
botocore-a-la-carte-iot-data-1.34.97.tar.gz,2024-05,benign,CLEAN,0,0,59,76,4bd86b43ef9949469a8e4e4b9bc7a38b34b0a6ed2cc41238f48043eb146a646b
botocore-a-la-carte-kafkaconnect-1.34.104.tar.gz,2024-05,benign,CLEAN,0,0,59,76,ea914edd8db2ec2b6cc081989598fbfa3b73a613d2a17a5f56c52c0272510573
botocore-a-la-carte-license-manager-linux-subscriptions-1.34.107.tar.gz,2024-05,benign,CLEAN,0,0,61,76,88b3299df49db29ad4a74386d260c64aa124e76b926a63c708a3b27dfe280c2c
botocore-a-la-carte-managedblockchain-query-1.34.97.tar.gz,2024-05,benign,CLEAN,0,0,61,76,a1c676800f6f4d0b3c8340b04478074b6710450e376a122187e89f0971bb1986
botocore-a-la-carte-mediaconnect-1.34.104.tar.gz,2024-05,benign,CLEAN,0,0,43,76,34424d11c7056c06133c1d1299eb806774bde79eab6262b27702353f9d00ce82
botocore-a-la-carte-mediaconnect-1.34.110.tar.gz,2024-05,benign,CLEAN,0,0,61,76,368886c35ee2df6215d0abe34319c4d0abdf3258b66d3a64fc11e04fc3d03d90
botocore-a-la-carte-osis-1.34.113.tar.gz,2024-05,benign,CLEAN,0,0,62,76,774e25f0b9182a3a365e512c5fd008c3662df8ef2acbd499800eb86160238928
botocore-a-la-carte-sagemaker-featurestore-runtime-1.34.96.tar.gz,2024-05,benign,CLEAN,0,0,62,76,eb06203a0afa90b46554ad397b0009c86e9fb4317d6bf287590ca67dcab64fa6
brukeropus-1.0.3.tar.gz,2024-05,benign,CLEAN,0,0,61,76,dc6339a125b7ee7338992a9b203f671fa5a1be1386aa0e693c8fce5894493549
cashflower-0.7.1.tar.gz,2024-05,benign,CLEAN,0,0,61,76,5c534554df65da4fb53dabc2f5aef9eb38e64c6e74c365cd500a664e88f3573d
cdk-aurora-globaldatabase-1.1.610.tar.gz,2024-05,benign,CLEAN,0,0,60,76,98d9be60cac996227d3d79aa6f8c329369d4ad2c6315d2486bfa1d259701938b
cdk-aurora-globaldatabase-2.3.507.tar.gz,2024-05,benign,CLEAN,0,0,62,76,12f61ca073cfe7f33daac9b965122677123597bff1f7fb480f3566884353c600
cdk-secret-manager-wrapper-layer-1.0.606.tar.gz,2024-05,benign,CLEAN,0,0,62,76,eb191fe1eddb0ed86f1dee0ec3ac72802f54d25af6c312aa4eab78dfe2d5249e
cdklabs.appsync-utils-0.0.426.tar.gz,2024-05,benign,CLEAN,0,0,62,76,beaf5509634f2e1155d5fca75fc60cb0b331928836b363dd4f92e12d1231e7bf
cdklabs.cdk-ethereum-node-0.0.546.tar.gz,2024-05,benign,CLEAN,0,0,62,76,28dec9c7989c373c1451876f466c015678a4d9c779abbeaa3112b7436c2d64ab
cdktf-local-exec-0.5.18.tar.gz,2024-05,benign,CLEAN,0,0,59,76,bae430e3ccd0c7a8e22e0123671a3a3b67af0ee50648ee8bafa979580afb0cf0
cdo-sdk-python-1.0.143.tar.gz,2024-05,benign,CLEAN,0,0,62,76,ad16ed7e6a3495ad8b853da432ab29fe71f76d3fb32accabf754ea37e64027aa
cdo-sdk-python-1.0.176.tar.gz,2024-05,benign,CLEAN,0,0,55,76,d78367ee1724fd5c86a21dbf9c6e6b6d92c009cf237a99ec76025640b1cfcf95
cheeseapi-1.3.1.tar.gz,2024-05,benign,CLEAN,0,0,59,76,3d482e176ab146fcef4317e52e92ca3a6bd5c1748815e6b810bf1e9398ec9143
covjsonkit-0.0.6.tar.gz,2024-05,benign,CLEAN,0,0,62,76,a5f061175b0cb4acb997f1406711df301a16edb7d1b85df5324812aad7e8ec49
execsql-1.129.0.tar.gz,2024-05,benign,CLEAN,0,0,61,76,788776df783801ae80b905ef8a003366b3f914ee3ef17bb79aa298e84bfe06e4
finbourne_access_sdk-2.1.34.tar.gz,2024-05,benign,CLEAN,0,0,59,76,5c541c914b17e7ab84130e8b10e50f64d5ceae10e0724d750a7b2d41c77c1c4d
hepai-1.1.8.tar.gz,2024-05,benign,CLEAN,0,0,56,76,e9f652a2c33e718a912620a69afcb7740e30618e16f80aa9006f0c4ebe5b670e
jolt-0.9.211.tar.gz,2024-05,benign,CLEAN,0,0,62,76,6518f2ed5171c538b9d81108c57ecd6fa33a8f1930dab8a492f37918fca675e1
lbt-dragonfly-0.11.105.tar.gz,2024-05,benign,CLEAN,0,0,59,76,5a0d250e361a0a9ed72a72566c33d932336b97d43a7675e71af88bf03e98d09c
lonboard-0.9.2.tar.gz,2024-05,benign,CLEAN,0,0,62,76,72f21835580533bd45c6a01e79621b7c5ed7061da8fb340de5fdae83aca6b44f
markdown_convert-1.2.1.tar.gz,2024-05,benign,CLEAN,0,0,62,76,6446fc5d549eafbffe8a173923f6fa685d74897933fe8a5bab6cac58219c41e9
meeko-0.5.1.tar.gz,2024-05,benign,CLEAN,0,0,61,76,cebeadff9d20e90e3065fbe7efa3393c7b6e211eb37ef0b574263893fe38f38c
mimllearning-0.2.82.tar.gz,2024-05,benign,CLEAN,0,0,62,76,f1fbdc37abdb1b45d6fd36cad1c4661ed8a700e2af533ff3ecb6baa375694b18
mimllearning-0.4.40.tar.gz,2024-05,benign,CLEAN,0,0,54,76,5034f172f3145feacda6b529b075e8cabb245ac310b1a87953e940ed52430f96
nonebot_plugin_bilichat-5.9.2.tar.gz,2024-05,benign,CLEAN,0,0,59,76,59a9be8fef8979edbb26ff2b76bd0df8693bd59912a5cdd1b5991446431299af
openfisca_france-166.0.4.tar.gz,2024-05,benign,CLEAN,0,0,60,76,fcfc4dfa270b8648aa6207321cb6f04bb71a4e0893bed07b734511007ea29575
oslo.db-12.1.2.tar.gz,2024-05,benign,CLEAN,0,0,54,76,ee8f4739dc298a99e53ce752573ecf9940f48cd41567c8840120f15446ed58f3
peewee_async-0.10.1b0.tar.gz,2024-05,benign,CLEAN,0,0,62,76,b29301f262a936ef1a93819f1e26a0e02dbe0ce574ecc7d905eae9afcb01fdda
pg_sync_roles-0.0.39.tar.gz,2024-05,benign,CLEAN,0,0,62,76,0c63e982180c6862be9c7aa3d8e7e86a07fbb89ee56f5f7b89bab86697f86ecd
polars_lts_cpu-0.20.24.tar.gz,2024-05,benign,CLEAN,0,0,62,76,a24ae2903059082b12b7f2e0aba04609eaab10b46162b1ebc5ac0330c0409f1f
pulumi_keycloak-5.4.0a1717134225.tar.gz,2024-05,benign,CLEAN,0,0,62,76,05a4b463f3064cbbf430e4045e8539a14818d2e903fca248e04b6e3fb94b07fb
pulumi_oci-1.36.0a1715707046.tar.gz,2024-05,benign,CLEAN,0,0,61,76,f558699ac4d9114fe9af174af13f53ff01dd08ae494f3dce54c6dd061591658b
pydantic2_to_typescript-0.0.1.tar.gz,2024-05,benign,CLEAN,0,0,59,76,4958499cc76fe13ad3ee1b93f10a08e4f821de68a0d876e218f8c6e639d75207
pymatgen-2024.5.1.tar.gz,2024-05,benign,CLEAN,0,0,62,76,5d94a057307dc887b688b3962e46becfa67130398c7275edd9e533ebb0b7fc61
pymobiledevice3-4.8.3.tar.gz,2024-05,benign,CLEAN,0,0,58,76,4b067b729e83d5e08d1887439be689d663fcdda2e3bb60842b9497888f387ad3
python3_commons-0.4.0.tar.gz,2024-05,benign,CLEAN,0,0,60,76,f4bc766e38fbcde1ffd6f1872cb7acca7537d63deda5d11480f51f8d9e6ee8ad
rlviser_py-0.6.7.tar.gz,2024-05,benign,CLEAN,0,0,62,76,9a48370e57cd80e9cda89149962f3cd4cb35f7706462d9c5812e467735ba7a84
spanishconjugator-2.3.7810.tar.gz,2024-05,benign,CLEAN,0,0,62,76,d6263d0cdb470118c12e2cb2d9fd7a7b2d1646ecc991510be3bcc0fb1fdd1918
spanishconjugator-2.3.7812.tar.gz,2024-05,benign,CLEAN,0,0,60,76,c8500d7aa76ae096dd46c05489f97b12e07f1ca0d20f7e9f14d1df26196a1f05
spanishconjugator-2.3.7929.tar.gz,2024-05,benign,CLEAN,0,0,62,76,d96680599b5b8dd8fdcf2b364da0ad110df4c4fd7ecadb4afc25b30d9d0050fe
spidermon-1.22.0.tar.gz,2024-05,benign,CLEAN,0,0,62,76,fb2afc3d2a39f5f761e26ebcddb51bac73d405526d9ba45047b249aae7d4bed7
synnax-0.17.20.tar.gz,2024-05,benign,CLEAN,0,0,61,76,5a9cbbeeda094375ba8807f359ad784394ec2863da53dc0255e44f66fe6ec00b
synnax_freighter-0.7.8.tar.gz,2024-05,benign,CLEAN,0,0,62,76,6790fc1c9f3bc706c569d48afb2f13975a6207a15dc499ca318460ba0cac298e
tencentcloud-sdk-python-acp-3.0.1156.tar.gz,2024-05,benign,CLEAN,0,0,60,76,f0556ed2b948d2adf1580abdc2f0d7e6ccd04e7c5f3d2e6e2fd90dfc4444c2d6
tencentcloud-sdk-python-dayu-3.0.1140.tar.gz,2024-05,benign,CLEAN,0,0,54,76,abc40ba33966ced9d2d04bde7bf72edb0755c0c7709f008ba3fe51ff766cfd4e
tencentcloud-sdk-python-ds-3.0.1150.tar.gz,2024-05,benign,CLEAN,0,0,62,76,c221dd7f30ca92b7860aa609e892bfe53916f9ddadb2ee263d890cdcbe7806a5
tencentcloud-sdk-python-mna-3.0.1144.tar.gz,2024-05,benign,CLEAN,0,0,62,76,9b7e469dd5266fc22b9516d1327b2a08f8de0e36dc3457a959003c6931e8222a
tencentcloud-sdk-python-wav-3.0.1151.tar.gz,2024-05,benign,CLEAN,0,0,61,76,309ec2fe445ffbac700c37865bb40e3627c3ba83e534a9af569b133582e9b839
trame-simput-2.4.3.tar.gz,2024-05,benign,CLEAN,0,0,61,76,6a9bf5b0cb48c030343677395f04b30db6bf59f5e7d5b25c4b41302bccc39df5
types_aiobotocore_qconnect-2.13.0.tar.gz,2024-05,benign,CLEAN,0,0,52,76,c239931d5e8ad94f284c6a713905e8a3f9bea3460422f7f682c728ebe335d1d4
yandexcloud-0.279.0.tar.gz,2024-05,benign,CLEAN,0,0,61,76,c57b199d2599f637119140a8f4b157646763cddc0ff67c57c41f3a380feb8640
yeref-0.14.33.tar.gz,2024-05,benign,CLEAN,0,0,60,76,4d91048fb0967540f910dbf407f3581e338e080bf09aa9ae84a6ecc5c88c5b9d
youless_api-1.1.1.tar.gz,2024-05,benign,CLEAN,0,0,61,76,82ef4e77118e6a927bc453570d806102b8f03f3d028bd01a2123fd419f4ae32a
znjson-0.2.3.tar.gz,2024-05,benign,CLEAN,0,0,61,76,2a9e52ef2476aac4e42dfadea343bd7ca36de73f571f0e5e8d8b9e8420950559
apache_airflow_providers_odbc-4.6.2.tar.gz,2024-06,benign,CLEAN,0,0,61,76,e010813312093c2e00f6a51f70b4d3791a17ad618c60365af5bcd3c0f1c92807
asynckivy-0.6.3.tar.gz,2024-06,benign,CLEAN,0,0,62,76,94ba294ea2e79391a0f7264638b605f65098e738fd39f03b8f4ac14547e676a4
autogluon.tabular-1.1.2b20240625.tar.gz,2024-06,benign,CLEAN,0,0,62,76,c8360977c869d893020a5f0590fe320e5598523a04b832cbfac025396e720aef
autogluon.timeseries-1.1.1b20240602.tar.gz,2024-06,benign,CLEAN,0,0,62,76,397e355e47b902890c9dc0e419258337f53716f68822b7664338aa5561760ee9
aws-cdk.cloud-assembly-schema-2.146.0.tar.gz,2024-06,benign,CLEAN,0,0,62,76,36fa529d08afa8644fdf90810aedf27e3a8340961e83ef5c78f5506e4362471f
basedmypy-2.5.0.tar.gz,2024-06,benign,CLEAN,0,0,61,76,893469602d72f79de73ed886e6a7c88982c502c7585af1b4292ee2ebbdf50178
bluepyemodel-0.0.119.tar.gz,2024-06,benign,CLEAN,0,0,56,76,22dac0152f6f329f1bbef8aff1b70d86f63dc5b850a2d6229268a41b63e27761
botocore-a-la-carte-acm-pca-1.34.122.tar.gz,2024-06,benign,CLEAN,0,0,62,76,dd9cc6b79bb39455b1bc48cc68802275a6c4daff68e2a8938a2f7bbc971ab137
botocore-a-la-carte-amplify-1.34.135.tar.gz,2024-06,benign,CLEAN,0,0,62,76,c3f5f489278bc2af619a7f4ede49e685bea3beae7e20130227a731ed372da96f
botocore-a-la-carte-appflow-1.34.120.tar.gz,2024-06,benign,CLEAN,0,0,61,76,58b61305d06306dcdd587c7eacf9eef00d5bdff79605f54fc45da113cb6b9179
botocore-a-la-carte-bedrock-agent-1.34.131.tar.gz,2024-06,benign,CLEAN,0,0,62,76,0673048a1f0532d2b3aa44a278108d067894bcc5533b16eeac102eeca13c44ad
botocore-a-la-carte-cloudformation-1.34.126.tar.gz,2024-06,benign,CLEAN,0,0,60,76,37e1d878360e416456685ffa3c98cf05eae09a8e45e5677d483e6afce1fba84b
botocore-a-la-carte-cloudformation-1.34.136.tar.gz,2024-06,benign,CLEAN,0,0,60,76,6b37ff33dbd97aba417c90e6d1a8850b2fef768c4c9089a00164c635dd370f97
botocore-a-la-carte-codecatalyst-1.34.136.tar.gz,2024-06,benign,CLEAN,0,0,60,76,8555c6c1b41a85a26b84bd38de721478c61352628be02e9f51d085f038cae995
botocore-a-la-carte-datapipeline-1.34.130.tar.gz,2024-06,benign,CLEAN,0,0,61,76,27938722aa970794ef8283c9996aef7ed04c6cd7cf13ea14e4a8748dd05d6782
botocore-a-la-carte-ds-1.34.133.tar.gz,2024-06,benign,CLEAN,0,0,60,76,28101a26c57965e5fd1c31b7e6b86a007f2c62833c4481722c378dde357b69b9
botocore-a-la-carte-ec2-1.34.127.tar.gz,2024-06,benign,CLEAN,0,0,62,76,bd0f01f630ad8c0974d8858868df7993dfe4b52117e4df26572e9e4c21fe9c18
botocore-a-la-carte-eks-1.34.122.tar.gz,2024-06,benign,CLEAN,0,0,62,76,26f441cb9301a99bc842ee02bf022b687272e9a01d1e8aab22d0faeafe1b44f3
botocore-a-la-carte-elasticache-1.34.128.tar.gz,2024-06,benign,CLEAN,0,0,62,76,987657e2ba4cd4bda90727d2f6c847ac32449dbd80ae56704d0604d087aa5e5d
botocore-a-la-carte-events-1.34.129.tar.gz,2024-06,benign,CLEAN,0,0,62,76,e29dcc57b806555873857c8151f998131b438372d233d9303108b0826e57573e
botocore-a-la-carte-freetier-1.34.117.tar.gz,2024-06,benign,CLEAN,0,0,62,76,4d572ae3d597fa20bde30abcec563a26093a6789ff68e60d1d6cfa8ce4ae221a
botocore-a-la-carte-iot-1.34.132.tar.gz,2024-06,benign,CLEAN,0,0,61,76,69f02209b6ecd3c6e5110fc4820e10510834061c7b031f4bde2472fa3b1bea32
botocore-a-la-carte-kendra-ranking-1.34.136.tar.gz,2024-06,benign,CLEAN,0,0,59,76,8300606a4889883aa11cfdbe61856bd6f4f053e2ec1fd434ff0321d284fe7b6c
botocore-a-la-carte-kinesis-video-media-1.34.120.tar.gz,2024-06,benign,CLEAN,0,0,62,76,11ffecd29d2dd304759a2cb9c4251d3dcd9133bf8f3ffe5c4d00b70204a96d1a
botocore-a-la-carte-lexv2-runtime-1.34.123.tar.gz,2024-06,benign,CLEAN,0,0,62,76,182bf2e6cb578a1f4f8f6824985c32b4e22e746105cac16d8daebf44ef8c8534
botocore-a-la-carte-license-manager-linux-subscriptions-1.34.136.tar.gz,2024-06,benign,CLEAN,0,0,61,76,b7d798a9117566b73d3ab682be7e946d8c8233c12e1f450bac8b2d7f3943a177
botocore-a-la-carte-mediatailor-1.34.118.tar.gz,2024-06,benign,CLEAN,0,0,58,76,9112e4323f2a04452162540a3a5984031a5818e89d503ddbefaae2bdb3879dfa
botocore-a-la-carte-mgn-1.34.134.tar.gz,2024-06,benign,CLEAN,0,0,61,76,156941ffb650820f731dd9a92afdc7787e05ba8dde1da0d829a729f09aaf5247
botocore-a-la-carte-s3-1.34.135.tar.gz,2024-06,benign,CLEAN,0,0,62,76,f9a763fad34afee8a35920dbddf2bf9a8889772f5121128d549c5ea491091308
botocore-a-la-carte-secretsmanager-1.34.118.tar.gz,2024-06,benign,CLEAN,0,0,37,76,f9ab1c869cce95181737aeb40e81bb9296c228523c794bba2a921b5545fb8888
botocore-a-la-carte-signer-1.34.118.tar.gz,2024-06,benign,CLEAN,0,0,60,76,0dab716f195de899c55489c7e17f2b58a23f61e8baef7ade5422c61fc90a9270
botocore-a-la-carte-swf-1.34.126.tar.gz,2024-06,benign,CLEAN,0,0,62,76,a04753299bdf83fa7544ce87f6f21c2de9fa5bdcceb2adac47057242ef4458ce
botocore-a-la-carte-textract-1.34.129.tar.gz,2024-06,benign,CLEAN,0,0,60,76,6a3b3edac64ba27bdc2a0ae5928e5dfb9699152817c85bcd3541e604a3c3914c
botocore-a-la-carte-transcribe-1.34.118.tar.gz,2024-06,benign,CLEAN,0,0,62,76,2f66998a0c0e4c4c74e21a3281c8d478b1b6c78b0362044ff49e33eedb3786da
cdktf-cdk8s-0.10.24.tar.gz,2024-06,benign,CLEAN,0,0,59,76,8f80ec115c413ab831fbd0b64363dea2d9675ab66408c27f74a957893615f452
cdktf-cdktf-provider-azurerm-12.21.0.tar.gz,2024-06,benign,CLEAN,0,0,51,76,bc3115395556308bec4b923d6ca07670257f375606c6fe098edd2acd1a06993c
check_jsonschema-0.28.5.tar.gz,2024-06,benign,CLEAN,0,0,62,76,2e1fa0532fdc7e38ccee3ee34442901ab2c3b621d55e9817366a4a0630d6b235
chellow-1717422005.0.0.tar.gz,2024-06,benign,CLEAN,0,0,63,76,cef6b8ad5fa748117379c1f8aaee5feda7d7b1470254401d768b037e70a319a3
csle_cluster-0.6.4.tar.gz,2024-06,benign,CLEAN,0,0,62,76,d5e98ca0016da5499c56c566e36962746a661077108b643c2dc599d196c86c47
cvat_cli-2.14.4.tar.gz,2024-06,benign,CLEAN,0,0,57,76,ce64203981b0357dde11ad2c325d7fbcbf8e7b7a18dd7be00ac822bc42fd679d
danila-lib-1.9.8.tar.gz,2024-06,benign,CLEAN,0,0,59,76,3fdcbeb9d524cde392e68e61083e50e4f061e036d5df3863f4698cbc6d176e39
datapipe_core-0.13.11.tar.gz,2024-06,benign,CLEAN,0,0,61,76,0953df19a252d682c57532e64ca489b9d6f71f3e0fd562024ae704b8a07920ea
dataquality-2.1.2.tar.gz,2024-06,benign,CLEAN,0,0,62,76,8629a4d2b653e09d8818efa5148cb31ac1b6600259aa789702363a89bd02bae1
dax-2.13.3.tar.gz,2024-06,benign,CLEAN,0,0,61,76,2f696a2d16974456fb83dbaf8bca4c5131e6314bfd485aef64daa10e9ab0fdea
dbt_redshift-1.8.1.tar.gz,2024-06,benign,CLEAN,0,0,34,76,f80cb9867f8eb7d6813d6e878698f94161cf4a135d9a14baaddea72378810452
digimat.mbio-0.1.84.tar.gz,2024-06,benign,CLEAN,0,0,55,76,ed5997673ee2b45202fe2b846c6615b5c1400b7d6bf1d955f5cd6b9f46eb6cc5
django_cities-0.6.2.tar.gz,2024-06,benign,CLEAN,0,0,62,76,5340fbc09e4110e543a5858b0fdf0266617182be2d979acb41a94b72d0259df0
dkist_processing_vbi-1.12.5.tar.gz,2024-06,benign,CLEAN,0,0,62,76,c9977fd723d1b92f5ffd21fa601ff01909aed8e1237e62b2352f59d5670b6817
doxysphinx-3.3.9.tar.gz,2024-06,benign,CLEAN,0,0,59,76,801a5aa5d430bda9ad30da648e039fc8426c429c8105e0591cdd0b728d85907d
edx-enterprise-4.20.11.tar.gz,2024-06,benign,CLEAN,0,0,62,76,cbf7262dfdeb03c04983137289a4f37907e095751a0fa9efc6b35cccd39b91dd
eqdsk-0.2.0.tar.gz,2024-06,benign,CLEAN,0,0,62,76,217c01e7d3579ad6313760631ec3ee9e326a626f03e921b3ed2dbc05e4ba7016
fake_bpy_module_latest-20240626.tar.gz,2024-06,benign,CLEAN,0,0,62,76,20e6e049d7ea7f3d4503ddfe93c85ef4228ad29b131c64f6ea7faf5d26463d90
firexkit-5.2.5.tar.gz,2024-06,benign,CLEAN,0,0,62,76,dc051809d40c1ad54785e0f57e10f6c4d233ffb1c27b3834f3048b0381a0497c
flipt_client-0.8.0.tar.gz,2024-06,benign,CLEAN,0,0,63,76,42bd8c37cc585d4d00dcf933c8a9bb271557a69a7a11bcd263a4640c3305e8a3
fudstop-2.9.2.tar.gz,2024-06,benign,CLEAN,0,0,62,76,2bac65bf2a0d037c7e9ae19616bfdeb88b2c25fb5cbbd77efa0e2903f4fb108a
google-cloud-dataplex-2.2.0.tar.gz,2024-06,benign,CLEAN,0,0,61,76,09ce116c598b4bcdf610cb2ac1dbe9d71eae9fb68f99d4adf40eddc7903e489c
gwemopt-0.3.1.tar.gz,2024-06,benign,CLEAN,0,0,61,76,73ed06fd753f7795b2fd87ccc2f634f845a343b3dd17d0ae4abc516345053156
hugchat-0.4.8.tar.gz,2024-06,benign,CLEAN,0,0,60,76,c7a29c97ff88a09aa4d5c454c4af43e9ac8476af0c3a502f40ac1b21d5aaca3d
ilcdirac-35.0.4.tar.gz,2024-06,benign,CLEAN,0,0,61,76,241d8c86675a5e6408c735523e3dab4709882cbdc4a4c95094bdfd5e393d805d
kfish-99.0.202406271256.tar.gz,2024-06,benign,CLEAN,0,0,56,76,89332bc63569ee58e539e1e71a81ee7f69389b05fbb740f5fab84d813df4c1c2
kolo-2.30.8.tar.gz,2024-06,benign,CLEAN,0,0,62,76,72637f61cbacc14c9f2c5e37e8e53a4cc120dd965e611de89daafaee37143fc3
ktz-0.4.0.tar.gz,2024-06,benign,CLEAN,0,0,62,76,2696202865eee6e70d2d2d138b5b405163479e3a3c156a9f9a4f5fac66e9c6e1
kucoin-futures-python-1.0.10.tar.gz,2024-06,benign,CLEAN,0,0,62,76,0817505e553d7b07c0d91b08884cbf653c2c032e5432f6aaac7a9d7a6c2422a0
langchain_openai_api_bridge-0.3.3.tar.gz,2024-06,benign,CLEAN,0,0,61,76,6e2accfddf62256451418911fe5d5a3e8c3371035a0b9ba064769cfa15ee6bc7
llama_index_llms_huggingface-0.2.3.tar.gz,2024-06,benign,CLEAN,0,0,57,76,022339cfee250d78655b6343ebe0f48740bb2ca29a3b3ee8d7b27518e553d77b
matcher_py-0.1.7.tar.gz,2024-06,benign,CLEAN,0,0,62,76,a73ab7b8d9fde22435f5995b361c15909ddcf396eafab9d27a79fadc6d36f5be
mct-nightly-2.1.0.20240615.432.tar.gz,2024-06,benign,CLEAN,0,0,62,76,c4180e90a9978a284355556c0e6a7d9e78c4ba8aa4420b3e1aac688fa3e302d7
metbit-4.0.7.tar.gz,2024-06,benign,CLEAN,0,0,62,76,53c907a56e991468ff3b1593b6fe22c9b4787f1f857c6dee54414b41bfb49be8
mimllearning-0.5.18.tar.gz,2024-06,benign,CLEAN,0,0,55,76,9ccd4c8ab2d809473fb70758f2f8e512bc5c36068664ec2cb9ab0f179b4289f3
mrgrain.cdk-esbuild-5.2.1.tar.gz,2024-06,benign,CLEAN,0,0,61,76,4ef9f6c41f0f32e3ab917529355a889aa0217c72fc097b5b68c035d0ad80b657
nonebot_plugin_bilichat-5.10.4.tar.gz,2024-06,benign,CLEAN,0,0,62,76,c2b6693ce4cd1b0f1076aaf8a2892fdd2dee37cd070a76b056d760ccb1be830e
omu_chatprovider-0.4.12.tar.gz,2024-06,benign,CLEAN,0,0,62,76,ca1ecf7e07ff2a200894f85a9e7c8221f4b8985b922663048ff477b17d129b28
opendrift-1.11.5.tar.gz,2024-06,benign,CLEAN,0,0,61,76,7dc0fb8616d70458e8979e54f57a32d0baf05bfd45a569f9af0cd606c5b548b7
opentelemetry_instrumentation_llamaindex-0.23.0.tar.gz,2024-06,benign,CLEAN,0,0,62,76,cc0868bfda87fe944fc34d9bdd65d156226e983ab5ef13c3e02e5ada27ae54cc
oqc_qcaas_client-3.6.1.tar.gz,2024-06,benign,CLEAN,0,0,61,76,83f9f9987a0ec85015018aadef0d5763592c8f246e4d2eab4ef88585b02910a4
paasta-tools-1.1.1.tar.gz,2024-06,benign,CLEAN,0,0,62,76,08a6ed97f0efb794e84213cd19eeae8782ec3e8a125b01e1759a9697d888c16c
pcffont-0.0.14.tar.gz,2024-06,benign,CLEAN,0,0,62,76,7105e94131fa36766393a1ba4da887a1b404445f45db79343061aa67fd019a99
pennylane_qrack-0.6.7.tar.gz,2024-06,benign,CLEAN,0,0,62,76,faeb4afc6300d217068b4bf708a16f5b35f5bca0e65da2a308cd108c6badf79b
petisco-2.1.8.tar.gz,2024-06,benign,CLEAN,0,0,49,76,e69cb297498ba0fd1e1455094807e451826c3e251a382ce9752b7b49f0c7391e
pint_pandas-0.6.tar.gz,2024-06,benign,CLEAN,0,0,55,76,ffdb7a09e4c614f6a87f69d3a8e0dfd5cf304fd2e8bec34760033067f6ecf8be
power_grid_model-1.8.9.tar.gz,2024-06,benign,CLEAN,0,0,56,76,7d1e98bab785a48ade46bb998b7e41290e413114d4abe7128c67723c11812a08
pulumi_digitalocean-4.31.0a1717784646.tar.gz,2024-06,benign,CLEAN,0,0,60,76,087367fc99dfd13c3b3e137f8b13243b147b6de1e8656be893e00e7a244eb512
pulumi_mailgun-3.6.0a1718343840.tar.gz,2024-06,benign,CLEAN,0,0,62,76,4ad7fcc29121261a73934026d336ac9821272a1fcc3a4792130f04ce8f8d513e
pyairtouch-0.7.1.tar.gz,2024-06,benign,CLEAN,0,0,61,76,f4e33d3fc9043fe4620ee74fd7e7945f6ec6194af09b6a56f9cfee915824e5c2
pyemoncms-0.0.3.tar.gz,2024-06,benign,CLEAN,0,0,60,76,906f425ef691ed46437ab5635d83b4b4a124bd78971d6ec84c66ecdd3bd7bdec
pyfar-0.6.6.tar.gz,2024-06,benign,CLEAN,0,0,49,76,7415ddc9488b21d96890312be035d92cdbb2a2ad1ec73ef4bb296f88239630b9
pyffstream-0.0.30.tar.gz,2024-06,benign,CLEAN,0,0,62,76,3af6c9a31a8ab3e0de2a0c01c35f7978395e470a6cacd90fea22fc5c1484fe0f
pyintervals-1.0.1.tar.gz,2024-06,benign,CLEAN,0,0,54,76,2d570a3e4a486d496af624b090f28edf9c42842769c15acb8caf5b0ef27f77f7
pyjpegls-1.4.0.tar.gz,2024-06,benign,CLEAN,0,0,62,76,0626f17536741cbfbc3b8166682153b61c1694ab08735321aa0936ba84235022
pyobjc_framework_sharedwithyoucore-10.3.1.tar.gz,2024-06,benign,CLEAN,0,0,60,76,5732f728ed222f19372686fb8d415d3fe9a197eba136b2a2a802b6de9e2ef247
pyquil-4.11.0.tar.gz,2024-06,benign,CLEAN,0,0,62,76,c7f90e4dd9a7c5576e6528b3d2cff2b79a6ef81e81a011e7898c984975e02c78
pytest_ipywidgets-1.32.1.tar.gz,2024-06,benign,CLEAN,0,0,62,76,db4d5545802f5936497bd6e09f9fbd86edede78cd2d8bc1109935a77707c0d8a
python_strtobool-1.0.1.tar.gz,2024-06,benign,CLEAN,0,0,50,76,f537a087418dcf327b807975edc3721ded0ec5b5a5a469d753191b6d969c916f
python_utility_scripts-0.0.26.tar.gz,2024-06,benign,CLEAN,0,0,62,76,c64258f4a9f6502004acc520a9f3d55a65792260080ca7a0c8a1227b475deec4
pywr-1.25.0.tar.gz,2024-06,benign,CLEAN,0,0,44,76,c6b058c582e798c3f84464c2e59dc8d5aa5d235255b9135eb4293b6465041dfc
rapidtide-2.9.1.tar.gz,2024-06,benign,CLEAN,0,0,62,76,bf90a0c390f07b8f7a0e8a25ea26c3a1fa9c0b676871df17da5022d6a2ca55a2
rbrapi-0.3.tar.gz,2024-06,benign,CLEAN,0,0,62,76,d6bcae42a469c9743a9fb47ff56da612e8d46a1d26ec07bee24b3ee679b82e9e
retro_data_structures-0.25.0.tar.gz,2024-06,benign,CLEAN,0,0,60,76,cc191c6446d280cd42b1bd6b2d843d285e8d9ab340bb74855939ed831d9e27ea
rgwml-0.0.18.tar.gz,2024-06,benign,CLEAN,0,0,62,76,0a087924b88131600a2158fd696b5684fbb49cfd5bc1a00e7984de858004cff6
ros-cdk-core-1.0.28.tar.gz,2024-06,benign,CLEAN,0,0,56,76,594d1b45ceeb60262c0d8467fe770a8403ce09bb943c56647735ee6e3a8f65ee
scikit_fingerprints-1.5.0.tar.gz,2024-06,benign,CLEAN,0,0,62,76,b7d206499271b90b298e52ed3149a08b527076e84a99d2977be9078b08b01ab1
scrapegraphai-1.6.0.tar.gz,2024-06,benign,CLEAN,0,0,62,76,882e35be3cf35b407b4fe16fba8ab731e78a9450aaaa8db52d991704bac51635
sipmessage-0.4.1.tar.gz,2024-06,benign,CLEAN,0,0,61,76,8693afa9c456bbc005355da5478dc4d1d00ddfb6d2318e072054687db424ec5c
smbus3-0.5.2.tar.gz,2024-06,benign,CLEAN,0,0,53,76,dc64344769824a0a767deb6059e55c7f4fe684a1dce34ce9eda30c59c71532ca
sortingview-0.13.4.tar.gz,2024-06,benign,CLEAN,0,0,62,76,98e70cf89f4110283fd24d488dee4dbc6d6d8d0e0e20075308898121387a0134
sunholo-0.66.14.tar.gz,2024-06,benign,CLEAN,0,0,62,76,4eec736c00be789e156fda90079a5c8e36469c0479b39cf1a5003432c176e75a
tdda-2.2.2.tar.gz,2024-06,benign,CLEAN,0,0,62,76,7c1fcd342c68ee9965210e3f7e42d6232b5fe16c25f9b35402780a99425eb0c2
tencentcloud-sdk-python-aiart-3.0.1165.tar.gz,2024-06,benign,CLEAN,0,0,60,76,327967c0987af635f057324ceafd9c79a0875ee7e24a66425306cce9d0247d48
tencentcloud-sdk-python-bi-3.0.1160.tar.gz,2024-06,benign,CLEAN,0,0,61,76,0aed9078ec94ac98acf97a9932530c9128e0ef87a72a8ddf9990b15e27c8eaae
tencentcloud-sdk-python-ccc-3.0.1165.tar.gz,2024-06,benign,CLEAN,0,0,62,76,d0e712623c493b396bf0f4271c06729ec2f24596dc2149cc2be9a20b14ff745e
tencentcloud-sdk-python-cdwdoris-3.0.1175.tar.gz,2024-06,benign,CLEAN,0,0,61,76,5227d4ad3c5fb28c4e3cad6991d842718a1f6e1cec966757d10b15d496972c01
tencentcloud-sdk-python-clb-3.0.1177.tar.gz,2024-06,benign,CLEAN,0,0,62,76,b0ecfb997c5f6006be29eb3196e834c515fbd80dcac866e20cecea6eb2e1dbdc
tencentcloud-sdk-python-ft-3.0.1167.tar.gz,2024-06,benign,CLEAN,0,0,61,76,ec836f4c06d18ae347ef3813e825252adce35136eb3e46eac414cc0b5c865fcd
tencentcloud-sdk-python-iotvideoindustry-3.0.1167.tar.gz,2024-06,benign,CLEAN,0,0,61,76,f1e64ecfe55e226ed5ad8a715165f116e96dfa867bf280754019fe73f5704f05
tencentcloud-sdk-python-live-3.0.1167.tar.gz,2024-06,benign,CLEAN,0,0,62,76,6440f7e689fb4ad337df617cf1766614fb6e60e776c3d158529da21fc783a259
tencentcloud-sdk-python-partners-3.0.1171.tar.gz,2024-06,benign,CLEAN,0,0,62,76,5e3d5d3631bebf7494a57718fe89e36d98864edc7dc8c559d8fb598491c75508
tencentcloud-sdk-python-vms-3.0.1171.tar.gz,2024-06,benign,CLEAN,0,0,62,76,cdc3facad3223675c5577c47f80bb0d11292ae46fc51afd84ac5e317b69e0136
transformer_lens-2.0.1.tar.gz,2024-06,benign,CLEAN,0,0,60,76,3de456fbe4443d0b92ff1fc37ff945ba85ac157d825f1b4089df8b70d6e26e67
tui_dsmt-202406201417.tar.gz,2024-06,benign,CLEAN,0,0,61,76,8d21bb63aae1a1216ebe4fb229a0c5246e1ddbc8a50bc8982e1c671f20acec04
types_aiobotocore_mediapackage_vod-2.13.1.tar.gz,2024-06,benign,CLEAN,0,0,62,76,90fc0f5112e7e4e47df88414e0dc7850fbdad8561173793a16eb955c20fc98a0
types_aiobotocore_qbusiness-2.13.1.tar.gz,2024-06,benign,CLEAN,0,0,62,76,ab0dcfc55951ae69822c6f5a1038bdb7fb5fb84795f0a3579021fe2e1ea6ef7d
ultralytics-8.2.38.tar.gz,2024-06,benign,CLEAN,0,0,62,76,df450d89fb937b13471eb1f0585ca222f4eb12aacc7badbe0d9e65d4da04a0af
useful_rdkit_utils-0.51.tar.gz,2024-06,benign,CLEAN,0,0,61,76,20c29369d58cef51043b3e3ca72b79f84386c113ae9a8767691e2ed8832e4595
vantage6-common-4.5.3.tar.gz,2024-06,benign,CLEAN,0,0,56,76,25fcf60a4c9c7e3c7eea02a1a979c91406962168a69c5858a90c4cbda7a7e6cb
vnstock3-0.3.0.3.tar.gz,2024-06,benign,CLEAN,0,0,44,76,8969fb949bb76d5a6c978e093b095d07bda7c98ac74935143b218d60b3768a6d
wodoo-0.5.30.tar.gz,2024-06,benign,CLEAN,0,0,59,76,ce5e4ccb9885840683f4cf2f23375a0e745abaf8421a2ee6fb80e3e552ff88c5
worker_automate_hub-0.3.2b0.tar.gz,2024-06,benign,CLEAN,0,0,61,76,4f9c1e6efeece6a8fb30e8cdbdb8bf828e3f9f02bf72e63a3f6daa5872dac932
xtrack-0.64.1.tar.gz,2024-06,benign,CLEAN,0,0,59,76,0a36819eeebf9c4165105e9baaef6c80b6a29d19ecac3f6d5853160f12dcdc5a
zfx-1.0.118.tar.gz,2024-06,benign,CLEAN,0,0,61,76,f50d5a85346bd27385c219b4886416ec545012d143f0b99d6fa0ac647c9e96d4
zhousf-lib-1.6.3.3.tar.gz,2024-06,benign,CLEAN,0,0,62,76,6876327065dabef3471bf8462a2d11dd78e638533e6787a725628fce6efa7670
beaker_gantry-1.8.1.tar.gz,2024-07,benign,CLEAN,0,0,52,76,c5e4f8521344e6726aa569462e5496e92509ce1ab5ab1dbbbf4c5fcb19d6525a
botocore-a-la-carte-securityhub-1.34.137.tar.gz,2024-07,benign,CLEAN,0,0,62,76,e69e34e44461a349865be0ab8758a8356c8cdac5ccb4a247c1c0d811d6e68858
edx-lint-5.3.7.tar.gz,2024-07,benign,CLEAN,0,0,61,76,d17cabd53a38b2104b90d96f6092eb4e36b75279de96b7ea1aecfe5452263b7a
flytekit-1.13.1a4.tar.gz,2024-07,benign,CLEAN,0,0,62,76,021743e9aa455929a5485f113d14d49613b77a3561ccef4feb79161c3b60f579
flytekitplugins_async_fsspec-1.13.1a3.tar.gz,2024-07,benign,CLEAN,0,0,53,76,4e94281f7943e3664a68959e542f916af11b06f4d328b0fadb0153ca30c676df
flytekitplugins_great_expectations-1.13.1a1.tar.gz,2024-07,benign,CLEAN,0,0,62,76,20f17297c6441d819e9b48b5edbe358ad4d11b1dc132d4dc31d014377114bb2c
fosslight_scanner-1.7.29.tar.gz,2024-07,benign,CLEAN,0,0,62,76,c4ac1ba0f6d9d6d201091931471bd379189ca26c998eda87fa4e4779c6d3091e
glean_parser-14.2.0.tar.gz,2024-07,benign,CLEAN,0,0,62,76,4abeaeded980340a3e187f8c45691d69f20031d7112e066374876ba170bd293e
google_cloud_run-0.10.8.tar.gz,2024-07,benign,CLEAN,0,0,62,76,3604bc671e9b27e8a5e5001dd2bec404d625c3b15c69840b006cf68480ade41a
ign8-4.12.130.tar.gz,2024-07,benign,CLEAN,0,0,62,76,6b8265ae8af1026ad3e389c05824ffaf5c9a46f8bd1294b0bc062eedac09ca1a
jgtpy-0.4.71.tar.gz,2024-07,benign,CLEAN,0,0,59,76,1f56c3f878bfb4eeffbefa12e04a05a702c879b2dee6a1ec0a74b95d5ca2bec7
langroid-0.6.1.tar.gz,2024-07,benign,CLEAN,0,0,61,76,ad0614f08415a8d6a29c91756a201c491cfd8ede02d7749bb448b08a13d9b428
mas_devops-1.3.0.tar.gz,2024-07,benign,CLEAN,0,0,62,76,07125c1f447b42fd89fd3b60f2727e3322c7a03961f2938cc53cad6605b6c29c
nomad_media_pip-0.0.132.tar.gz,2024-07,benign,CLEAN,0,0,56,76,ce2f65fa86685e3b889c393e28bb2c0333ecf739be363ca31b3851e7b8426838
notebooks_and_scripts-4.576.1.tar.gz,2024-07,benign,CLEAN,0,0,62,76,ce3d196375f18dcfdabadcfb51c393de341f6a494d90b2c2d5c493d8da1c2397
podonos-0.1.13.tar.gz,2024-07,benign,CLEAN,0,0,61,76,b3a898fc6ab00435a8662eede2b84e70f2c2806833d7e9189ab921924c31cb3c
pulumi_kubernetes-4.16.0a1721432595.tar.gz,2024-07,benign,CLEAN,0,0,61,76,0dab5e70da97640bf15062d6fe1c7ad38adad05a56ccbb1ee50bce92cee60294
resolwe-bio-58.0.0a1.tar.gz,2024-07,benign,CLEAN,0,0,61,76,cfcbda44403b4ae30346e8b1f76466ec10a7003c3ce147d36677fab8cc3005cb
returnn-1.20240719.172149.tar.gz,2024-07,benign,CLEAN,0,0,57,76,30ff760daaca242bb82d5653e6f2adaea3a6822e8a8a19e0d23fc582555da232
sirepo-20240625.161711.tar.gz,2024-07,benign,CLEAN,0,0,61,76,90ecd707aa1fd64c50eeb3a914d95fe333a96dd1b11f824c862b40dc22597634
soda_core_bigquery-3.3.13.tar.gz,2024-07,benign,CLEAN,0,0,62,76,04fddfd6d75b7705c6fe9841ca93a20055db7ce7b362ffe2d3e99d8b6412a5be
sun_angles-1.0.2.tar.gz,2024-07,benign,CLEAN,0,0,60,76,e5532401441ee537f3836ef213a2adf9b7f0a3bfbd61bd59ca853f404b867fe1
tencentcloud-sdk-python-cmq-3.0.1183.tar.gz,2024-07,benign,CLEAN,0,0,62,76,af775ce2a17535175bda8c0ecb0919efcf1725182974841fdbdae0b1d6b79976
tencentcloud-sdk-python-cwp-3.0.1186.tar.gz,2024-07,benign,CLEAN,0,0,56,76,2116288bc5b8c04e02373987603fcb4e4bdbdfc2cb2462beb3d03e3a4336b2ab
tencentcloud-sdk-python-iotcloud-3.0.1187.tar.gz,2024-07,benign,CLEAN,0,0,62,76,fbb0ea8bd6bfe0f98832a3de16ddb18d5828d5798ffb52ea128939d9b59fd5b1
tencentcloud-sdk-python-smh-3.0.1186.tar.gz,2024-07,benign,CLEAN,0,0,61,76,0d7154418f5ee2df13338f2402be48257ca34190dd8407934a90d6b5200e9ab1
tencentcloud-sdk-python-tci-3.0.1189.tar.gz,2024-07,benign,CLEAN,0,0,62,76,25819720e666c8207f2a6e34413d5c5fe131ee025964d5bd84fd0bdd3353e8de
adaptive-cards-io-1.2.1.tar.gz,2024-08,benign,CLEAN,0,0,47,76,c5bd7a97841f7baff969a6541afdf7469e2d13a5f3e28d523b766feabc7243bc
aiolifx-1.0.8.tar.gz,2024-08,benign,CLEAN,0,0,62,76,c7f8ae374f34c8cb093ebccd40adab21a162c0f1639442add84e6e5acb9f5bf3
alibabacloud_dingtalk-2.1.36.tar.gz,2024-08,benign,CLEAN,0,0,45,76,55a6ffa07f2fff30e3da0e4f0baecc98a20b4086cf050dfb9dce47619f25803b
apache_airflow_providers_salesforce-5.8.0.tar.gz,2024-08,benign,CLEAN,0,0,62,76,8e479f092d35e8b00064a0a55fdb826cd73abce14714446603a7d7cc3ac089e9
arelle_release-2.30.25.tar.gz,2024-08,benign,CLEAN,0,0,62,76,d31331926921e87cbd73aff964cc9b2e74368f06e755662a23f7a7f2ae6d85d3
ccs-digitalmarketplace-apiclient-26.6.0.tar.gz,2024-08,benign,CLEAN,0,0,62,76,73094ed5a733a6e876b88ab8afe449b42ec579444c8086934970c7bbcdf713df
cdk-events-notify-2.2.204.tar.gz,2024-08,benign,CLEAN,0,0,58,76,d53d1fe2caae2b10ee629968950831134d77524fd4e69fbce0a0fd12e0f880c1
digitalhub-0.7.0b0.tar.gz,2024-08,benign,CLEAN,0,0,62,76,0ff60a4d5d8a7fa03426ad76862066120d1f776abd1019a8ef91c37a058d2d55
dragonfly-core-1.50.1.tar.gz,2024-08,benign,CLEAN,0,0,62,76,d028a41f180906250c5584bb11676a9359acff28d8d6420f7ecda928c3175711
embedchain-0.1.121.tar.gz,2024-08,benign,CLEAN,0,0,61,76,6fe1d81a1ccd5f9fa06de20a461bbc8301b24e9e91f986cda8b07ee8c70cf008
fvgp-4.4.1.tar.gz,2024-08,benign,CLEAN,0,0,51,76,d72f149a23420fc4e9c92bb619dba78ccb26a66b3810a92b9d9ee90989f533cc
gpuhunt-0.0.14.tar.gz,2024-08,benign,CLEAN,0,0,58,76,2d4336de5df5fe53d4645e1194daa35c8718bc5d1776f30fdf14d1186ebbb888
hasura_ndc-0.28.tar.gz,2024-08,benign,CLEAN,0,0,62,76,7514b3d48bbc86b01e0d9081b3b9a9a3482a2ad2f294779174fc95f963a492ce
i2-0.1.20.tar.gz,2024-08,benign,CLEAN,0,0,58,76,aa629a8adcbddf15beae9c17580b28cecdc808ff4212f7e7253eff8d0db4997a
jamaibase-0.2.1.tar.gz,2024-08,benign,CLEAN,0,0,62,76,91c04e9037a974f34313d991d97013ff15e24112622fdff585e781cf068f6f54
lakefs_sdk-1.31.1.tar.gz,2024-08,benign,CLEAN,0,0,62,76,dcc5ab95779b27cc0876e713d70023bc0b5df8e95da8962d530e9c917f0c6f12
lamindb_setup-0.76.4.tar.gz,2024-08,benign,CLEAN,0,0,62,76,6e9fbfe7b56c381e5328e8e0ea67c2fbed0235f7c6a17646b7aa924342413998
lightning_module_enhanced-0.29.8.tar.gz,2024-08,benign,CLEAN,0,0,39,76,6ebab6fe3126651e192ab07ad5b4c38f7aa6512ef29dca5168f1c220257d4ea3
livekit_agents-0.8.8.tar.gz,2024-08,benign,CLEAN,0,0,62,76,5488d1e8182023503eae6eb56f8e0dc8146b2f9d34f7afbba4ac874e86f9968b
llama_index_readers_box-0.1.2.tar.gz,2024-08,benign,CLEAN,0,0,60,76,b2761477815c75292e6789ffb3225970ce17821d25de15418829c36cecc5c1b4
llama_index_storage_kvstore_mongodb-0.2.0.tar.gz,2024-08,benign,CLEAN,0,0,61,76,1a6d22fc804d9ae304a3fad70ef167d73e68598106b85c63e6c1fa0154ec17bb
lusid-sdk-1.1.218.tar.gz,2024-08,benign,CLEAN,0,0,57,76,9299daff8c89fa81eb4c678721eca6a84d0eb9dd23f5d89844eeae2f005679aa
meent-0.10.0.tar.gz,2024-08,benign,CLEAN,0,0,57,76,80b3ed86a8d2e8e6240985145a3dd2902e6e85e162935ccd2bd632373b17c1f2
mns_common-1.2.2.6.tar.gz,2024-08,benign,CLEAN,0,0,59,76,9b03686c8368abb25ae4bb89fc43cd2e4d4401911822008a26e02a71a19e0481
music-assistant-frontend-2.8.7.tar.gz,2024-08,benign,CLEAN,0,0,62,76,c21516ab2b5e84c93ca04fc4071d9c8323283df4467fa4e80c6f25f66c28b071
mypy_boto3_pca_connector_scep-1.35.0.tar.gz,2024-08,benign,CLEAN,0,0,62,76,1207d1c4b86e610524107354bb1759a7c13ed29cfbb42cf4228821ad08d09d36
mypy_boto3_qbusiness-1.35.5.tar.gz,2024-08,benign,CLEAN,0,0,59,76,38781a1dd083287c02f11c742a6692cc9da9508399cee3dfb7c4e5d8e014d1ad
mysql_compare-0.4.15.tar.gz,2024-08,benign,CLEAN,0,0,42,76,2b76133f68886985e38977eb131bb04126b2260475351073141d7e73e29f546b
nominal-0.0.40.tar.gz,2024-08,benign,CLEAN,0,0,62,76,9e6974c0fbd185ee961338f59c8e738016f5b341c01162a3fb408ed2568c6a35
ocf_data_sampler-0.0.9.tar.gz,2024-08,benign,CLEAN,0,0,54,76,6c47dd7c3b44a196de7a5b4dc1a1aea863c296aa8cd78991006549e9bf7a68fb
omuserver-0.6.14.tar.gz,2024-08,benign,CLEAN,0,0,54,76,50a04df9c4a4522ec00484c7f22d164be0d24a6b56ab76da8287435627f7b257
openbb_oecd-1.3.1.tar.gz,2024-08,benign,CLEAN,0,0,59,76,cabbc713610a15c3c944fdd46f574049d75bdfa8c08181c7b0ef7d2203f1e81e
opendapi-0.0.50.tar.gz,2024-08,benign,CLEAN,0,0,61,76,ae0c71ad5faf671a9fb4c72b2850531dbeb4c6a874a5b585bd8c30b98cea869b
partcad-0.6.13.tar.gz,2024-08,benign,CLEAN,0,0,62,76,0da966381371ff504c8f8e5001dcae9237ae09e63e33d86cfd10c3cec88fd29f
polars-1.4.0.tar.gz,2024-08,benign,CLEAN,0,0,42,76,bd0de359bb42e355c1f70566ac2c24ad9f329711211ae09c054125a2887c06cb
pulumi_docker_build-0.1.0a1723158309.tar.gz,2024-08,benign,CLEAN,0,0,46,76,517c8fc04ef1a6fb695f0923e0ec69efb0983b7dd6cd23767b138a69bf60729d
pulumi_fastly-8.11.0.tar.gz,2024-08,benign,CLEAN,0,0,54,76,af65fb8b40d77675bcf5546096a0de3eba93135f0c206cbb042549ae098f8b08
puzzle_generator-0.9.0.tar.gz,2024-08,benign,CLEAN,0,0,62,76,e475809bd7f4120c609f81cba94525c54bd5b7a9ffe6ea6437a4f6d0f7187aa9
py2ls-0.1.7.7.tar.gz,2024-08,benign,CLEAN,0,0,61,76,8796dc5ac6a6bd768ace35d6e12ac78e2e56dc670ebe081019edf76072b4d8de
py3d-0.1.69.tar.gz,2024-08,benign,CLEAN,0,0,54,76,9b6aa0ceb464ef8d0cbee88cafc6b661b8f208498c0bfa17216cdade3d67b7ef
reactivated-0.44.2.tar.gz,2024-08,benign,CLEAN,0,0,62,76,836d091584aba964508da0d7b58fe7979106a52dde6d486a81a232d2902f5da1
recce-0.29.0.tar.gz,2024-08,benign,CLEAN,0,0,61,76,d05c9478befd1e54baec000793bc0a8f6e04545d71e81b57a46772ac744d32be
routeagent-0.2.0.tar.gz,2024-08,benign,CLEAN,0,0,62,76,167741fcc8122db07336541c00cc8aefdadc492cc6f9991a54ccae96a955f7ff
ruff_api-0.0.8.tar.gz,2024-08,benign,CLEAN,0,0,59,76,f0ffe663d677300fd3904edd72c2b89a5fef2134492c222606c7c2402075a8d4
sage_lib-0.1.5.14.tar.gz,2024-08,benign,CLEAN,0,0,46,76,c2fd249edad506df8adcfb06123f0c8b88aa0260f7fe6f79803f7e011c4a8a89
scotthsieh_projen_statemachine-2.0.514.tar.gz,2024-08,benign,CLEAN,0,0,62,76,821000f1719e6fe5fba6c59eeb27cacbb5cdf7614d3806c2635e0afa644c3ca1
spanishconjugator-2.3.8493.tar.gz,2024-08,benign,CLEAN,0,0,62,76,9720ae67e1675e16f83a8e8501290c0ea3aa7f0030b0274535016f5c6c7b7eeb
syncloud-lib-320.tar.gz,2024-08,benign,CLEAN,0,0,58,76,bba443f88eab9daa7c99c91be9889d0bb507ff54bc67d91283ed46a84919c011
tccli-3.0.1178.1.tar.gz,2024-08,benign,CLEAN,0,0,62,76,8246f5e6440a2d007846b6087c66cf1d723a925a5075ba605c5e98ed015e2507
tencentcloud-sdk-python-af-3.0.1222.tar.gz,2024-08,benign,CLEAN,0,0,62,76,dcfa844c990de07ad27c6dbf61c65dd554ac02231a10fcd0c268e9dca1e2bd6f
tencentcloud-sdk-python-cloudapp-3.0.1214.tar.gz,2024-08,benign,CLEAN,0,0,62,76,cf4b0f8a691008457351e29262beaaa69778c77741b58c8dede32d7920419348
tencentcloud-sdk-python-dayu-3.0.1206.tar.gz,2024-08,benign,CLEAN,0,0,57,76,cf5c843fc937693694a43e7392562405cb652eeb138e9b4aafd50dc2ef3cfe8d
tencentcloud-sdk-python-dlc-3.0.1213.tar.gz,2024-08,benign,CLEAN,0,0,55,76,a678230445bf874672f45267175badc1f067266b1b2c4a96aa62fcdb89dd0da0
tencentcloud-sdk-python-dnspod-3.0.1216.tar.gz,2024-08,benign,CLEAN,0,0,62,76,0707655c4e7c09c4dcad9af15bbdc1c16f382c890941459835c5155a80272c99
tencentcloud-sdk-python-habo-3.0.1209.tar.gz,2024-08,benign,CLEAN,0,0,62,76,94b6fb1462c1cc0c8824dd85ed794d528ecf7a7d919ccb870282c38a1bafae2c
tencentcloud-sdk-python-iotexplorer-3.0.1221.tar.gz,2024-08,benign,CLEAN,0,0,62,76,20bad2754e6e01435d9768cb7f84b9c0e62a0108ae93dd649ea11dfd8e76e202
tencentcloud-sdk-python-lighthouse-3.0.1211.tar.gz,2024-08,benign,CLEAN,0,0,62,76,82ce2cb0a9ddc6c77cdef3df286a7b1c7412f9408ac3f261b79625f02997240e
tencentcloud-sdk-python-lighthouse-3.0.1216.tar.gz,2024-08,benign,CLEAN,0,0,62,76,4437c6152319b16c6cf73bc0836f2d3907a5d263bdb6a7c788813eafa5d11c7d
tencentcloud-sdk-python-oceanus-3.0.1208.tar.gz,2024-08,benign,CLEAN,0,0,62,76,ea5630b127c8a32ac09c825ac493c8b56461321884c9a805c6bf54e7697daf81
tencentcloud-sdk-python-pds-3.0.1218.tar.gz,2024-08,benign,CLEAN,0,0,62,76,5019595e2d85a631b718e3d93a30cf34fa9b3cb65da55f6f8df68a41526bcf51
tencentcloud-sdk-python-ump-3.0.1215.tar.gz,2024-08,benign,CLEAN,0,0,62,76,e698b4995f324b8e04468c2a253bbc86213ba6490c43659f0e1061543bd95847
tiscontrolprotocol-0.2.4.tar.gz,2024-08,benign,CLEAN,0,0,62,76,706fbac83448a53087ee1b9e1d487ddeb1c2eb37cfb5020ae58e2ea3172e4384
tko-0.19.1.tar.gz,2024-08,benign,CLEAN,0,0,62,76,73c8f8b7ebd985ef337367284bc2cd1c6f09e182703da417864e363a69c5d447
tree-sitter-apertium-0.1.9.tar.gz,2024-08,benign,CLEAN,0,0,62,76,e994aab003484c4145e159e4b1dcd9781ad7fcbb45a3b89288d671f42b0e8e2c
types-PyYAML-6.0.12.20240808.tar.gz,2024-08,benign,CLEAN,0,0,62,76,967eceee74e7498452769ac2685b5b52a3fdb5bcdc88b37432aee9ac3db58e7f
types_aiobotocore_cloudtrail_data-2.14.0.tar.gz,2024-08,benign,CLEAN,0,0,59,76,202be17bbd2b98d04efbef14973bb13c85dc37ff6f7926a73575f9cf9c2e4d71
unitypredict-engines-0.0.20.tar.gz,2024-08,benign,CLEAN,0,0,52,76,3bc49d477b074b9cbf28e1c9d884bcb17436753362917eb8ac596f6a42d0ac54
uv-0.2.33.tar.gz,2024-08,benign,CLEAN,0,0,57,76,d479499468f8f54177e7fec42c28400cc2aaa1fc47e639f5db79de2bf75d5d46
vector_vault-5.5.5.tar.gz,2024-08,benign,CLEAN,0,0,62,76,81257e28610e3b25902d6c1b908c26a672bd878f9fc8afc4c562bb50a8ac50a5
wodoo-0.5.68.tar.gz,2024-08,benign,CLEAN,0,0,60,76,98d88120e59093dfdbe547f7ac604cc78834e015bfe3a87a4d5fe25277fdfe15
MORTM-0.14.13.tar.gz,2024-09,benign,CLEAN,0,0,59,76,c5fa9a311dec65137087371acc1f6c5d27b67bf395b7c1a3dce363cce720716c
acryl_datahub_cloud-0.3.6.tar.gz,2024-09,benign,CLEAN,0,0,62,76,918327e0a282f507cd0564cb5e33e712231de22227605be3b2e17516a109dea1
artifacts_keyring-0.4.0.tar.gz,2024-09,benign,CLEAN,0,0,52,76,b0ba44c45aff1ad373d6b78c81e879444d0e2794675b30c6045a9b73f1d74b47
backend_ai_krunner_alpine-5.3.0.tar.gz,2024-09,benign,CLEAN,0,0,62,76,3f50e12ea2862c393632782482770ecab916e1e182a0cadfb189cd532261950e
cdo-sdk-python-1.2.137.tar.gz,2024-09,benign,CLEAN,0,0,56,76,c821de456a3277628439b3ab23df72724a4dce298185385a861ebad6ccaf82c4
cdo-sdk-python-1.2.88.tar.gz,2024-09,benign,CLEAN,0,0,59,76,2b72047493e8669ddf21fd5774ffc56ee31e8989ff06cfca3564eb136142cb7d
dagster-datahub-0.24.9.tar.gz,2024-09,benign,CLEAN,0,0,47,76,dcc3371a68d18ca64d03ec2616d5f8d3ffc4674009c788649d9b81fdbb5e99d6
django_blocklist-2.7.tar.gz,2024-09,benign,CLEAN,0,0,61,76,30a3f6f79840928367209bce798171979fa0de8d8429c1d919b8cbef57f27418
dycw_utilities-0.54.2.tar.gz,2024-09,benign,CLEAN,0,0,62,76,43ea20ae073e777df09477f43c2eb8a95782f9948cbdbc7d39f75b6e421aedc2
ezcharts-0.11.2.tar.gz,2024-09,benign,CLEAN,0,0,61,76,e1b96dd8b4d4633c5b421fff108359bd1be1aa71b2f54942f6a356e3220378f7
findly_unified_reporting_sdk-0.7.1.tar.gz,2024-09,benign,CLEAN,0,0,62,76,ccc6ec00e833a0c36be7a6175ddd70af44a7948f15510a39ad82c9d692dbfbe6
finml_utils-3.1.12.tar.gz,2024-09,benign,CLEAN,0,0,48,76,f4555458948a00cd491bb7ba9fd6f9eb24a04ec79af3da71f5cf133168d9b8e9
flagpypi-4.4.3.tar.gz,2024-09,benign,CLEAN,0,0,62,76,7dd668badcc3f5945377799eabed3d451be25ca1a58f010e3594917d7829fd34
flet_contrib_core-2024.9.21.1517.tar.gz,2024-09,benign,CLEAN,0,0,57,76,a058923d0f609915fed462e58de8acf5bf7c47d3d026e990d4cc5d95a5936985
incstatspy-0.3.0.tar.gz,2024-09,benign,CLEAN,0,0,61,76,a73f3ae6f10f8a7e8e74022d8792d32b7bd9ad7ef2ac0a06a0419f7dd6b693b4
influxdb3_python-0.9.0.tar.gz,2024-09,benign,CLEAN,0,0,60,76,24002296559d6f2cffb086b4360531a1d730c7b46a9f8ebfc3defc3162382a8e
jgtml-0.0.276.tar.gz,2024-09,benign,CLEAN,0,0,61,76,9db2060f9838bae77606fba6d9d347f63a8b36f5eaa4f8c1e3fb36d8e7c9b0b7
kfp_kubernetes-1.3.0.tar.gz,2024-09,benign,CLEAN,0,0,62,76,57e8b08297aaab86809b7158de696ba67f68fda06d85e5d44793d59713a45f25
kodexa-7.0.10797693309.tar.gz,2024-09,benign,CLEAN,0,0,62,76,c589c726d1cdc5faac19183fe874c4d75dec7cc3b70e05484f4c11d9b5dae052
ladybug-comfort-0.18.47.tar.gz,2024-09,benign,CLEAN,0,0,61,76,e5a7d7772f66a93b7f6efc633b728f4fcfd8ab690b84260be2d2f7bf654adcd1
llama_index_utils_workflow-0.2.1.tar.gz,2024-09,benign,CLEAN,0,0,59,76,a1992361a636d653a86de1c28761e1f3162b01bab798875e942307849a0dafc7
lmnr-0.4.12b4.tar.gz,2024-09,benign,CLEAN,0,0,62,76,bad4e153abdb4ee69320a0be47a45a509e79a68209595e1bdb5901c9b05183ec
mesa-2.3.3.tar.gz,2024-09,benign,CLEAN,0,0,62,76,8797b95cd8ad8bc2fc6cd2976ee5dcda6bbbfaf536fe63f19f0f172567f7a20b
mtmdb-0.0.571.tar.gz,2024-09,benign,CLEAN,0,0,50,76,0c4e19ad57c70ffb4c4369aa2a66820242114307cd9eaa680f8f36bc5a851231
mtmflow-0.0.258.tar.gz,2024-09,benign,CLEAN,0,0,54,76,2c77f611a48beaec376dd11e82b8d400879fc6548e6b3f7ad94f7c707b0f923e
mxcubeweb-4.174.0.tar.gz,2024-09,benign,CLEAN,0,0,62,76,9ce536976805c6473a3e2ec44a131bcfd68ae9748bb8369d32a9d8715c4e8a2a
nyt_games-0.4.1.tar.gz,2024-09,benign,CLEAN,0,0,62,76,bc5106a0182ed8c17eb28b3baa8a04b8ad7e23edb08fd1adc09f20c45de779bb
omero_py-5.19.5.tar.gz,2024-09,benign,CLEAN,0,0,60,76,cd66ec0eac778b2aa6f6c3fc569b487b8324610c821825f183523c7c3ee9c375
partcad-0.7.7.tar.gz,2024-09,benign,CLEAN,0,0,61,76,363bcca4887b7a91ba090e5bbd6fd2dec317d94fdf9cb8189854d23b3a52c796
perky-0.9.3.tar.gz,2024-09,benign,CLEAN,0,0,59,76,62b39a1be9be64eb04f30854d92df85836defddc945b0c1e9a5b7be7b2d0bfb1
pytest_playwright-0.5.2.tar.gz,2024-09,benign,CLEAN,0,0,58,76,821adc9cc4391d36da58bafe9e5ed192661cf1d08c25d1c4aa271b1de3902ded
python_matter_server-6.5.0b2.tar.gz,2024-09,benign,CLEAN,0,0,61,76,1697caef800cff0c8f0afb8829dc068853f6fb376c1b7f500241711cd67d6014
rgwml-0.0.303.tar.gz,2024-09,benign,CLEAN,0,0,62,76,87b764d9e4c254808b9904dd12da1e691506045d40d5ec551fe21166bb060842
streamlit_browser_session_storage-0.0.11.tar.gz,2024-09,benign,CLEAN,0,0,62,76,627ea7fb1b0b78c3f57d0a96c9ea24832775ed9f84cebcb0e4b2819904aa6cde
tencentcloud-sdk-python-apcas-3.0.1236.tar.gz,2024-09,benign,CLEAN,0,0,60,76,274665130747f4144ba289b33bf287d84563ed223e53b209c3eb024a0125d742
tencentcloud-sdk-python-hunyuan-3.0.1239.tar.gz,2024-09,benign,CLEAN,0,0,39,76,b2753c62eedde46b7ed948f258e0c7d49294696aa498311e1b65bf50eafba6c2
that_depends-1.19.2.tar.gz,2024-09,benign,CLEAN,0,0,62,76,b49726da0a3e909d58f8b9514e0ccae52a534da4a94bce50d53f975dbfad0f9b
types_aiobotocore_codebuild-2.15.0.tar.gz,2024-09,benign,CLEAN,0,0,56,76,9c87acfb2ddc0474c4f865eb28c91d9ec8b8c62bb38650307d6804a1361510e8
abcli-9.361.1.tar.gz,2024-10,benign,CLEAN,0,0,62,76,cc690facb705dba09937c51be587d81a731b4c824188c0e6e864c057772592fb
aio-request-0.2.0a3.tar.gz,2024-10,benign,CLEAN,0,0,62,76,95b9843651746eab793c5a003cc01ea085ba7aa7c9dd6bec3d7411f4f59afd43
c2cwsgiutils-6.1.0.tar.gz,2024-10,benign,CLEAN,0,0,59,76,e5ccbba3e6181186026602852726fe361cdb0037a85e8a15b974b32d437132c2
chemiscope-0.8.2.tar.gz,2024-10,benign,CLEAN,0,0,61,76,f3b946a6c14febff695a9d303f703100f078e3bebadc1ebe6648065f6a680a6c
craft_store-3.0.2.tar.gz,2024-10,benign,MALICIOUS,1,0,58,76,c946cc85ef9776cad84089871288e2a81a8af44aa1a4af2d8b5e0ea3e796a883
dagster-github-0.24.13.tar.gz,2024-10,benign,CLEAN,0,0,59,76,879346052bcac0a47d3d057bf84de83344a99362168936c275896f6ac30757d6
deepsearch_glm-0.24.0.tar.gz,2024-10,benign,CLEAN,0,0,62,76,3bd7004adebb8d99f3e493d9a93eacc5a84771c1e40209ad9e5e24e15eeb888d
digitalhub-0.8.0.tar.gz,2024-10,benign,CLEAN,0,0,62,76,9122d8f695db0399bbcb9bc9bad97560a038667977af7a0223fcaa3b5307854f
eazy-0.7.2.tar.gz,2024-10,benign,CLEAN,0,0,62,76,da4b0a9e5ffb9318028d8307192a5e9e578e71ac4dcfd001354e41c5b0ef7dbd
f5_tts_mlx-0.1.0.tar.gz,2024-10,benign,CLEAN,0,0,62,76,64c95342ac423dee7964bc69b624ea115b2148f2a643cf579044a32931bb055e
finml_utils-3.4.5.tar.gz,2024-10,benign,CLEAN,0,0,62,76,3843f37286f04d4c78289a0ce2b3b55d642cc515687bcaf3814835f09cd4b2ff
flytekitplugins_duckdb-1.14.0b2.tar.gz,2024-10,benign,CLEAN,0,0,51,76,f767d9556a25a52aaf5293d96049999231c2a1af95eae6884c7e9354e25ef607
funutil-1.0.4.tar.gz,2024-10,benign,CLEAN,0,0,50,76,2ef72481529685d8289adcfe315d63f83c63a262ac9ee6bb1cd9a94d6e8b238f
google_api_python_client-2.148.0.tar.gz,2024-10,benign,CLEAN,0,0,60,76,b084a71063d0d99b6eedb4298ad5dbb8b39dffe30ec5ac0b233e045e34be8e3c
google_cloud_build-3.27.0.tar.gz,2024-10,benign,CLEAN,0,0,51,76,2dba226c0c769cb1e6ae170211d976579838775a7827b549a7128323c8f184ac
grpcio-1.67.0.tar.gz,2024-10,benign,CLEAN,0,0,53,76,2abc9b4936b50f5dfc01ffcc30cc3b333ad01d7ee008776f3957540c4bda7b70
h5rdmtoolbox-1.5.2.tar.gz,2024-10,benign,CLEAN,0,0,61,76,f1d9c9ed7b9cde79f48d99d11dedd284bfc7c9711f26fe34ef54a2134848bd16
hspylib_clitt-0.9.139.tar.gz,2024-10,benign,CLEAN,0,0,60,76,d7f16a63e26a14dbe753a60989a3d26532bb4d6eda567b852c3e9ae3003747e2
hya-0.2.4.tar.gz,2024-10,benign,CLEAN,0,0,60,76,6e1e8e1337991e1b375b1588b07f6b8e593bca30c1594ccd05512cf0aa8cf88b
idds_atlas-2.2.2.tar.gz,2024-10,benign,CLEAN,0,0,62,76,3c4869a6713e58441633b36b8acf7bdfb9736ebc8395bd9e0a1c0d280285e26d
isar-1.23.0.tar.gz,2024-10,benign,CLEAN,0,0,62,76,d5fd90aae5ec6c942ad8e10da5ee99e425d978a876054c4d516056e200d650d2
langchain-0.3.6.tar.gz,2024-10,benign,CLEAN,0,0,62,76,94a83f75e2e67184cf5e14a47bf92a1cc1a60f8d93bfafec74939a476939277a
libecalc-8.26.0.tar.gz,2024-10,benign,CLEAN,0,0,58,76,c431d0f16a97c6d633c4748ecd0adaefab946d478527287bc8fb37a1e467e160
mtmflow-0.0.290.tar.gz,2024-10,benign,CLEAN,0,0,61,76,24fb342677ab4c0ad864ae3b893a85bc7fd3d6dfc75099a1d18ca08a40c42658
mtmscreentocode-0.0.381.tar.gz,2024-10,benign,CLEAN,0,0,62,76,fff69c9db1d815fa3e26b7727509af1c49fed8645989e1148f822ec3f0eaedd5
mtmscreentocode-0.0.458.tar.gz,2024-10,benign,CLEAN,0,0,62,76,c647c1284488ee902b2439d682458027310c2afa16ccb3367f1ebeb6ed284ef1
pyccel-1.12.1.tar.gz,2024-10,benign,CLEAN,0,0,54,76,07a2d02aa3d06c73f56ae8e0a9bf26630812d90e78ad32e436cc31d2e387d060
spanishconjugator-2.3.9152.tar.gz,2024-10,benign,CLEAN,0,0,62,76,c1544d0894417d4f8ee722535bbc978aca739105ebeb1c69ddb2bfe1ffefa2f0
talkytrend-3.3.5.tar.gz,2024-10,benign,CLEAN,0,0,60,76,520882821b82237c20e788bd2461beced7c194fbe1999a004c7db81b2a99e96e
tencentcloud-sdk-python-bizlive-3.0.1258.tar.gz,2024-10,benign,CLEAN,0,0,43,76,597887a634ec7f9f78458fcc42d2f5e824887afd3c6a8904ca4b03bef04e7ddb
tencentcloud-sdk-python-bma-3.0.1246.tar.gz,2024-10,benign,CLEAN,0,0,62,76,9887d4874f47f3815dbbd28c84fc8fd990e88240aff5bb3b68c0e1d551c6961c
tencentcloud-sdk-python-cr-3.0.1250.tar.gz,2024-10,benign,CLEAN,0,0,61,76,9f5a188fa7077853dc03875f08d984b81d7a6d761edde55a3218d386c7643b29
tencentcloud-sdk-python-lighthouse-3.0.1253.tar.gz,2024-10,benign,CLEAN,0,0,62,76,d90949613f5ea8729b7d0cb890390057f4f0bb778ab68f382b96933d85556739
toolmate-0.3.92.tar.gz,2024-10,benign,CLEAN,0,0,61,76,eabdb80176ed6cbdc0c7366a2c1101208549426983487dcc587756c5c598f88e
vtjson-1.9.7.tar.gz,2024-10,benign,CLEAN,0,0,61,76,87a13e4b6bfff690e6fcc5a13e486c99b3a21c1d9f2f94149a5a90240c8beb31
winocr-0.0.15.tar.gz,2024-10,benign,CLEAN,0,0,61,76,26e1e24365ed85d7faf65cb2e07972e2615cd53b7850bba09ccec414575b5801
wmill_pg-1.407.0.tar.gz,2024-10,benign,CLEAN,0,0,58,76,f5e99cefd463dd7561dcc5fb1fe4c8f1949e7f1fc4a905c03ba7bd2aad695af5
workos-5.4.4.tar.gz,2024-10,benign,CLEAN,0,0,62,76,8881038175c3552615d37f9284c76720a276388197754862bfd75ca0b1b3afd0
autogluon.common-1.2b20241130.tar.gz,2024-11,benign,CLEAN,0,0,62,76,a8852a43da468aa508792fcccb27f863c0e907255e600f7e860587fa91d56d88
c65faucet-1.0.79.tar.gz,2024-11,benign,CLEAN,0,0,61,76,85ec0064513b1fec7eb34b8cc9bcbb2f520a348c206ddaeeac37731d59f26945
litellm-1.52.10.tar.gz,2024-11,benign,CLEAN,0,0,54,76,3eea20e043a7d6369812b700571ca7600392fdbcf8a4d8b570e7e82f18ab4bf8
llm_dialog_manager-0.1.2315.tar.gz,2024-11,benign,CLEAN,0,0,55,76,42aea24ae30ad71b5e97f72f5f9bd1de5f15f2ab3fa406e0369586e2d8ff5fc7
mtmlib-0.3.1519.tar.gz,2024-11,benign,CLEAN,0,0,62,76,e419377adb450fc33a5fc2b0bc940e0948698bf213ada28250cdfda6dcf78fe3
openapi2jsonschema2-1.0.0.tar.gz,2024-11,benign,CLEAN,0,0,62,76,7dfc2d96f674749a98e0691d25a883308a1c1f57c665e2f162d88560b0587900
pipez-0.0.128.tar.gz,2024-11,benign,CLEAN,0,0,62,76,c88608bbdeed161304c45886a3333163b45bd97baeac2028c7f002d843e1f3e1
pulumi_ec-0.11.0a1731090342.tar.gz,2024-11,benign,CLEAN,0,0,61,76,b0db6198bb4e201dd564e22cd63ed315749bdee6490c758c511db4fb4444dc4c
rekuest_next-0.2.45.tar.gz,2024-11,benign,CLEAN,0,0,62,76,399afb90d4a83d68ba812e8cecf94bab725b81e8a0010b242085c219fc4f4817
rotools-0.1.47.tar.gz,2024-11,benign,CLEAN,0,0,61,76,58af240742bd78134a7458384bdd41663cc63dc8a2c2e0b28d86ced50c4302fd
shub_workflow-1.14.12.tar.gz,2024-11,benign,CLEAN,0,0,44,76,d734f6c36f884edbea123eca0e25c059b8d26bef312de68b7882cf8443efd7f0
tencentcloud-sdk-python-live-3.0.1269.tar.gz,2024-11,benign,CLEAN,0,0,62,76,e824538dfcf66126860eb76aab837264d30a9232fd0668925bf3406929ad1cb3
tencentcloud-sdk-python-tdid-3.0.1261.tar.gz,2024-11,benign,CLEAN,0,0,59,76,9710c6de850e9296b7661ffcab29af8e1bc781e024242a2b45d7c525af078760
trieve_py_client-0.12.5.tar.gz,2024-11,benign,CLEAN,0,0,61,76,8a84b327ae5c97e45a23882ccc69015f4bb22ca8e3b17c331557866c911db440
autogluon.features-1.2.1b20241230.tar.gz,2024-12,benign,CLEAN,0,0,61,76,16f0a2f3ab3543d3b69d9d970c2c053110bdae0d4c18d8e179aec76a2f297837
homematicip-1.1.5.tar.gz,2024-12,benign,CLEAN,0,0,54,76,ebc7cadabde3451852eda849c2c51e9748255a426f3f7985ae2e824bdf4638b9
mtmaisdk-0.4.221.tar.gz,2024-12,benign,CLEAN,0,0,52,76,209b0e2f7a3edb7d6d7829ea8feea98304121e0d8b70b572b49fdddcc00c06dc
sertit-1.44.2.tar.gz,2024-12,benign,CLEAN,0,0,62,76,0129107a32afafc310d059fb8e0f787ea58538c1c3c7e930e8214345745c792d
unionai-0.1.35.tar.gz,2024-06,benign,CLEAN,0,0,62,76,5795c50dc066a90c2e18a6cbabe5b54f1f064181ba22ef0d8176311f5304b805
hscan-4.0.7.tar.gz,2024-10,benign,CLEAN,0,0,61,76,26bfcd41aa8abc305806ce87d1c371330ea244a7936b7f10f07be66dc41f81b8
autopipeline-0.1.303.tar.gz,2024-04,benign,CLEAN,0,0,63,76,068e0cbe35305c2534b07e00c8733a5c4c5f8b647633a0d25c2513c4719d24a3
