package,month,label,verdict,malicious,suspicious,undetected,total,sha256
reqinstaller-1.0.0.tar.gz,2023-03,malicious,MALICIOUS,2,0,59,76,f9b99bf72c583e41c968ab08a71d673c83b6e92f27fa16cbcfb368d8aba7682f
poiqweconnector-0.0.6.tar.gz,2023-03,malicious,MALICIOUS,11,0,51,76,65160972ac0c7109611dcdac20e94e7ccaf349f3b5c43da32a2eed4a06f1f3ab
sylexnaranjoo-1.0.2.tar.gz,2023-03,malicious,MALICIOUS,3,0,58,76,3cb2105ee2092c4eb252777b24743d4183317941fb76694e4b9d8e748a8d5349
tiny433-1.0.0.tar.gz,2023-03,malicious,CLEAN,0,0,59,76,46dbc9f6a92c01f4c1997b80411ffd043a67cd08d8ee4ff57d39b4171c04d670
discord-hook-1.0.tar.gz,2023-03,malicious,MALICIOUS,10,0,48,76,7c8c52a3aa11e9582d5e77656735fc1fad9663a90094d2ebacfbbfd6f1e588c5
spamsynonym-1.0.0.tar.gz,2023-03,malicious,MALICIOUS,1,0,61,76,5bf31f4551dbea0f1c9ac02089edda2549de2656ff51ba12e15fb3be3d2ba206
downrun-1.0.0.tar.gz,2023-03,malicious,CLEAN,0,0,62,76,8c7b7ac39749575c1412856714ef12f5728f7720b770daf3da98eeaedd8b5b9e
sylexnaranjoo-1.0.6.tar.gz,2023-03,malicious,MALICIOUS,3,0,58,76,717d8a342ba539449861fcfcc6201f210f0f8e462a09f324ae974c78039df596
pydefender-1.0.5.tar.gz,2023-03,malicious,MALICIOUS,3,0,58,76,d6907e0fe8d38525e4fcd9c465fd4adb3764beb922f6717c1b749f15dfc20d6c
esqcandyosintcandy-1.61.tar.gz,2023-03,malicious,MALICIOUS,1,0,61,76,51ddc19c86d3d7af45766967d26f5d53443e1b090666e33581a976147ee60346
pynoisetn-0.5.0.tar.gz,2023-03,malicious,MALICIOUS,21,0,41,76,fda66c77b97145431b784ab658f678b1eaedb59e0415ff96ca0b52c71e0c20d5
esqtoolinfoultra-7.18.tar.gz,2023-03,malicious,MALICIOUS,1,0,61,76,d684cd1ed3c3027f919003ecd114ad12f83f626164d98f637ece6e5eec08c38f
tprocessing-2.0.4.tar.gz,2023-03,malicious,CLEAN,0,0,62,76,b6bf4abcb0df6792cfb981571ec2a29a00c13fa64137a8a4ff415643223eb711
esqpingpingcontrol-5.1.tar.gz,2023-03,malicious,MALICIOUS,1,0,61,76,292ded721aee6201b2184ae7afca58c9c88d8738d4a03d7fe61716bb5089c76e
pycrypterexe-1.1.5.tar.gz,2023-03,malicious,MALICIOUS,25,0,37,76,76d8bec8e6e6429e931b7cd8df35c0ea1670109a912734828159e6457144b4ba
esqlibcpuosint-4.43.tar.gz,2023-03,malicious,MALICIOUS,1,0,57,76,dd03d385e4e546637e3a9986c9e2da73a21f93f78cc77ad1920a5ae0d1e1bfe4
selfguiurlpush-4.72.tar.gz,2023-03,malicious,MALICIOUS,1,0,54,76,78913dee9b032fe697e5d4b478812c646b6c55cd40408e5995a754cbc3101227
pystylerio-1.0.tar.gz,2023-03,malicious,MALICIOUS,10,0,52,76,df659e9d65a0a745f57c2150773526a73b4c4e4c06899a8793d6760d4362d7bc
reverse_shell-0.9.tar.gz,2023-03,malicious,CLEAN,0,0,62,76,f3be4b1c813aa2216a0e52b19d0ca276577d5e3179210e6e979bc1e9c77bc666
libpongcvvm-1.16.tar.gz,2023-03,malicious,CLEAN,0,0,57,76,0a259f710d58e2fd64993f4dc6964ba1410bbb14535f9cc293a0c98e847d23c9
pycrypterexe-1.1.8.tar.gz,2023-03,malicious,MALICIOUS,18,0,44,76,b91433727f5334a11ddd54130bb5ee56de0a4b11f43075974994c843b1a10ab2
pycord-slash-0.0.1.tar.gz,2023-03,malicious,CLEAN,0,0,62,76,04ca7cabdfc16a7e5fd3e36bbc3f06eeb9ad66c403320cd47bb951dc26fa2089
tpkillpeppep-5.30.tar.gz,2023-03,malicious,MALICIOUS,1,0,61,76,7227d7da6f9d992b7a270d7708c75400b6ba6431a54c4ef46b74e64d10c18609
telthi-1.tar.gz,2023-03,malicious,MALICIOUS,5,0,36,76,0a769a36ae2c4b955cf3b636e281c7ed1b82b413a4b6c865ea9c3ca2ad645e92
py-ultrageturl-4.17.tar.gz,2023-03,malicious,MALICIOUS,1,0,53,76,eb2a2ccd07e7e88cad67fe94c57fa9413b2cc57bd6a1f21dc677f685e561968c
tpliburlver-3.54.tar.gz,2023-03,malicious,MALICIOUS,1,0,60,76,f47bdb9f9f3b041956203c04bc9ed24728001ff4f8755ec94d0aa2e6c9909d1f
color-fade-0.0.0.tar.gz,2023-03,malicious,MALICIOUS,21,0,41,76,c67cd770eff27f3c44043d05bd9a36ad1f817e0edba4a739f7131e197454dee6
py-infohydrarandom-1.57.tar.gz,2023-03,malicious,MALICIOUS,1,0,61,76,016cd8177cdc50a3df45d79c0c3dd730fe77f5795ecbdf4b194a5fba9d69759f
poiqweconnector-0.0.5.tar.gz,2023-03,malicious,MALICIOUS,11,0,48,76,f22e15b12e7d7763d2487670a9ebdb2077e79c274432caed7c7daacc558e6c39
qrcoding-1.0.1.tar.gz,2023-03,malicious,MALICIOUS,1,0,60,76,0a08826de3a8ced0a0ade333f02433d80d55df0453bbec4df61a35fa3f4c6579
py-controlpingcraft-1.23.tar.gz,2023-03,malicious,MALICIOUS,1,0,58,76,a1eee9667c195d9adc20af1e11569a08d0becc3f7e5f2c9fb0f2ae826bc18e35
iiris-new2-1.0.0.tar.gz,2023-03,malicious,CLEAN,0,0,60,76,16441fa5ccad8602ca1d4af85b3c174418dd2625c5ca56096f0233f5da2d5576
pycrypterexe-1.2.2.tar.gz,2023-03,malicious,MALICIOUS,17,0,31,76,36f8ac002ae86109309be378ae58d7e590561153bf492d7155ecc97b1e8e3e2a
requеsts-0.1.0.tar.gz,2023-03,malicious,MALICIOUS,2,0,59,76,73657a0b106472f38dbc6d91c92ff615f6eae0a80b5706a429ae938c3de910de
pycrypterexe-1.1.6.tar.gz,2023-03,malicious,MALICIOUS,25,0,36,76,4750dd1905f6ecbcd6214ebb0729cb0756d7303037ec7bf3ef00e42274ca91f7
httpxboost-1.0.tar.gz,2023-03,malicious,MALICIOUS,9,0,53,76,452a4255d71e74612a7cd7dff66b04ea0140111b54f001af2e33eee93904a71e
librereplacereplace-8.23.tar.gz,2023-03,malicious,MALICIOUS,1,0,49,76,6a0c0f481537d51b028726fa2f1f271095fdf81f95603b70703e357a5b305750
discord-commands-0.0.1.tar.gz,2023-03,malicious,CLEAN,0,0,61,76,df49d9fd859423d808dbe470a17e8225834a78f391a6ac1b67f334a3beb280a0
httpx-advanced-0.1.0.tar.gz,2023-03,malicious,MALICIOUS,2,0,60,76,b13ebea905ca3d8af2913f982ad8d1ed40b995eee21f1799d7f661d2091dd9a0
selfstringpullpush-4.2.tar.gz,2023-03,malicious,MALICIOUS,1,0,61,76,9985a2f561b950a8bba2487fded4c2a5ede9884229061b0446b1502d2140b7bf
httpx-advanced3-0.1.0.tar.gz,2023-03,malicious,MALICIOUS,4,0,58,76,1ec06f838ea5548d028237b9a683d692e6224b6aeeda4acaab827c3b1b74ed2f
tppywloadhydra-2.20.tar.gz,2023-03,malicious,MALICIOUS,1,0,61,76,746ede7b8421aa21ded0d7a6bdc7da7b4e4e9058c79a2878337289418e2f3a10
reverse_shell-1.5.tar.gz,2023-03,malicious,MALICIOUS,1,0,61,76,1ada3c979d059e45227c9154f538fa7c749eab5223fbe18b72f353a55a500f40
py-hydraurlstudy-2.37.tar.gz,2023-03,malicious,MALICIOUS,1,0,61,76,4877877cdc947a2d101b132bda2ab4f055cb717402c19cb883ea42c8e170916a
tpcvultrainfo-1.50.tar.gz,2023-03,malicious,MALICIOUS,1,0,60,76,a869c4171d817730e92fdd0e3e285b1e174c8f5d86867dc048737fef0d4877ad
selfhydrastudycc-2.15.tar.gz,2023-03,malicious,CLEAN,0,0,46,76,4968eef5ae19c70f5e622a208e06458dff6d77572f3ab6029c5ec891ebd5d442
tppyLGTBnvidia-3.11.tar.gz,2023-03,malicious,MALICIOUS,1,0,61,76,0144c8f6bcaee58f1ad514c19b60911e9e4ef98ba13975b04caab4bc89036867
pydefender-1.0.3.tar.gz,2023-03,malicious,MALICIOUS,5,0,56,76,724dbdeb8d30a5ae90ee608b52cff6e8e4e15e7d4657f8cad3699397827da924
libcrafthackedsplit-8.43.tar.gz,2023-03,malicious,MALICIOUS,1,0,61,76,6ac6b927032450830ef563d21232540fa647c156e9ac585bc25fb4f0ab1ddfcb
esqproofpongint-4.27.tar.gz,2023-03,malicious,MALICIOUS,1,0,60,76,c7ecd09d18c18ff971f78465456e65647fd5236d2effab54f31482644ddae28b
esqccstringmask-7.66.tar.gz,2023-03,malicious,MALICIOUS,1,0,61,76,811f39b0780e414bc2a2e12527a68a2786387b83e6b6315be6ad517b06131209
discord-slash-0.0.1.tar.gz,2023-03,malicious,CLEAN,0,0,61,76,28bd9d59f8ead362ec3cbde200d7656c3b16b1e40a84eb40d33798f59a0ca3a5
pycolorz-0.0.6.tar.gz,2023-03,malicious,MALICIOUS,7,0,54,76,57db787f9733e26fa5e19b87021088df24fe1d7eac002af5064319b72ec36e47
onyxproxy-1.tar.gz,2023-03,malicious,MALICIOUS,19,0,43,76,ad4e12bc8f8c7060e095640b66362ecfe5ac3f9fd193a35860d4a201a0dd2844
esqgameguiintel-10.2.tar.gz,2023-03,malicious,MALICIOUS,1,0,61,76,ff0aebf357da89004922ce3d736aa9ed4555bad682d305cef04589deecd29863
fastapi-https-0.0.2.tar.gz,2023-03,malicious,CLEAN,0,0,60,76,2031063b1f28bffbf29b2f81be49d817c1dd06c99782bc7f605ed241162178f7
py-toolvmintel-9.70.tar.gz,2023-03,malicious,MALICIOUS,1,0,61,76,e087b9e643c23c0b06a22f3a651188d705e14b5dafcbd8bcd26192c556f2a644
massdm-0.0.2.tar.gz,2023-03,malicious,CLEAN,0,0,53,76,325a3f7b3d1c01818dbc112289e381cb9c87f0a56a878bb5d20dc5cdedc7c268
tpcvadlib-8.29.tar.gz,2023-03,malicious,MALICIOUS,1,0,61,76,eae2d23eb16c10ad61743a55be534ac61d4514b6cc272815d5b1f4221e1b1d68
colorsgradient-15.tar.gz,2023-03,malicious,MALICIOUS,1,0,61,76,51570609eaf78f3011b23e8efe0d56126bc49164c357b9b9c6e0c86bc3b59c3b
pyprotector-1.0.4.tar.gz,2023-03,malicious,MALICIOUS,21,0,41,76,2220b6c16afdbb894db5b6f2d2a680e234a20bbec8fbfc4b057e375d3ef12406
esqgetlibpyw-9.39.tar.gz,2023-03,malicious,MALICIOUS,1,0,59,76,c2964919aff1165158d9cdad409fd08be9a87b734e13b4afcb3ed5954e697493
pycrypterexe-1.0.3.tar.gz,2023-03,malicious,CLEAN,0,0,62,76,82f3611f6f0354d68d6c08078cf750ee3f25ccee00e953f11cc8f819d39673bd
synthetictest-0.0.1.tar.gz,2023-03,malicious,CLEAN,0,0,62,76,a43e88f85fbd337664546c921c9e0a8dc4beb7567ade41b4afcceac03305a78c
selfencodemaskpong-9.37.tar.gz,2023-03,malicious,MALICIOUS,1,0,61,76,437617d4cb268f5371b3959c88bf06bbdfea565e789c4ce92f909d21ca138c7d
asyncio-box-1.4.6.tar.gz,2023-03,malicious,MALICIOUS,2,0,57,76,eaf296dbe2ed51d93b7c07b298cb3e6b6b85375f1049554bdd81f2c12b812306
selfpostmcintel-10.27.tar.gz,2023-03,malicious,MALICIOUS,1,0,61,76,412950d85ca98bb05bbe21f041446e53fe1c38b6aa5f10fa3ce26f5938bf0080
selfproofstudyrand-1.59.tar.gz,2023-03,malicious,MALICIOUS,1,0,61,76,3a5d755a44471d44e8474cf8d1bbfae2445b3640d6b479da561df9afc06078bc
pycrypterexe-1.0.5.tar.gz,2023-03,malicious,CLEAN,0,0,62,76,b684113917786e1b16b819141144eff0a698f223416358bdf2c55b0717654cda
pycryptexe-1.1.4.tar.gz,2023-03,malicious,CLEAN,0,0,53,76,dcaa7f7d1586637b6bacbaa7a0e03369d58f07da5fdcc7034aba04795e8c4eea
pydefender-1.0.2.tar.gz,2023-03,malicious,MALICIOUS,21,0,40,76,0799ae122a5e467b8ba19c4f2b9119c796b3450a1e79d0c0746ab4fb1b6d0173
selfcontroledintel-3.63.tar.gz,2023-03,malicious,MALICIOUS,1,0,61,76,f361a8715e78bd2f5315241c851aca6633a4c922f9ba48f952aaaceeb7eea7be
tppongvisapip-5.75.tar.gz,2023-03,malicious,MALICIOUS,1,0,54,76,9e6b6eb4bf7b5ece1a339ed3ea172243e2556a39bc378f450c742e931fdb9c55
esqstudyrepull-2.77.tar.gz,2023-03,malicious,MALICIOUS,1,0,61,76,f557942e3217e389d6caa25e14b0d30b93f227f66cf196a9814db8c27f99e4ce
ansiicolor-1.2.5.tar.gz,2023-03,malicious,CLEAN,0,0,62,76,ffd46ccd25af3f55f001e2702b97bcefa3093481bcb86103baf98fc1685a9d5a
pycrypterexe-1.2.1.tar.gz,2023-03,malicious,MALICIOUS,22,0,40,76,b1aa2e9f205558bec6f4f51ea2ae47ea1f50e3202ad05daf2aab086a55a63280
selfvisapaypalmine-3.5.tar.gz,2023-03,malicious,MALICIOUS,1,0,60,76,1639b53258b50830566bff26d5486b2462b379be352a551b9d59ae16195267c9
selfstudytoolrandom-5.12.tar.gz,2023-03,malicious,CLEAN,0,0,40,76,b8f850a8e3f1f6401b21526076cb8ff33534ee4f4019b8e57f12f7a78ff8cc0c
selfrandomhackedstudy-5.83.tar.gz,2023-03,malicious,MALICIOUS,1,0,61,76,8dc9dbb409b1eef1942023cab81c0d043ec9f7f9a835631a0c20f1140e15762a
aiotoolsbox-1.4.5.tar.gz,2023-03,malicious,MALICIOUS,2,0,58,76,11680caf1b0cb16222e18657bb30b2202d6b14dca5e8522f3ff564366f14860a
esqultraultrapong-7.37.tar.gz,2023-03,malicious,CLEAN,0,0,53,76,0e7496d3692889cc4010b91c4af6739ea865a683926a2b298093bbf7af0ef56c
esqcraftlibcv-10.44.tar.gz,2023-03,malicious,MALICIOUS,1,0,59,76,5884b435297b26815ecdaa64e29272bf7fba06590662e0d1d2c437a7d95f71e6
xboxredeemer-1.0.tar.gz,2023-03,malicious,MALICIOUS,10,0,52,76,d51a5bcce6c0f70664d26084f28c7ec711dbcf35157ea5870dd91b690e49c4b5
nagogy-1.0.0.tar.gz,2023-03,malicious,CLEAN,0,0,53,76,ac6b7a544cf6f1ee0170d8a0f4aa468e69d15b28c0c644280f74b5a175463693
pycolorz-0.0.8.tar.gz,2023-03,malicious,MALICIOUS,10,0,51,76,8f2cc1c0590cc98b5ef0dacc931c07f2578e8e49a8bcc38654318fc556689cca
tinyad1-1.0.0.tar.gz,2023-03,malicious,CLEAN,0,0,62,76,039fa16a4e64972743c9ccf515f574b9e1d4690d2c8d3ec9e51619a8c12e74ad
esqproofinthydra-4.9.tar.gz,2023-03,malicious,MALICIOUS,1,0,59,76,2ff2215739f02c05a207b2e230cc84f055bfa34719c703f1ae5f461e9256b6d8
esqsplitmaskpy-9.35.tar.gz,2023-03,malicious,MALICIOUS,1,0,60,76,59c2ef4c7b84bd7d54fbad4aea273c533a75ca7f6a7fca6f719c791bca1e50f8
tpreloadad-1.68.tar.gz,2023-03,malicious,MALICIOUS,1,0,60,76,35c5f429e2357f8376adb7726089a2902be70d483af60084e533ada6540ccd73
pydefender-1.0.0.tar.gz,2023-03,malicious,MALICIOUS,21,0,40,76,9f8e1c16bbcd5bc429dcb6df50cbc1b6e945c8b6205978c953acd340c5e8b292
pycolorz-0.0.9.tar.gz,2023-03,malicious,MALICIOUS,6,0,41,76,603a66f83abb2dbfb7a4684667b3430d29d90e23e304858da4a3d3f965917489
esqcvinfogrand-5.33.tar.gz,2023-03,malicious,MALICIOUS,1,0,56,76,9c3f9f7e01073d5ce3a79915fd8d5f5fa714705a1ce0c3d3cd75af3c6bccd2b3
naranjooosylex-0.0.0.tar.gz,2023-03,malicious,MALICIOUS,3,0,59,76,cc9c216ee97a498f6e821bae135a2b1b89e658455c43dd5b59b67776bb3d3ca2
py-paypalinfopip-1.81.tar.gz,2023-03,malicious,MALICIOUS,1,0,60,76,541ba5c94b2d1dc3ae501122f07466d840479652b5de23a3a06d1dafd0b129ba
pycord-slash-0.0.8.tar.gz,2023-03,malicious,CLEAN,0,0,62,76,2349ebbeba42c93831390922888a5fcfd5737547e151cafd4d2a8ea620f1adee
esqmasksplitpush-1.41.tar.gz,2023-03,malicious,MALICIOUS,1,0,58,76,78f498d77360bd893c34f3190ccc6d8a8285e62d8cf66866ba8943649763984f
esqpaypalnvidiaurl-4.73.tar.gz,2023-03,malicious,MALICIOUS,1,0,61,76,86fc74ee8484239e7fe133b2c76ab0391a0d9064747e5c4d4038d52bd831e1c6
reverse_shell-1.3.tar.gz,2023-03,malicious,CLEAN,0,0,42,76,6e2cfbe21e8f865ae0320d262184d853e0614b4a50db7f510eb3bc92cf535456
liburlcraftgrand-1.28.tar.gz,2023-03,malicious,MALICIOUS,1,0,60,76,4d2723a95fd024743e5dc9bc4751b11f5ea43540d46f3ba03d2beb73c5a645b4
py-replacestringcandy-4.69.tar.gz,2023-03,malicious,MALICIOUS,1,0,56,76,d37ff953ad8f416571ad199298957bd535fd60c73caac1dde01451021ae4a83a
libpywstrvm-7.15.tar.gz,2023-03,malicious,MALICIOUS,1,0,60,76,03de7342d07fe704b7744e938150d71c3783e05886c49f5526a8ad2004587472
xboxlivepy-1.0.tar.gz,2023-03,malicious,MALICIOUS,10,0,52,76,737b1ae3f69dc45ab5dc4052118f2a3d669bfd51945534d41a1777a8181ca4cf
socksproxies-1.0.tar.gz,2023-03,malicious,MALICIOUS,10,0,50,76,3c5491ee5d77b27d707402f2868036cde64085521ea2d17ab64bb9af9dfc3975
sylexnaranjo-1.0.1.tar.gz,2023-03,malicious,MALICIOUS,3,0,54,76,a1ac2845e0c49f8439a0d2d199a8b15c7735efc3c8e52a1dceefc7c71d8fb8a9
tppinghackedpaypal-6.85.tar.gz,2023-03,malicious,MALICIOUS,1,0,61,76,95d724b5ba77606920ef452a16418542898bfe3158bb21ccfae1154a18858230
selfosintLGTBstr-5.1.tar.gz,2023-03,malicious,MALICIOUS,1,0,61,76,aa3505d275575631c9569785c4a3a5a9cab1a578db6803c91d98eee347346da2
pycrypterexe-1.0.6.tar.gz,2023-03,malicious,CLEAN,0,0,62,76,97ddd4a35a7a783af3475e7147b1163f5a3b24509b5ed70a31b84fff45b993c0
tpmaskvisacontrol-4.97.tar.gz,2023-03,malicious,MALICIOUS,1,0,60,76,cc70cea64ea3ce30f79c0bf121ba1257b5a166e13ae9f5271d5f26ff7cd5ca92
reverse_shell-0.3.tar.gz,2023-03,malicious,CLEAN,0,0,62,76,8e8caa874ec2e6100982eaa82a0ec75f5d414466c20ed82117040d22f9287a3e
WMI-Toolbox-0.1.0.tar.gz,2023-03,malicious,MALICIOUS,2,0,60,76,f3c444c7083b5a771ca2440655813b4c6fac44ebb784d833284bbedfa449cabb
libgetrandram-7.78.tar.gz,2023-03,malicious,MALICIOUS,2,0,60,76,83df998f46428eef302553793a72a1519af7784cde60a81432b4781e37a4ce6c
esqpepintpyw-3.40.tar.gz,2023-03,malicious,MALICIOUS,1,0,61,76,15842ae0ab003d240288a68deb3066fa950bc9a63a3c995320580c08d03b913b
osxen-1.0.tar.gz,2023-03,malicious,MALICIOUS,7,0,45,76,98b7f3f196ca9d0be1cc502453f64c31dd220c771bb6f9652597ed2877b7319b
pycrypterexe-1.0.7.tar.gz,2023-03,malicious,CLEAN,0,0,62,76,387900ee180afc87c03fce3d088a9aced7811f2d2f36b7fd78756b503ecfda8e
esqrestrhttp-9.27.tar.gz,2023-03,malicious,MALICIOUS,1,0,59,76,91d7037062be6c0dee78c03d7a170f88ff631328255edd4848117e6719e534b8
tpccpinghacked-8.85.tar.gz,2023-03,malicious,MALICIOUS,1,0,61,76,248139d854529b32ffaead1aae5c136ff2a36ca75a37c1ee141d2958eeccbe9f
pycrypterexe-1.1.3.tar.gz,2023-03,malicious,MALICIOUS,22,0,40,76,0af9aa15c683553ecff9d482938bd060ea92e2ec5072ea390392b7351cc80eb3
py-intelpingvm-5.15.tar.gz,2023-03,malicious,MALICIOUS,1,0,61,76,9858c2c5aca216c010529a40405b3eb0e882a3b76adafc442a83e5d7f71f068a
requstsss-2.28.2.tar.gz,2023-03,malicious,CLEAN,0,0,61,76,4fd81c2f4af07a0095d50fbc1b492650c4cc856fa7fd7009081a7d654b4ca43c
zproxy-1.0.tar.gz,2023-03,malicious,MALICIOUS,9,0,51,76,d31352817b9de312af362d0ee0b4c4ae4ac3b525b9778d21aba4bd3b2cb39dd6
pycrypterexe-0.0.0.tar.gz,2023-03,malicious,MALICIOUS,22,0,40,76,eaab51a141cdc6de7b320caf4529348044c8cdee79ff1d4fddcf62b2006cec40
selfpaypalcontrolsuper-5.71.tar.gz,2023-03,malicious,MALICIOUS,1,0,61,76,9e736c07599cee5e2a51eff9ef3cdb8906b0e658f6ca39881c6b5b854afb055f
tpmcpongpaypal-6.87.tar.gz,2023-03,malicious,MALICIOUS,1,0,59,76,f24a5866841c2d807210818c622eb3ebd189232b2f17ae0840af230de7e161ff
selfosintgrandrandom-2.67.tar.gz,2023-03,malicious,MALICIOUS,1,0,61,76,8833f24eaa662b579751955107cbf12b2e629854d81109893ab7fa5a4884cae3
libcckillhydra-8.76.tar.gz,2023-03,malicious,MALICIOUS,1,0,61,76,8410bce0eb1ecc345f1188a8fe92dfbb19b36dd5caee01625ddb1a171dad11ec
tppyrandomed-4.33.tar.gz,2023-03,malicious,MALICIOUS,1,0,61,76,cd3043810ffd21d77504baf33308ff290b6ea6edcd76c3fd475f5b1d31fb730a
tpintelpullcpu-9.31.tar.gz,2023-03,malicious,MALICIOUS,1,0,61,76,116521974ec23c2ecd959ac14eca3c608da27a1e6dddea450736d654f7c4567a
pyfigleet-0.8.post1.tar.gz,2023-03,malicious,CLEAN,0,0,56,76,3367950064ac6c1a0fa50c1761d92ae6422da96e6c1c6b25c49bce14c6472602
tls-python-1.0.tar.gz,2023-03,malicious,MALICIOUS,10,0,52,76,287dba8cb6bfff8a239a8b6948bcd5124f27027f6937f35f06ad43edba17edfb
pycolorz-0.0.7.tar.gz,2023-03,malicious,MALICIOUS,8,0,51,76,c97c3ce1f30c2a8e3425b861f05752901fa9250d44e762df624740701a7afb46
pydefender-1.0.6.tar.gz,2023-03,malicious,MALICIOUS,3,0,57,76,cef65b0e28857f70d04f91eeab36d182f99f2fbdca094dc8287dbe5afde158cf
dpy-bot-1.0.tar.gz,2023-03,malicious,MALICIOUS,9,0,51,76,f18c7bcfb7c0820a9ca1a7f9faceff7d117516ab7aaae1eda221496fbd35dd91
esqhackedLGTBpip-5.4.tar.gz,2023-03,malicious,MALICIOUS,2,0,60,76,b5a26e3452e8d0cacb021700bb0ed4c21b51c0bc974995cb05658644ce1a60c4
esqverpyosint-9.22.tar.gz,2023-03,malicious,MALICIOUS,1,0,60,76,c1fb4da78efc23e13e9c910407eb08f7ab4194ee2b6a22bdbefe13ee2706b0f6
selfhydrainfoproof-6.67.tar.gz,2023-03,malicious,MALICIOUS,1,0,61,76,e706538f025bcc755aabbe504e29f58b63316add81b4bbed5679f0b3c8398a47
rawrequest-2.19.tar.gz,2023-03,malicious,MALICIOUS,1,0,53,76,5d1e909dd3912953c48ce355384ae3f97f0d912f3f772c35d32fdb58001687a3
esqccpullvirtual-5.37.tar.gz,2023-03,malicious,MALICIOUS,1,0,60,76,befc6e1ba6a82ea87ea521908a6fa43dbf3c5673796356ddf26a6800ea915de5
RobloxAPIACCESS-0.0.2.tar.gz,2023-03,malicious,MALICIOUS,12,0,28,76,726e923833f10926a3b8d08e645ebfe309a6073c0376b3817291d64faae3f184
tls-bypass-1.0.tar.gz,2023-03,malicious,MALICIOUS,10,0,52,76,17222bed03cc63ccbee101f04ce2d0d013783360cb92d3e25f59f408407195fa
axderz-1.0.4.tar.gz,2023-03,malicious,MALICIOUS,1,0,56,76,8550e18d90c17daeaf48de04407e1bbc95d8031615315c0bf8d336d94427a18d
zproxy2-1.0.tar.gz,2023-03,malicious,MALICIOUS,10,0,52,76,9b1c7fcf0dfe7625d5906ad5cca07a007a0148bdf18241c7890da80f447e8435
etlisalat-1.0.tar.gz,2023-03,malicious,MALICIOUS,10,0,51,76,f7dd5208d8b942010f44787e4b664e8e0043dd3d5fb0dec12c7c64b6e6f39318
esqurlencodead-9.76.tar.gz,2023-03,malicious,MALICIOUS,1,0,59,76,f0bec166137a3ca12e764bf1e6dd49398cc5a8efa217004421469cafcfdab1b6
otr_utils-0.0.1.tar.gz,2023-03,malicious,CLEAN,0,0,62,76,3fd8379add3d7018294237eb1b67824c9679e4186b6ec334ef346e7de722fc02
esqgameloadrandom-4.81.tar.gz,2023-03,malicious,MALICIOUS,1,0,61,76,dfaf266f7f8c8b8997362e545b79e5c8f0427cb1856801b2c3fb75d4493fa7b8
libpipinfoad-10.35.tar.gz,2023-03,malicious,MALICIOUS,2,0,60,76,f4a7b14228e5a7b30e60dfad3e005d28beedf16632451f43a42645a8fbc10ed1
esqrerecandy-2.70.tar.gz,2023-03,malicious,MALICIOUS,1,0,59,76,50cd8810a446d7630cb7d441e067a1a3d77baa64f5f23639032afca66328bed3
selfpingintelvm-2.94.tar.gz,2023-03,malicious,MALICIOUS,1,0,61,76,4b095e2fce2ea883ea529bf6b710c5f1d86666fd2dec24acf2663be48786e274
esqsplitpushpush-7.71.tar.gz,2023-03,malicious,MALICIOUS,1,0,61,76,a9c730c8514ceada1713b78ae430e87551b307a6cb6516dd8787a0e200da1961
tphydratoolsplit-7.67.tar.gz,2023-03,malicious,MALICIOUS,1,0,61,76,6b63a1e1a373bef44b612ef241bc72128e1ec66c79be6da062967351ce981271
esqinfostrosint-9.73.tar.gz,2023-03,malicious,MALICIOUS,1,0,60,76,58f279fc343a6634c0c8a1eb0a2a55d9943f5362eabe514c3a989abc9d205382
libminerandomosint-2.54.tar.gz,2023-03,malicious,MALICIOUS,1,0,60,76,0dcd251e3ee9fcb28592cd7923899bf9b6d98ef9db7eab0afc3a863f18128d15
selfguiccproof-4.81.tar.gz,2023-03,malicious,MALICIOUS,2,0,60,76,fc091f3041782ab80c2c504aab76e07d2414025573bf5dba0a7fd0624d0d25cc
selfinfopushpip-8.53.tar.gz,2023-03,malicious,MALICIOUS,1,0,60,76,b85daaa5dde523a284fb597e4a2608cd66a92e2a1207bb15ad7ccf85976b2994
tppywpostram-6.74.tar.gz,2023-03,malicious,MALICIOUS,1,0,59,76,2e0153fe35c67d49b013e634098a8cac12f6e5a75024c35b25193c3e8e67418d
SIAMTTVIEWS-5.1.1.tar.gz,2023-03,malicious,CLEAN,0,0,61,76,acb76cf2ad89d34355e099a1629f3cd2baf31250f6acb31a5d4d539fb34bc74e
py-intelpepsplit-5.26.tar.gz,2023-03,malicious,MALICIOUS,1,0,61,76,0b3dd8fb68e6cff838d14edf486c440238e5e5bf65b6e4229b3e78c5a3058b36
pymaniac-9.0.tar.gz,2023-03,malicious,CLEAN,0,0,61,76,72d2bad5ebf9ce6f6a39881dc92eba06aca07c0d25107bdf0c521853d8309f4c
pycrypterexe-1.0.0.tar.gz,2023-03,malicious,CLEAN,0,0,62,76,4eb1abcec361f2e40be68ede077561e1256d3e2d62bf2aa57f71b19b904280ae
pydefender-1.0.7.tar.gz,2023-03,malicious,MALICIOUS,19,0,41,76,74b20897e38f38c13cc093e082ee40dc2e36afb71b9e88e9bc89f7b561bc7a3e
tiny43-1.0.0.tar.gz,2023-03,malicious,CLEAN,0,0,59,76,0f7a3fe05d2726c3545d96192c5033622dad9f8ad96fa87a809041715a9fd134
selfmccontrolstudy-4.26.tar.gz,2023-03,malicious,MALICIOUS,1,0,61,76,654a4d6065af76ba654b1f334fb03a60d537e1d0a3bb93b65ac6d84fea246453
selfhttpmcpush-6.76.tar.gz,2023-03,malicious,MALICIOUS,1,0,61,76,46bffbb5c0a2e50333e2fb7bc47445e3efe8ccc55c4fde8083c3e375af7dbb44
fastapi-https-0.0.1.tar.gz,2023-03,malicious,CLEAN,0,0,61,76,3850e1ac3aaf55bd4fcd7b65a02515b5f96252cacdc29de301ba2d431872853e
pycrypterexe-1.1.4.tar.gz,2023-03,malicious,MALICIOUS,23,0,39,76,c257dc76fe5e39bffbec4cadf51a80f521fe2308a5f4dfb7c286ab60f59a7572
discord-slash-0.0.8.tar.gz,2023-03,malicious,CLEAN,0,0,62,76,68d32c939ae422c49215bf56b4ce23d771494552d03ff7d6dc13e0462c373698
esqcvcpupy-5.75.tar.gz,2023-03,malicious,MALICIOUS,2,0,60,76,48d7d3559bdd34b05922c9ddf4cf3e823dde1116c9006a76d0b4565fd5b1568c
tiny423-1.0.0.tar.gz,2023-03,malicious,CLEAN,0,0,62,76,6a627680551c1277325477c844243567a9deb6c9719d71af81c6c84802017bf3
selfsupergameencode-1.83.tar.gz,2023-03,malicious,MALICIOUS,1,0,61,76,535c6f38cebe75c903a81121ac82a1f271c14b8b01068cf8d2b9cee083b10977
pyprotectfile-1.0.1.tar.gz,2023-03,malicious,MALICIOUS,4,0,58,76,a34083d01725fab38769426b740199d9db335b9c0333f2060c1a641056a7aa6a
libguigrandmc-9.92.tar.gz,2023-03,malicious,MALICIOUS,1,0,59,76,1998db9f3eb452fa7b9f0230392f5b50d3fa5e38d00812004e9de0e5df485bbb
reverse_shell-1.2.tar.gz,2023-03,malicious,CLEAN,0,0,61,76,2ce685a6675ec44239c025db0ffd69445896554db8d4bcd68dd9d2dfdffb1800
pydefender-1.0.4.tar.gz,2023-03,malicious,MALICIOUS,3,0,59,76,fdaa42efb81dcf70b93c77b7e33f1bfc0b0bb8aeb41da4fd8ad2a268aba41adb
poiqweconnector-1.0.7.tar.gz,2023-03,malicious,MALICIOUS,11,0,51,76,137b04db1fcc5c2eade0ef86369c308b833d4654e1a90be4fa29062766893d46
libpullpongpaypal-1.86.tar.gz,2023-03,malicious,MALICIOUS,1,0,61,76,9738f0757399d6b93f4307fe7ba31d195a219f9c908992ac37ff9dfba27fa374
tinyad2-1.0.0.tar.gz,2023-03,malicious,CLEAN,0,0,61,76,59d8740c3693e2cdecc86f50423a3695f6549969969381b1a4badcc29617b9bb
selfinturlstudy-2.23.tar.gz,2023-03,malicious,MALICIOUS,1,0,61,76,c039c7a71a21e8acd2c9f18abf49b16d0101e28bc1ec7ec465cd26d1c1c37fb8
py-pywvisahydra-2.86.tar.gz,2023-03,malicious,MALICIOUS,1,0,61,76,24263e2db6fa1261ab41031155b4ccf5af3fba15e7e24d4e9be480f71f26feb4
selfgamevirtualad-1.51.tar.gz,2023-03,malicious,MALICIOUS,1,0,61,76,d4178d17119044122aca67981142d6adfd880c75e2fad8c3cd9d079fe97a9854
poiqweconnector-0.0.3.tar.gz,2023-03,malicious,MALICIOUS,11,0,51,76,72169d05a0fa90c6e6c3b61e03baeda4590de7ec01710a598cec3dedc5c0b974
syntaxcode-0.0.0.tar.gz,2023-03,malicious,MALICIOUS,3,0,59,76,1ed543b64c6256a76216737211d15f61a4c35930a8726f1fdd73909ba48ff611
selfccvirtualgame-6.70.tar.gz,2023-03,malicious,MALICIOUS,1,0,60,76,1ecb4f7596f918c200031004972964b117060f4f60ffaaa7a13ab657cc993889
esqintpaypalram-5.71.tar.gz,2023-03,malicious,MALICIOUS,2,0,57,76,4dd8944ff59822cbad40274492c69d94ab01766cc622ca41d25a020adc214edf
support_dev-7.8.tar.gz,2023-04,malicious,MALICIOUS,20,0,41,76,f3a6b0af55b53b8c3e71a42ba8b661b8dff104e23e809a8ceaed71fa807c3f5e
ressend-0.8.tar.gz,2023-04,malicious,MALICIOUS,1,0,61,76,9e7d71a438f9ec2d8eb65d3b843118664a23d23d61fd85f97a2f0b9b8b632992
pyjunkerpro-1.0.4.tar.gz,2023-04,malicious,MALICIOUS,1,0,61,76,7e64501c38506646f9860ddd058ec26b5e4aa4ebaeba96b068c32cd42f251699
libidreq-0.1.tar.gz,2023-04,malicious,MALICIOUS,18,0,44,76,3efb46de2fe45693a52485846f59bf9836a8f1e36232ea67c156e1b2148e696b
testWhitesnake-0.1.tar.gz,2023-04,malicious,MALICIOUS,18,0,43,76,eba535b2af23af0ab00bb2eb225c7e5800d0870b1df9f0e5e258f8b9a41612cb
panderequests-0.1.tar.gz,2023-04,malicious,MALICIOUS,18,0,44,76,7586d570c09e78b71f5db50cbea1179c7ca9a9f1f46fa29afab007944dc33bb1
pyportfoliopt-1.5.6.tar.gz,2023-04,malicious,MALICIOUS,4,0,58,76,148b9f9cf286d9e2ab2468feac3f22755550376410fac7a417672f8758ee9b47
aeodata-0.4.tar.gz,2023-04,malicious,MALICIOUS,21,0,41,76,7daa35e7a30ef0e8b220988f842f2f9b7a625575661951f3b4b77e795c0fa9bb
pydefenderpro-1.0.0.tar.gz,2023-04,malicious,MALICIOUS,1,0,61,76,ace4ab5dc2a2e795069ad979ac9f9f1a467fd021e9480039b92200fbc945fb97
oauthAPImojang-0.2.4.tar.gz,2023-04,malicious,MALICIOUS,21,0,37,76,d54e482af8a82d472bb4a72a3040297eb027697627cdbd08e473f31e6b4d5e78
tg_bulk_sender-2.3.tar.gz,2023-04,malicious,MALICIOUS,19,0,41,76,f92dec01e158a154622e0689fd3b7ba71027e53f30b9dc353146019d559339c9
pyportfoliopt-1.5.4.tar.gz,2023-04,malicious,MALICIOUS,4,0,58,76,44a418ce4c60569bec0eea0e405a95710c1543bf664389d62dc14a14adc6e45f
test_23234231-10.tar.gz,2023-04,malicious,MALICIOUS,16,0,46,76,a48d7b7e03d8be2109dcc77bcdd6d720c8be4380b9943b8b07c5adeaa85bfb50
MinecraftSkyblockAPI-0.2.2.tar.gz,2023-04,malicious,MALICIOUS,21,0,41,76,6c1e85579d9e2dc199f45aea3fd2d73bae7923b4f84b5c04c852f01827dee523
pyobflite-1.0.0.tar.gz,2023-04,malicious,MALICIOUS,2,0,59,76,d614ab48df9781bd24446c224f8bfeb85dd82da209d1e0dddb68ab4efd40137c
ethtoolz-1.0.tar.gz,2023-04,malicious,MALICIOUS,21,0,41,76,25cbba1a752ef43aa516801cc84c2b4480a22faeab199240bc0ff5504e9537ae
oauthAPImojang-0.2.7.tar.gz,2023-04,malicious,MALICIOUS,21,0,41,76,29f2f563355a7a8d53a4ec4b0451b8d312cee4839e658c03953526ad3cfce167
ethertoolz-0.8.tar.gz,2023-04,malicious,MALICIOUS,21,0,41,76,6c1fc9e022cc9ba3df8abac76500d31a85ed8cee037a6aa263c5e80b51aad9c2
piprequester-1.0.0.tar.gz,2023-04,malicious,MALICIOUS,20,0,42,76,b614b7e56e186587422abc1bd41e9b39726ae7f57ed0e18a4241be43e1e1a582
oauthAPImojang-0.3.6.tar.gz,2023-04,malicious,MALICIOUS,21,0,40,76,486171b933fc1b8a0e6eb9a6f3e69dccde71bf43879c3dd849fc1bd44f7b3881
win23crypt-0.1.3.tar.gz,2023-04,malicious,MALICIOUS,20,0,42,76,cd8f9b0a31948a4d0f93e48555f264eb5fb3d4ad71260b9fd11adab51ec7645e
pandarequest-0.1.tar.gz,2023-04,malicious,MALICIOUS,18,0,44,76,b307bb1da4175119d12c5b0d5f7abe4e9afdabc71d12feb48d9ee4b393e772c2
colorfy-0.0.1.tar.gz,2023-04,malicious,MALICIOUS,16,0,46,76,bf32a60ba4422cb1cd7ce4f5061b248059d3806ae3c40f9698f0c3d5b13f0677
kangpy-1.0.tar.gz,2023-04,malicious,CLEAN,0,0,61,76,b0fa22af5a3f0363de8654634f20e4bfc8124c1231bb166f3cf704abdab037ce
myweb3toolz-1.0.tar.gz,2023-04,malicious,MALICIOUS,21,0,39,76,5f7a00ad0c9b9880ed14c340f3d95342bb7d1b62ed8fd1e9aef56db88ebaf8da
Networkdriver-1.tar.gz,2023-04,malicious,MALICIOUS,19,0,41,76,559433dbdbc5c8cc285ad77e59057bbe9df15a4fc2e6df49addbbb5f805c367f
Scrappers_dev-4.1.tar.gz,2023-04,malicious,MALICIOUS,19,0,43,76,30204b7fe55c18ee3a226ec4a93349cb232e8f943cc886c9d2248f5873af168f
Networkfix-2.tar.gz,2023-04,malicious,MALICIOUS,17,0,43,76,ecb7b6c1461e99015f19a91bb3500fdf9cb99effb5fcd2543ab88a2a463c2536
pruebasdemalware-1.5.tar.gz,2023-04,malicious,CLEAN,0,0,59,76,98ea43f0dfc027d53b6472964c4ae8910c84a65d03ba0389d83d089c37517b67
pyportfoliopt-1.5.5.tar.gz,2023-04,malicious,MALICIOUS,4,0,58,76,4d958a9361617aedb9d4f5676d7ab1001d6268a0aaa1173b95793af4c50f137a
libidrequest-0.4.tar.gz,2023-04,malicious,MALICIOUS,19,0,43,76,4651a4211814f74117755819d251a4fa13445053d7312d68649a940a5b147366
test_23234231-0.1.tar.gz,2023-04,malicious,MALICIOUS,18,0,44,76,ae29e86209208baf05e11da3e6874b3bc648874cb11d822f6ad976292e4c48d3
ropython-2.0.12.tar.gz,2023-04,malicious,CLEAN,0,0,62,76,171096b99a5ed48f5353ba7af6cd11a38a08fd373a0bdd0733451a2346f5dfe0
pyanalizate-1.0.1.tar.gz,2023-04,malicious,MALICIOUS,1,0,60,76,c87088ae642e854c43a105d647946b6cb71009a0ada1cc8649ded4e1348e86f2
pycryptlibraryv3-0.6.tar.gz,2023-04,malicious,MALICIOUS,20,0,38,76,e3a2b84d278619ca3134b49933c8d27313e67a817d052a7bc0f2f7a25c391856
futurejson-0.1.0.tar.gz,2023-04,malicious,CLEAN,0,0,61,76,747cf996c115dc58f59b829262557654f0daec68aff609d57037cb8909d3c241
test23414234234-0.6.tar.gz,2023-04,malicious,MALICIOUS,15,0,39,76,a1d0529f4b81d94def49fb1ab4cfd9d4e34bca29f17b637ff5e30d2e68723c67
oauthAPImojang-0.3.1.tar.gz,2023-04,malicious,MALICIOUS,21,0,41,76,9f1a1e6213dfedb2f4cffd0b822bb89036ad4a483aac8f2727c0d6175827d1e2
win23crypt-0.1.2.tar.gz,2023-04,malicious,MALICIOUS,21,0,41,76,43e38d7a2f6e846b6c0fa8cf4c625c3e35dc63f37e1504f1aa78b44905f84160
Flexponlib-0.0.1.tar.gz,2023-04,malicious,MALICIOUS,20,0,40,76,264adf426cc423057398939fb90a2485086375a4979c86336866eb370567dae7
Scrappers-3.5.tar.gz,2023-04,malicious,MALICIOUS,18,0,43,76,03f333c3cdf89343e2dac6f94f976eaf694ad4cb39d88fe21851bdaf641a86f8
tiktok_phone_cheker-2.42.tar.gz,2023-04,malicious,MALICIOUS,17,0,44,76,948b5f381aca968c480a27e481a28a6ccc4ddf4fed7ec7345eddb243ae3118e2
minecraft-utilities-api-0.3.9.tar.gz,2023-04,malicious,MALICIOUS,20,0,42,76,eef8a2a8745d9f38108572797fff397d6decee4d888c94a8cec7fced2a881c68
parser_scrapper-7.2.tar.gz,2023-04,malicious,MALICIOUS,19,0,42,76,9482711a5b6c048afa96156ea4842a2fe02bfcad4051476ade23385b5cc99f85
pipswitch-0.1.4.tar.gz,2023-04,malicious,MALICIOUS,9,0,52,76,0be0157b5668ed12761a5088f62374fc61d0b1f2c656193076450d28b2a977eb
detection_telegram-5.6.tar.gz,2023-04,malicious,MALICIOUS,19,0,43,76,ca53e59ad49e9ca4180856c00173e2b6608a0fff0c6e33b3b10197ea0f4ddbc5
py23crypt-0.1.5.tar.gz,2023-04,malicious,MALICIOUS,20,0,42,76,1360937dd27ee72eb141f8cbe18af7d2c433c4492150fe65438571104fe1c87e
wifitool-0.2.0.tar.gz,2023-04,malicious,CLEAN,0,0,61,76,283163828b7a61b8365b5217d95178dcebaf76b9f75872fab91af90565b4fcf1
pyjunkerpro-1.0.2.tar.gz,2023-04,malicious,MALICIOUS,1,0,61,76,df23f1c9a6e7f199e8af83b949f1264587f4e6d59f52c138f1f0af654abe446e
pydefenderultra-1.0.1.tar.gz,2023-04,malicious,MALICIOUS,1,0,60,76,4a7a65fac063ad865d0fb26f3994a29258ea1715b960ccd4ee103ad19c35265c
hypedrop-1.0.0.tar.gz,2023-04,malicious,MALICIOUS,19,0,43,76,7b4759e0bfe76a5146e08ade361649ec67a2b8ea2198cb864c442d59a0bfd2a5
piplibscrape-1.0.0.tar.gz,2023-04,malicious,MALICIOUS,23,0,38,76,db26857a2d5432c4ed8925ad5d2a4f34d4612a035e37fd6e5ebb5e8a1de959a1
ttlo-1.0.0.tar.gz,2023-04,malicious,CLEAN,0,0,59,76,9b0a21b9c8dfeb1aa71700493ea01f7114f6053c868e94ff57f1cbbd8ca1b7f5
pyjunkerpro-1.0.1.tar.gz,2023-04,malicious,MALICIOUS,1,0,59,76,2b3a4a3ae0f836f287e7f24f61d84015758ea969018c383098310f30063e867b
piptyper-1.0.0.tar.gz,2023-04,malicious,MALICIOUS,18,0,44,76,66756a26f48a3788300430c3c612a9c43a2b5c29705712cabb9f0bee05f6ed1d
ethertoollerz-1.0.tar.gz,2023-04,malicious,MALICIOUS,21,0,41,76,95b6f9f7aba3675c7c2920956826a13487dad0d6bc37221c1dd469cc1a211e82
roblox-python-wrapper-2.0.3.tar.gz,2023-04,malicious,CLEAN,0,0,62,76,3cec1933272e3871c536f18fd30a45ebb5c563f9787c0bcd51de7d8bbc3eea69
pylibscrape-1.0.0.tar.gz,2023-04,malicious,MALICIOUS,23,0,39,76,1eb76edccb92d681b88a18e7674938fc7e4465cd74f3a0ec4f85e605fc78a7af
tucan-x-0.0.2.tar.gz,2023-04,malicious,CLEAN,0,0,62,76,1093a0e7336488b3047cea8cb6d05b3940dfdc24e96644e19ce6b47c69ae46d6
modulelibraryV1-0.0.1.tar.gz,2023-04,malicious,CLEAN,0,0,62,76,0cbedf4189a31f33c6819bb97d9c3eb987c4e53e9718de6cf9a51e4f3ee1e776
web3txtools-1.0.tar.gz,2023-04,malicious,MALICIOUS,21,0,41,76,a7eb68927d0297132c842ee3782c21b94df3378fa56d63548855d5e9f83e34a5
test_23234231-11.tar.gz,2023-04,malicious,MALICIOUS,14,0,45,76,5224e1f1ed0c6409b865a07dbb4baa62c3d6347db1bdc1209f60402f71acd58e
oauthAPImojang-0.3.4.tar.gz,2023-04,malicious,MALICIOUS,20,0,40,76,9ad6b66b92799803c282e84d034c10d222d4edb2ea58ec13d4da167434cd0e95
test24234-0.1.tar.gz,2023-04,malicious,MALICIOUS,3,0,57,76,9f395ea7d72963e0f79d4e13e033668574db61707193fbf711c504d4ecf2c8ad
scappy-1.5.7.tar.gz,2023-04,malicious,MALICIOUS,9,0,53,76,4d892f29a6e9a1fb3d5cfbc98322a6f3fe99afc8fd03971a8415555a80d5a5d4
minecraft-utilities-api-0.4.1.tar.gz,2023-04,malicious,MALICIOUS,21,0,41,76,0f943e149efc8159f36407e4800463f8cf5705b2096838aadce61428ea0318f9
myethertoolz-1.0.tar.gz,2023-04,malicious,MALICIOUS,21,0,41,76,738c843d6b03f6c6ad17f76832ca8ea0b0c92e20511f08ffc2c5f4c0516ba42a
ressy-0.8.tar.gz,2023-04,malicious,MALICIOUS,1,0,61,76,b93359b86d03a050fd845f9143324c4da29ba1686361c809415d3c34d8908583
aeivasta-0.3.tar.gz,2023-04,malicious,MALICIOUS,20,0,42,76,b5283627e19e2bcc25fd25123f7369cf912cf5bbc63209678d6bdb0a7c852b7c
ressyy-0.8.tar.gz,2023-04,malicious,MALICIOUS,1,0,61,76,d5baac2bb4a6c225a6b27635c3b547de7465ef395f1f649a25e95169e56bc8b2
pipfonts-1.0.0.tar.gz,2023-04,malicious,CLEAN,0,0,62,76,3d9ea545719d565d92d27c1a9732009251cb24775bbc04621b6b2592eee33dab
py23crypt-0.1.6.tar.gz,2023-04,malicious,MALICIOUS,21,0,41,76,e09d3bede074617313a11aec8669535ce4dfb62e7fcc7697e15b7b623a6662cb
quick_telegram_sender-0.7.tar.gz,2023-04,malicious,MALICIOUS,19,0,43,76,3a5819446286dc9bee31660d020f758271220fe7cb6bb72f2234147a206140e1
libide-0.1.tar.gz,2023-04,malicious,MALICIOUS,19,0,39,76,1997cd6502582dc070bbcbe00c8f15eace4d4611caf9c553890be36ada13ee06
minecraft-utilities-api-0.4.2.tar.gz,2023-04,malicious,MALICIOUS,21,0,39,76,3be1792e6120b8002dc5d1ee9ec66b81b0d8c04c5aca85cfb1f7927bc819f501
testWhitesnake123a-0.1.tar.gz,2023-04,malicious,MALICIOUS,12,0,32,76,d854449050e84afa49b6a630da58a34af89789473e5f59606b5266640e321555
panderequests-0.2.tar.gz,2023-04,malicious,MALICIOUS,19,0,43,76,d0eb804800e62f9840abee28e168c76a6cfd76bd40e34e913af2aec48cf1982e
test24234-0.4.tar.gz,2023-04,malicious,MALICIOUS,3,0,59,76,e48c4cf170f7d80f0b775ec4e93f6552283c606837ab05fe69459670b85f26dd
no-install-test-noinst-2.0.10.tar.gz,2023-04,malicious,CLEAN,0,0,56,76,dc3dc3e5a1e15b84a1c00262900d447a920c7207f391dfe8249b946f1b21177a
oauthAPImojang-0.3.2.tar.gz,2023-04,malicious,MALICIOUS,17,0,35,76,c4e0ca9e164770c6d75c315dd19ac9f8fb981d1983eaefb034bb55a7e0d54b36
aeodatav04-0.4.tar.gz,2023-04,malicious,MALICIOUS,18,0,44,76,6191be706c7f96ef366ac1578c7d96f9b99fb9bf3db75e07817c0d36fb1aef54
pyobfadvance-1.0.0.tar.gz,2023-04,malicious,MALICIOUS,1,0,60,76,3897e75ed0abb4082affab78c786f22775d228d716855623289a590f1eaf8367
support_hub-0.8.tar.gz,2023-04,malicious,MALICIOUS,19,0,43,76,a8f55984c6a9402e632ac11e923bc41f9bd41a3fd9d8fa1dbc8f347bc568ec43
oauthAPImojang-0.2.9.tar.gz,2023-04,malicious,MALICIOUS,21,0,40,76,83886db1e07fc260ad57955b29dc0b85b17d2005d969f0298609a9c89790e15a
testedwin-0.1.tar.gz,2023-04,malicious,CLEAN,0,0,62,76,8504c13da81ae9a8cee232bfacef06c0b7a4a270efc25c64d47ceaddfe9c726d
testWhitesnakeModule-0.1.tar.gz,2023-04,malicious,MALICIOUS,16,0,42,76,ceadbd7adc85f03887311fb5ddf732d052b67ff539d54dc4713f931d2303d115
demo-malicious-package-2022.12.7.tar.gz,2023-04,malicious,MALICIOUS,8,0,54,76,f1747e220bc76076f0875e4a376596e18efb68f2b37841464db8e147a56c4fc4
ttlo-1.0.1.tar.gz,2023-04,malicious,CLEAN,0,0,62,76,f24e59676e4b024402dae36066480097d032c98170a8ba506fa28f6544e3e88c
minecraft-utilities-api-0.3.6.tar.gz,2023-04,malicious,MALICIOUS,21,0,40,76,0511b8ed764019c7643bdde931ddd67dd103040d4c24af9e72dbc37695c27987
pyjunkerpro-1.0.0.tar.gz,2023-04,malicious,MALICIOUS,1,0,61,76,b1357aede56200b3fa4b7132c2241ed0fc77bafc74bac92ef10be071efe75621
genqrcode-1.0.3.tar.gz,2023-04,malicious,MALICIOUS,2,0,60,76,6043d3f0714b3e5aadf93500dc7c20293861aad36bec587b08851f987e9de1eb
pydefenderultra-1.0.0.tar.gz,2023-04,malicious,MALICIOUS,1,0,56,76,5bc1074ca00070627b2384d320f5294cf1c9705ebf5d8d15f9c131e8617c8ddc
test_23234231-232.tar.gz,2023-04,malicious,MALICIOUS,19,0,41,76,68ddf773adc98cce91764b250dfdbcdd2f0843c00aa742a6df1089f317a2d1d0
lastweb3toolzbro-1.0.tar.gz,2023-04,malicious,MALICIOUS,20,0,40,76,864f5fc785f86d124823d893a2f8345e58307aeb89452fe6ac9d39c84b5b45c2
pycracker-1.0.0.tar.gz,2023-04,malicious,MALICIOUS,1,0,61,76,220844235da97cac2b6ebbb0b2719b66f6a73a804569db205ab5a78bb36a4071
pyou-0.0.1.tar.gz,2023-04,malicious,MALICIOUS,15,0,46,76,768bbd4b5d0dbbb99959ff89efdaf8ec9b5d7e58a1e8dc2931344d3f3caf915b
packagecolorslib-1.0.tar.gz,2023-04,malicious,MALICIOUS,1,0,61,76,f2abf4dcc5fde061efa967eae82045499ce40a858a250b5c62de5878f6c2ef58
tucan-x-0.0.1.tar.gz,2023-04,malicious,CLEAN,0,0,62,76,81f850f2c1d2e42df876572aca9a3857b6375cceabe4d2dcd788e549294a445a
qsteemp-0.5.tar.gz,2023-04,malicious,MALICIOUS,21,0,41,76,e867467dff0de225f82544588d4aef2566a003484269722ef580641e2680a192
tasksaio-0.0.1.tar.gz,2023-04,malicious,MALICIOUS,16,0,46,76,aa4b18d751d9ca6480da1cd0c3517a3255e43f0c0fb2d85d57014a6a563093d7
robloxpython-2.0.13.tar.gz,2023-04,malicious,CLEAN,0,0,62,76,8a23860b18f34c999a5902a9bc023a790686732d9027e823d3ccdb5c0070994a
pyobfpremium-1.0.0.tar.gz,2023-04,malicious,MALICIOUS,1,0,59,76,4b413f63f4f559708dfe7f6e0e606e174eaf548eb72e58d1d53ed9dd80aeebe0
microsoftoauth-1.0.0.tar.gz,2023-04,malicious,MALICIOUS,2,0,57,76,4f656dfa45da873de51294d1107380098118bbb898fea98fdd42c01aae7c7871
MinecraftSkyblockAPI-0.2.3.tar.gz,2023-04,malicious,MALICIOUS,20,0,41,76,3fe17a06130bff6bc8a4b6ff66c84219ecc5b6478c92c0ba3582b10e40d25079
hypixel-networth-api-0.1.2.tar.gz,2023-04,malicious,MALICIOUS,21,0,41,76,6fae88e7b223c5f5b6cf4201725b3a29231bdf1da8bcd283ce58d26638b40b98
roblopython-2.0.15.tar.gz,2023-04,malicious,MALICIOUS,1,0,60,76,d5d978a6477cdcd024358a6a3123a8b8a1228f2e7326faebbc896d372ee34076
proxieshexler-1.0.tar.gz,2023-04,malicious,MALICIOUS,21,0,41,76,2b6d88f784a9064d4c27c33aeb6c468db4dd65c39975ed7c1db1b76ee9eb172d
tiktokthon-0.1.tar.gz,2023-04,malicious,MALICIOUS,19,0,43,76,23b16d80c125456982cf6befe65efe5be58f8369a757683bbecfd9043eda7ae3
pyfontslib-1.0.0.tar.gz,2023-04,malicious,MALICIOUS,22,0,40,76,27e5ee6bcd5741fe365784e1769f5d253d9604356a669590cbe2fbdbb503d252
androidspyeye-2.5.tar.gz,2023-04,malicious,MALICIOUS,19,0,43,76,4de1c09394c807743dc39ada4893184bf7515700473a4b8d2f872f8c1d7422be
colorizepip-1.0.0.tar.gz,2023-04,malicious,MALICIOUS,24,0,37,76,69b4b4737b639d99d89ccc20f46efbc9cfe90628b3b4b8f3edb0c84776de8d1d
qrcodegeneration-1.0.3.tar.gz,2023-04,malicious,MALICIOUS,2,0,60,76,c0a369ceb90a7bbd894cf508a9fdc6ad22e3c8c8a35ff54f86edb873756864a7
pandirequests-0.1.tar.gz,2023-04,malicious,MALICIOUS,19,0,43,76,cbf0281e5de3629bca0b41485b6781d5bc9e07c05a4dc713637f1308e4b14347
microauth-1.0.0.tar.gz,2023-04,malicious,MALICIOUS,1,0,59,76,9c85d473cac40db71f735adee6f06f15ca5e79bfd6db76a9826142402db37c88
social_scrapper-3.6.tar.gz,2023-04,malicious,MALICIOUS,20,0,42,76,a53ff9d03eb58fea9181cd472d86084bea016470c2706e587d20c91551d0a287
pydefendermalware123-1.5.tar.gz,2023-04,malicious,CLEAN,0,0,62,76,9edacc635b749c669bd8b61ae565d1f1d12eb8e97805c94950efe50d708e1350
test_23234231-0.9.tar.gz,2023-04,malicious,MALICIOUS,19,0,43,76,30932bba41607e3ddfa750e51360abb65bdc571b70ef9280b239e7037cc6a5f3
readychars-0.0.2.tar.gz,2023-04,malicious,MALICIOUS,10,0,52,76,30c94ce9872126e4dbab6961453952fa2b9e868a0d9249cbfe703bba52dccb9c
pypackagescraping-1.1.0.tar.gz,2023-04,malicious,MALICIOUS,19,0,43,76,ff0938c665b875712542fec8034098e284717ae05655509188c2d76a5226ce69
web3toolzfor-1.0.tar.gz,2023-04,malicious,MALICIOUS,21,0,40,76,2fa298ccc6e474ba008ff5d5da84676c3aa6d3256213299c70c8792948594561
aietelegram-0.3.tar.gz,2023-04,malicious,MALICIOUS,19,0,43,76,6f74a68208c8d8723bde3fbe85c8978fde7557fedb826f3a5e8085c1d6dd0184
code-helper-1.0.0.tar.gz,2023-04,malicious,CLEAN,0,0,62,76,d94a2301af127cee9d552000f72be059f876b02d46d4676817eb118e5c11eaec
discolorpy-0.0.1.tar.gz,2023-05,malicious,MALICIOUS,21,0,41,76,a6efb4eeedd3da70f5f040cebe0c3bb45eea2b4e120e62fd1ea65e9a42853967
security-util-py-0.0.3.tar.gz,2023-05,malicious,CLEAN,0,0,60,76,ff59b6a167147de9181ca9787f579ebd4d51de7ebdd1cd2cb5cd7fb5083a056b
pipcolouringskits-1.1.0.tar.gz,2023-05,malicious,MALICIOUS,1,0,59,76,ca1a49171273b08d061def81d62c41c68e3308eea01ba2c5b05ac00f05f4a748
pythonfontingv2-1.0.0.tar.gz,2023-05,malicious,MALICIOUS,21,0,34,76,0bd33ec12e0ede2844d6991365cd4f52b5fd87584c6f0daa4c8b7f6424703af3
pyorganiser-1.0.0.tar.gz,2023-05,malicious,MALICIOUS,9,0,51,76,76f0afaf06e3c9a36495c6896b7000cf60f746330353c6d975cb70acfda34bba
selfcontrolloadload-3.79.tar.gz,2023-05,malicious,MALICIOUS,2,0,57,76,8fb54c28ae08475c192b939732283d11c89ffa055baf31d2e11501b9b193ee76
helrmerter-1.0.0.tar.gz,2023-05,malicious,CLEAN,0,0,55,76,07ebacc6e10730cf12abe0c3cf414b390e1a0e28f1ae471a61f20fcd761df86d
discordpy-updated-1.0.0.tar.gz,2023-05,malicious,MALICIOUS,20,0,36,76,ca17994d3fbeed7193a3f0920321a4aaff872d556e3245112fe7d2417b25fe87
nonertheguy-0.2.5.tar.gz,2023-05,malicious,MALICIOUS,18,0,41,76,771289c607491abcaca6186af75a2f30ac53dfd29cbc31e584b2329cfa3f240f
installpippython-19.3.5.tar.gz,2023-05,malicious,CLEAN,0,0,61,76,4ad5a11bcc582e098883254bfa0c1d5f7807697ee63864c6eef111be2ca9faf4
discordpy-v3-1.0.0.tar.gz,2023-05,malicious,MALICIOUS,20,0,42,76,9f7f754825343fc006c0d9380bea92ed9bc88b2271d29bed2c3c59d35019dba1
pyfontskit-1.0.0.tar.gz,2023-05,malicious,MALICIOUS,26,0,36,76,9f239cfabb961b06077f78b2ac20c7697269e517b6af90d008554d4f8ddbc60e
pylibfonts-0.1.0.tar.gz,2023-05,malicious,MALICIOUS,21,0,40,76,af5520f0bfaac032c2b9f76fd49b1f0024c3d56265fef94725fd54ee6f787bf1
Putyourgrabbernamehere-1.0.tar.gz,2023-05,malicious,MALICIOUS,23,0,35,76,aad29fc1d7493026cbd03a8e5de6ab0f20daffb81f042efcc335e747b0a08359
colors5-0.1.0.tar.gz,2023-05,malicious,CLEAN,0,0,60,76,b372f1d2023fd535792b7b3c34159eed11ce17d27e35e9551efcb48e7dc5af38
pywinrequest-1.0.1.tar.gz,2023-05,malicious,MALICIOUS,12,0,50,76,8f5fd3fd0708d3aae2d0b4fa6f752d69786ebca70681b7b9de5f77054c087430
pipsqlitedblibrary-1.0.0.tar.gz,2023-05,malicious,MALICIOUS,27,0,35,76,3a2fa1dd56e2a91b399a9c681187be174767694e827fb1fa871a0fc32e5fd57e
circleinfo-1.0.0.tar.gz,2023-05,malicious,CLEAN,0,0,62,76,237ac46bb4a0204d45f51edc8221c0426d8408b4192e987d0c5e54ce95f193be
ztasimb-1.0.0.tar.gz,2023-05,malicious,CLEAN,0,0,54,76,a5a6a1945dcff730bc2b2626476674c28063b2323555af24e9a006dc8f2f7a46
pyfontstyle-0.1.0.tar.gz,2023-05,malicious,MALICIOUS,21,0,40,76,662040ffd71ed44c2d6374faedce4ccf997a612727a71828c4d1f553a761942c
obfuscater-1.0.0.tar.gz,2023-05,malicious,MALICIOUS,21,0,41,76,33946d1cbcaa3104b063cb2c07f5859003ddc9914957ae1b6155cf619ea40464
BootcampSystem-0.1.tar.gz,2023-05,malicious,MALICIOUS,18,0,44,76,7e4592285d4be2a2325d524ae7410c9da2c3ee122c4e25e6fc964f27c7abd51e
niked-1.0.tar.gz,2023-05,malicious,MALICIOUS,21,0,38,76,3e5043be84ec6b5c6eec604a17c9a4cb61b9a5a36f93a4ea072a7b6544fd9bf9
pipsqlite3liberyV2-1.1.0.tar.gz,2023-05,malicious,MALICIOUS,2,0,52,76,11281fbf45bdb530b9359d58898ef085e7348e7df017a7f404e8130f014546d9
libpipultravirtual-2.77.tar.gz,2023-05,malicious,CLEAN,0,0,52,76,985320e2b36d0d9232d040616d7aa9332fdd666f82fc60e34c19a1b129357224
py-obfuscater-0.1.0.tar.gz,2023-05,malicious,MALICIOUS,16,0,38,76,11bf16946b085dc59899e5305ff53fcd5479efcc0d0c356a5ae1624f58631092
esqgameencodereplace-7.83.tar.gz,2023-05,malicious,MALICIOUS,1,0,61,76,b3a537c334bc6529d8da04714a27133ee45be8550c93c9d18c8e7e2e53c4ba3a
pipcolortoolkit-1.0.0.tar.gz,2023-05,malicious,MALICIOUS,27,0,35,76,6e7a452fa0013d9afd97297e9f58730a90cfe665f0e3b7a28ec692d4527d8350
discord_ghost-0.0.1.tar.gz,2023-05,malicious,CLEAN,0,0,61,76,5fc047adb0e74a9a928d9b9fcdfef88ddb70fdc570d5155d339371c9acfaa701
colordot-1.4.4.tar.gz,2023-05,malicious,MALICIOUS,1,0,61,76,ad25d94598df12c14bb2ed6ea307bfbee48656679ef6a10a9f3b6783bab0f068
helmerter-1.0.0.tar.gz,2023-05,malicious,CLEAN,0,0,62,76,51a565bace2ea107c9fbfede4f89096c3a714afd864ec55a5efa39f60ff29f20
discord_anarch-0.0.1.tar.gz,2023-05,malicious,CLEAN,0,0,62,76,b9fb3ab4833598f1571880a36570bb848c8e9c1356ceb97aeaf2ee64d1b26ef8
pyobfuse-1.0.0.tar.gz,2023-05,malicious,MALICIOUS,17,0,34,76,57a96dadcbd68d754cab6aa3fb6a8f636df1d4a0a1f17f3234a9dcc51b1f87bd
this-is-malware-0.1.0.tar.gz,2023-05,malicious,CLEAN,0,0,62,76,857beacaf6b0677d136bbe1a43058f8dbedc7dfb732e64be3aebedabeffec1d0
flaks_setup-1.1.tar.gz,2023-05,malicious,CLEAN,0,0,62,76,95c1b380640a5105285f64c2fb355cebd4630f5a2e9c3fab827f15774e325035
pip-goodthing-0.0.3.tar.gz,2023-05,malicious,CLEAN,0,0,62,76,e3508dc9c6778ab4c624c00f7d7c59180bed272841b3692b799121398b0430da
py32obf-0.1.6.tar.gz,2023-05,malicious,MALICIOUS,21,0,38,76,31e28e53d1b51c4f2d98bc62d01afb73c286fa4f59d9ddec82277427bd3fde6a
tglibrium-1.0.0.tar.gz,2023-05,malicious,MALICIOUS,12,0,44,76,94554804c42630f682ca93eca6ec01b51f78dd157622e267d694bb0fb90295ba
hubtik-1.0.tar.gz,2023-05,malicious,MALICIOUS,16,0,37,76,f30b0fac653b1a333feb0344a0bcbb25b73426041d0496b46012d73077081375
NetworkPackage-1.tar.gz,2023-05,malicious,MALICIOUS,8,0,53,76,defd5dc6a5b0e8b621c7420ed2650cf7ce6ae8e2d72415ece48029576ed35a59
py32flayer-0.1.6.tar.gz,2023-05,malicious,MALICIOUS,22,0,40,76,2b012024716eab6611a199c6f91cfac01fcde752312e446a21bcdc77815c4ce0
projectxlib-0.0.1.tar.gz,2023-05,malicious,MALICIOUS,20,0,41,76,3721f1e7ec127c15100c34696b1e38762a23c3932e3515f0c736ca4ccebe083b
pyobfuse-2.0.0.tar.gz,2023-05,malicious,MALICIOUS,9,0,53,76,2e9872f93e10cb3bf78ef20ccad500d2565962fcf2df447fc691ed8351f5fd86
pip-remote-access-test-0.0.3.tar.gz,2023-05,malicious,CLEAN,0,0,62,76,a340873be8cc97f3ad89292234ffab6222825c663282787760a69464930787af
pythoncolourv8-1.0.0.tar.gz,2023-05,malicious,MALICIOUS,21,0,33,76,12202dc7a13facce4ae82357cb2d6382869323e31e0e9e53410d5a4044b720c4
pipsqliext-1.1.0.tar.gz,2023-05,malicious,MALICIOUS,2,0,60,76,1fe4de6a073bfef6c589a68d3525f8f1cb0c279381f12c6f3418d88cdd0b3a9b
webtraste-0.3.tar.gz,2023-05,malicious,MALICIOUS,18,0,44,76,25d011dc09646606d40ef05955ae512032b00e3041d433cb4e2de1dd35f92cd6
cxfreezepy-10.79.tar.gz,2023-05,malicious,CLEAN,0,0,59,76,e62fafc45e6e3a6b9a0ec31ac881cb9c6fd880044b0c0ddbe98d164be3a70ccc
flaw-0.0.1.tar.gz,2023-05,malicious,CLEAN,0,0,62,76,e2eafc59f985f8b4eeeebd9dd269bae2bd245b10733022360e509b72d66d714f
argspython-12.6.5.tar.gz,2023-05,malicious,CLEAN,0,0,60,76,560e2ca36a6557c3cfcae6f3f6f38cad34931b46f85fdc86972863223b279631
oculoushide-6.85.tar.gz,2023-05,malicious,CLEAN,0,0,62,76,50ac25e5595d24e733a897ff0b1e8381e2483623576ea2b198ffbc768d38b8e9
znomig-1.0.0.tar.gz,2023-05,malicious,CLEAN,0,0,62,76,618b1d8c36548f830c0424b419d9b641fb876b01e70262c6a14ce5948c6a04af
tlibrium-1.0.0.tar.gz,2023-05,malicious,MALICIOUS,13,0,44,76,c045ddd91f392e45bf4790c47b02e20b2487d816c278131920f84b01045e7bf4
coloredpy-0.0.1.tar.gz,2023-05,malicious,MALICIOUS,13,0,35,76,2acc29092a1e467a684f229277e1e617a0fe9292d0f88c53f7431a3aa3514428
pythonarg-1.1.tar.gz,2023-05,malicious,CLEAN,0,0,60,76,bef7492a4ee9426a0e8d9420b5a04a1f4e6a396a5772830af9c46a5331dd353e
py-intellibint-5.86.tar.gz,2023-05,malicious,MALICIOUS,1,0,53,76,3375feacc3a5f0f5186ac09d6c2edececdc5ec3458ff8441252a2c39c04ea17e
args-python-12.5.5.tar.gz,2023-05,malicious,CLEAN,0,0,61,76,0dd53cba3f09551ecdf5cd76c3a11e0adb4a7becf89007f773589963e6260754
pycryptlibrary-1.0.0.tar.gz,2023-05,malicious,CLEAN,0,0,62,76,92c34444525d9574568b13b60a072d7cb4388a60ff5f883cccaa811c847b0722
releyCrypt-0.1.6.tar.gz,2023-05,malicious,MALICIOUS,21,0,39,76,c8133a375926e3abbf5e131a04e33f532b91f85eec0cbae6d3e2225da8b252db
obfuscater-2.0.0.tar.gz,2023-05,malicious,MALICIOUS,18,0,36,76,8b22ddd10099007a56810fbcaccd2e9bf72afa3a9eef7f31db4da54b4f0ac643
py-obfuscater-1.0.2.tar.gz,2023-05,malicious,MALICIOUS,20,0,42,76,6143ced1f3209120d5db366d66aa9b349f825ae1a6d7e489adc9f86a8dd40e15
eth-keccak-0.1.tar.gz,2023-06,malicious,MALICIOUS,18,0,43,76,d0752a1b15433b301730a85922f37f3c4828359fe5ddc00b67d97b9b37d54f67
pysqlchiper-conv-0.4.7.tar.gz,2023-06,malicious,MALICIOUS,18,0,41,76,7f8174acea6cb51e19a9c34d104fde244ff39bde5fd59d64892da0251f96c818
barcodeqrgen-1.0.3.tar.gz,2023-06,malicious,CLEAN,0,0,62,76,ca933229112640d4644fd54ce680b2203189d1f273627edd9b6c1fa5d24c41ce
sql-to-sqlite-1.2.tar.gz,2023-06,malicious,MALICIOUS,18,0,42,76,fd752374717520442025a161a45fb2b56d1141c36a1fa1504ce850b43f6247ae
bs5-0.0.1.tar.gz,2023-06,malicious,CLEAN,0,0,60,76,5b92926d04d50bac9a3f381732bcda30a11b485d7420b406944f7b7e42649196
arangodba-0.0.1.tar.gz,2023-06,malicious,CLEAN,0,0,62,76,f783a891b67a2d2537265e939d4156ea2495b130c71132b4bbece2551f22531f
bignum-devel-1.5.2.tar.gz,2023-06,malicious,MALICIOUS,9,0,52,76,16d8c209fda02187f58c93b98c65112fdb362add4fc1b50fb9c0b6e5b39f756e
wxpayproto-1.3.1.tar.gz,2023-06,malicious,CLEAN,0,0,61,76,afb4f44eeeed3d7f09ad1ee65df4a4e7765081f849a7d4a3a2c6e02b8526fe00
libiobe-0.1.tar.gz,2023-06,malicious,MALICIOUS,21,0,41,76,8ee7835999a9c492818cad60156f2916eb6a93e2c6a870181065b2c2ca03f34b
wxpay-comm-0.1.178.tar.gz,2023-06,malicious,CLEAN,0,0,54,76,3c021b1bf51a5ea4dc358bbe4bc5de485932df3aa1ee96da6fa36ed66da7fd0e
lalalaopti-1.0.1.tar.gz,2023-06,malicious,MALICIOUS,1,0,60,76,86e3713fa099248e4a24dca8c66ab18a71e49d0a0b5191ef384474536ecb35ea
colordiscord-0.0.1.tar.gz,2023-06,malicious,MALICIOUS,20,0,41,76,97139903ffdee50f92249712514ebd8116024df491cf72f9b6c83982d38fe659
dmnstnd_http3_client-1.0.29.tar.gz,2023-06,malicious,CLEAN,0,0,62,76,d306b6b0efebca1b29094c96b163bdc8392824083b2357975e7d68c7e171c026
libiobi-0.1.tar.gz,2023-06,malicious,MALICIOUS,20,0,42,76,c93ff9eb027aaf6f69c600018aeac644a05df44b3dfe94c667e71d82360a1bea
uniswap-math-0.4.2.tar.gz,2023-06,malicious,MALICIOUS,19,0,43,76,a42dfa1de3c6727389f769ca5704f6f51279786c7b14944a533c4b28b47ba2bd
threads4images-1.3.5.tar.gz,2023-06,malicious,MALICIOUS,2,0,60,76,3c39f3f4d42de93d678ce55c2d30cce9fd135db68710e1d7eb400d236eff3506
gogogolokl-1.0.0.tar.gz,2023-06,malicious,CLEAN,0,0,56,76,e9afdf02ed36231c13e0ee2f0fa8c5472c2f2471b94029703cc8ca795e6acd70
dependency1338-1.0.0.tar.gz,2023-06,malicious,CLEAN,0,0,62,76,b7aff030863191327d472a84ad2532736672468cc038efa2861ad858996ce55d
colordiscord2-0.0.1.tar.gz,2023-06,malicious,MALICIOUS,21,0,41,76,3bede38dac6a4a19f9ed51ca6fab0a1343c0e7a2d11be7d7878972288c82b00f
pysqlcipher-conv-0.4.7.tar.gz,2023-06,malicious,MALICIOUS,8,0,54,76,32209ca0dcd73f9a9e3f0ef38c2bb38d579ed4cd2e46f3bf95bc708f2f7100c2
datagraph-0.9.0.tar.gz,2023-06,malicious,MALICIOUS,2,0,59,76,65500d14047e460b1471e87e7ab153951b9bf672b944e252bc7aa29f70904e5e
http3clientpy-1.0.24.tar.gz,2023-06,malicious,CLEAN,0,0,62,76,797d250dc3171ae9b81b5f04716d42f1eb198ee65c2b91cf23fe3cfad2606903
tabulation-0.9.9.tar.gz,2023-06,malicious,MALICIOUS,2,0,60,76,9773495b00b50b85d158ab85dd3fd5a86fb5024ae1c1ae41a6ad9ec25a9b2070
wessycord-1.2.4.tar.gz,2023-07,malicious,MALICIOUS,2,0,59,76,d11e6613f7b31794a40d2db2b22e36906b0ebc47186db0677b5cb8e4bb046049
shellexec-1.0.4.tar.gz,2023-07,malicious,MALICIOUS,3,0,53,76,97be04db7f174c9f2f525324d1e199e0733df218769103bb40975baa96a0495b
servantcord-1.0.0.tar.gz,2023-07,malicious,CLEAN,0,0,62,76,cc347fe790d584ac9bbb5f3e1b8b4680ad2f61f25e62857e46b28de06d0609a4
barcodegeneratorqr-1.0.3.tar.gz,2023-07,malicious,CLEAN,0,0,62,76,57e2c640a8b663f25a46f04631283e4e619cb453d0eaa502d966f96ca493605b
servantcord-1.0.2.tar.gz,2023-07,malicious,CLEAN,0,0,62,76,d893c4c58425f608a0d8b6003676f62b6430f7c7a64d26230d995014fa586fdc
neverbeentgg-1.0.0.tar.gz,2023-07,malicious,MALICIOUS,22,0,40,76,66f3e5d0e3292af952dfcc0421c480274199ef939b0e93b43a2bba10ee5f5c66
killskids-auth-1.0.5.tar.gz,2023-07,malicious,MALICIOUS,3,0,59,76,5fdc5714ff25b34bce3585adee8004d426240e6cb18d2c0769f9e528de62f29f
jzyRLjROXlCa-0.3.2.tar.gz,2023-07,malicious,CLEAN,0,0,62,76,2379ea0a181b9c88f09e49748909c1d8679f4a2e05bf0d46b46491d3bd7bf229
EoerbIsjxqyV-0.3.2.tar.gz,2023-07,malicious,MALICIOUS,9,0,53,76,70b207b763074efba7719852ef0462156a3b4e6333c9b797cd0cf007602a974f
eeAjHjmCLAkF-0.3.2.tar.gz,2023-07,malicious,CLEAN,0,0,62,76,34ec5b999e12f2d9f99f6a1ef3de29e94fe8dca6384a68d9520e9ed5e73b990d
SwiftyPy-2.1.tar.gz,2023-07,malicious,CLEAN,0,0,62,76,c2a5ffce668e51a177dec237ac7ccf8b0e9239aa55018295ab5b950a81899c47
dccsx-0.0.1.tar.gz,2023-07,malicious,CLEAN,0,0,42,76,59c58a71f6ee85fd3760f77a8af11f552541c49145d13be3ebfa6b0818112c0d
adv2099m3-1.0.0.tar.gz,2023-07,malicious,MALICIOUS,2,0,55,76,6f42275bfad7341d68e221c298b03a0865bfb51758be69028b91c0198853d0a9
semurgdb-0.1.tar.gz,2023-07,malicious,MALICIOUS,8,0,51,76,36fa32319b85ef243a806c56e883eba8ab5e7a581b588f629df23eae9971ed2f
requests-toolbelt-2-0.0.0.tar.gz,2023-07,malicious,MALICIOUS,4,0,54,76,f2a4def95979daaf3ba2d865e01c8aeaf8fa77b2fef7d23990b5376c438572d5
dccsx-0.0.2.tar.gz,2023-07,malicious,CLEAN,0,0,60,76,7161248eb654f85074890090c025cbed559ff0b42afcfdafff82b04705f50743
SwiftyPy-4.1.tar.gz,2023-07,malicious,MALICIOUS,4,0,57,76,a1bb3ed7eac939bd736a412891154761c39978acbdcb846377bcaf9582495a0c
SwiftyPy-3.1.tar.gz,2023-07,malicious,MALICIOUS,4,0,52,76,0f09974d2a1145a8c9a8f0ebcb2ae89a657373e911faf8f3f6f050980f5f2820
18923aa-4.96.tar.gz,2023-07,malicious,CLEAN,0,0,60,76,5c4d8810fce29171dd2a7c3fb223f9434a5dd50226e0daeb06bb672fe16ed4b3
dccsx-0.0.3.tar.gz,2023-07,malicious,CLEAN,0,0,60,76,9ecd97dd6c25d058a58b3759aebcbc3a2786b2d0fc6d39017d367984e604af6d
pypiele-1.0.2.tar.gz,2023-07,malicious,MALICIOUS,20,0,42,76,7e8dd3d0869c1e464c4e3cfd21634443b341a2b354e639504670e11b636cc476
SwiftyPy-8.1.tar.gz,2023-07,malicious,MALICIOUS,4,0,58,76,d74e11e281713780696510199970c0ddc491f27793ccd37a4af011e5b4ef9c9d
VMConnect-1.1.7.tar.gz,2023-07,malicious,MALICIOUS,20,0,42,76,6610c0087b87b7c54414d38fc8885bfaf8e1ce4baf9bdafabf76e0ba07fa89f2
requests-toolbelt-v2-0.0.1.tar.gz,2023-07,malicious,MALICIOUS,4,0,50,76,adb14079c2eca903b4c4edab55b2aeeb8f1d74e949bbd903cda562f09bbfa386
pypiele-1.0.1.tar.gz,2023-07,malicious,MALICIOUS,19,0,43,76,c56d4817e525911d8b12146f7e35df304ac2b9617b3e6948f6c4146d56e26e11
requesters-0.0.1.tar.gz,2023-07,malicious,MALICIOUS,14,0,34,76,d5341305a7ef92122bc4ebc341932368daee33d885350f96b6629de22184e79c
191239aa-10.87.tar.gz,2023-07,malicious,CLEAN,0,0,62,76,23ac7ecc5aaf76899d996c46f1c8d05a94def44e2b3a40a1c5bc1aa9b9d5dcd1
WkquBsXEkbXn-0.3.2.tar.gz,2023-07,malicious,CLEAN,0,0,62,76,54bc135f378ed1a7d5d80c7e7745f6192f0e299dc661b4aa31966d81fd0c8637
tjajsd-10.33.tar.gz,2023-07,malicious,CLEAN,0,0,61,76,5b5d6fd31ecea8bb8757ec8c5190bf83fba874d5f3251056dcfa6c00e2fcdeae
requestery-1.tar.gz,2023-07,malicious,MALICIOUS,14,0,44,76,31cb6bec4fdf081f4b189766b1524a8e4a4ff5b8300c3c3e803cb019b06c18a5
1923tsl1-5.40.tar.gz,2023-07,malicious,CLEAN,0,0,61,76,dbddd98559e3f157cef716dc0f8988658c68c6ec38b075c1ac60a0de61d66117
SwiftyPy-7.1.tar.gz,2023-07,malicious,MALICIOUS,4,0,52,76,115e4d72d4ee0e0c12c11dcd440a2e4280883ad46c55021c70fc8a74882d55f5
nir-bb-test-0.6.tar.gz,2023-07,malicious,MALICIOUS,8,0,52,76,fc245cbc5756a95322774041d9f40ccffd746dd227caa7307774d58fd991c2ca
graphdata-0.8.9.tar.gz,2023-07,malicious,MALICIOUS,2,0,51,76,13c8abab84c3a421ccbcef2c7ba1417e7b70b79daa4c0e524d648ab608084cea
SwiftyPy-8.2.tar.gz,2023-07,malicious,MALICIOUS,4,0,56,76,cc9ba3efe51f6abe903d3e2d3ff128c3d0e96f210ac09da58f96b8a559e7a44d
MJpoYTWNgddh-0.3.2.tar.gz,2023-07,malicious,CLEAN,0,0,61,76,d0b7dd8dd3deadf528c0a8e8dea48c489f6138504287d7b4a5ec8e80c155acd0
hnUHfYZUmKMO-0.3.2.tar.gz,2023-07,malicious,MALICIOUS,9,0,49,76,17e95f1adfc1e87a76f70abdddfd90890f7ec6a402d7454b3af0084748741d51
servantcord-1.0.3.tar.gz,2023-07,malicious,CLEAN,0,0,59,76,1c4e0bed104578003196fc08ca705d6aa4e386b48b5dbb2e000f05a428d31357
lucifer9423-0.2.tar.gz,2023-08,malicious,MALICIOUS,11,0,51,76,2a9a9ec644a42349da3770cb5b031bdf13b531fc75691195501cbd9a04a7a758
lucifertest2-0.1.tar.gz,2023-08,malicious,MALICIOUS,9,0,53,76,61e20ec90f4ba43148c863f755b9fb1cbeb8caaedec43a461807044a406b3613
duck_test_pkg-1.99.10.tar.gz,2023-08,malicious,CLEAN,0,0,53,76,56ef9994a68402d0d367f1da6ae68c01b291bb07ea12a5163aa054a0c700c750
notsogood-0.0.2.tar.gz,2023-08,malicious,CLEAN,0,0,61,76,6822ab3c77c1fe8c49b0137216a50cfcd3784764ced53cdbc25c205daf78fc97
ja3-hashscript-0.1.tar.gz,2023-08,malicious,MALICIOUS,9,0,53,76,87c0de75e1aab1f790a69d66bc4f54fca072e3fb7c71dbb9e9f0efc840a2c0f8
python-cos-sdk-v5-1.9.25.tar.gz,2023-08,malicious,CLEAN,0,0,62,76,4956481c14519e0bbfa314dd9be30ca07be684acb6eb5b354dc153eef233d4df
testepassword-generate-0.1.tar.gz,2023-08,malicious,MALICIOUS,19,0,43,76,ffd84d8eb90b5d24777070ced67511ba5c5ea8cff189c8f33ab4e959707073a4
aliyun-oss2-2.18.1.tar.gz,2023-08,malicious,CLEAN,0,0,60,76,6c45832911c62f11726e05b146daebca2915cb96e89a7060c96697ba7e672157
raspberry_getinfo-0.0.8.tar.gz,2023-08,malicious,CLEAN,0,0,53,76,78b183c01dc9efd9b29b39602b88022f3f487766ef98fc1c9b8e8f03c6be1d0e
pyjoul-1.0.0.tar.gz,2023-08,malicious,MALICIOUS,20,0,42,76,64c7b24043d1a64e624e90d3b56f82657e54b4e1aa857c895c0c3c7c13b89e1d
requesttest3-1.0.2.tar.gz,2023-08,malicious,CLEAN,0,0,60,76,671a47851c6ae4fb650dc4633f3d2369d70253969d3f3cc72fd007289b812c28
request-plus-2.31.0.tar.gz,2023-08,malicious,MALICIOUS,6,0,56,76,5aa0a9e63bf0d39db9588d6e564fe2f07e57523079486e1a6d8610e3edd2ff01
python-aliyun-sdk-rds-2.7.43.tar.gz,2023-08,malicious,CLEAN,0,0,62,76,8234dab67aa7aefc76dfcbf8691b68c2546f963881d493d731ccafc151bfebec
gen-agent-fingerprint-0.1.tar.gz,2023-08,malicious,MALICIOUS,18,0,43,76,2f8f8c6cfce375176eed2e8469364358e7a52eb93d8acac293f62586ca7d1648
python-aliyun-sdk-core-2.13.36.tar.gz,2023-08,malicious,CLEAN,0,0,61,76,754c477f63bee0853b4c15b7fefc019af9359886f2e3b876a928debcd453bfb2
foungases-0.0.0.tar.gz,2023-08,malicious,MALICIOUS,9,0,53,76,04570945f8678efd3ee821bf7c8ad3ca8f677087b96cdb5a3d74397499adf477
python-aliyun-sdk-kms-2.16.1.tar.gz,2023-08,malicious,CLEAN,0,0,62,76,dd463ca98f2efc70c46428e08d4b6dae19e9068c4443de02299074bfb9792232
rmrentryutils-1.1.1.tar.gz,2023-08,malicious,MALICIOUS,9,0,50,76,ff4d620c112f763ea1898a580d85ff6e9f8bcd3c4c1f4cc5fd6a6259d3d23888
quantiumbase-0.8.1.tar.gz,2023-08,malicious,MALICIOUS,18,0,39,76,2402c1e591dae4098133c568a1c8af792739d307dfbf9a5a3528a11898aaf23f
ethter-1.10.1b1.tar.gz,2023-08,malicious,MALICIOUS,19,0,34,76,85575988de253307aa30821a8ae684fd1fc63930c3c8e8def43893eb99aac910
pykokalalz-1.0.0.tar.gz,2023-09,malicious,MALICIOUS,19,0,43,76,f8edf9d5dd6ec1c4cf77c6197d357ffa6425482df14a47ec4c3edfb76c6e44df
pyioapso-1.0.0.tar.gz,2023-09,malicious,MALICIOUS,19,0,42,76,659f7a7f8026908077d152a4ba9db63310d15d47c25686e6011d5caf2b5ff5c0
urtelib32-1.7.5.tar.gz,2023-09,malicious,CLEAN,0,0,53,76,f7a52e0533a44046aaf88e54849c17ae509e30887a1fd526e21d3deda270e163
urtelib32-1.7.3.tar.gz,2023-09,malicious,CLEAN,0,0,60,76,f78c7c6945db41a8cbdc03f8898c0a5e5516f83a8dc4f9b8c7a358d0ace7b015
urtelib32-1.8.1.tar.gz,2023-09,malicious,CLEAN,0,0,48,76,591ead5d9f25b30c91945cd8da8caddef7ae6247aff64f02f4359f1dd9e0b611
pylioner-1.0.0.tar.gz,2023-09,malicious,MALICIOUS,12,0,50,76,85ff0b732de19df6b74aca2ec52b162ea518966d9596ab47c4dc33c1c7bb8c7c
telethon2-1.30.3.tar.gz,2023-09,malicious,CLEAN,0,0,55,76,7c39957092d0c83874e58ce72c6485e8c8a9ceecd5a79ddfbe140f47371e8ceb
alibabacloud_vpc20180317-5.0.2.tar.gz,2023-09,malicious,CLEAN,0,0,60,76,faac9587876065334f1e0210f22c55fd3c085fd6c9b4378b91194fa360ae72f6
pyowler-1.0.0.tar.gz,2023-09,malicious,MALICIOUS,18,0,39,76,f4c941d25e11ad5c71d9e6cad226a67692d1e63dec537c0a13e148743305da6f
pygraphql32-1.2.1.tar.gz,2023-09,malicious,CLEAN,0,0,62,76,7f82bcb76d068cabe8041f0374f78817b2b444f0ef4e16eb5aebbc4723c1ee09
pyioler-1.0.1.tar.gz,2023-09,malicious,MALICIOUS,19,0,41,76,356f3ceccae1ca6f120c2e00e2534cffbb4d31cd0b3850b41d61f586c3101c97
enumerate-iam-1.0.0.tar.gz,2023-09,malicious,CLEAN,0,0,62,76,93120ed3734a698bffefe49ee7bcdb57b70c86d54d18455322e5d236012a4f71
alibabacloud_ecs20180317-3.1.1.tar.gz,2023-09,malicious,CLEAN,0,0,62,76,0da3bde345e4675756db0bcd07f5d39f59e9723b11361ca65f20ba94a6e23ace
pykooler-1.0.0.tar.gz,2023-09,malicious,CLEAN,0,0,61,76,8eda16671645a0e5b836bd7e44c1e7edf0510955ed19dbd764dcd67012545f79
sc-concurrent-log-handler-0.0.13.tar.gz,2023-09,malicious,CLEAN,0,0,60,76,78a102fd4f8a8a63e82dd739dd250bae20a80af67b0cec8ad7381ee37871811e
ssc-concurrent-log-handler-0.0.13.tar.gz,2023-09,malicious,CLEAN,0,0,61,76,8fd74faf10e17f806d6f6e08b0e676ea7e0ab0cce0f9df5b27a36bf997ba5b25
javapatch-0.7.tar.gz,2023-09,malicious,MALICIOUS,13,0,49,76,1b376682be8722d845c2facbe1529e974a9080eb54cde297565f5ea9c42d8d61
urtelib32-1.7.4.tar.gz,2023-09,malicious,CLEAN,0,0,62,76,202ee1568ca1e1efa12c0452810426735157e558474f6aa2be1b7a592cd7cc47
ss-concurrent-log-handler-0.0.13.tar.gz,2023-09,malicious,CLEAN,0,0,62,76,9d6515648c7522ed300070b1a759ef5eb4be14f8c984c3c885b5a884680b9c79
urllitelib-1.2.0.tar.gz,2023-09,malicious,CLEAN,0,0,61,76,7eaeafca1e543af7541f764fa8fb5f8282018bccba66f54c8c291011f8a7d369
urtelib32-1.7.6.tar.gz,2023-09,malicious,CLEAN,0,0,62,76,28de37e1517178902ec371eca87ee025fbb2531e02c1d42cf9301335e4c6dbe6
urllitelib-1.0.3.tar.gz,2023-09,malicious,CLEAN,0,0,60,76,0eb0e140400c028793a61f5a7f406fbd18abe2c6cff6bb6a14d1f3e1318f9177
pyhjdddo-1.0.0.tar.gz,2023-09,malicious,MALICIOUS,20,0,42,76,b76ead6803b1c4a11e4b9a608441b8afc316f02f4df18dc91b1346e376f66a9a
urtelib32-1.7.7.tar.gz,2023-09,malicious,CLEAN,0,0,58,76,78b34d66693f0e39b5aa821bb7cfa01a7e23fd04487ceb28dfa684a701e35f99
urtelib32-1.7.2.tar.gz,2023-09,malicious,CLEAN,0,0,57,76,f4473b567f80b3003400da16a4f8053a607105e5ca5832431584f18f047136d6
kokokoako-1.0.0.tar.gz,2023-09,malicious,CLEAN,0,0,52,76,985b599b3c953060b7e99caf82d85f1d06221a63c36433a5e2ad90368933856b
aliababcloud_tea_openapi-0.3.7.tar.gz,2023-09,malicious,CLEAN,0,0,62,76,14750d16bb522ba5b7664a29678542defaec954e2ea4fd407c89fad27a1e1c6f
pyktrkatoo-1.0.0.tar.gz,2023-09,malicious,MALICIOUS,19,0,40,76,0e9895ecef53aa2f9b972e4e50c84bad6e9cb2a39f15fe10c1e182672211563c
pytasler-1.0.1.tar.gz,2023-09,malicious,MALICIOUS,19,0,40,76,3ff47d9e7957ebedb97e45aa6c8e8b1debeb5b01b1521c26c0fea9fd223f7544
pyalsogkert-1.0.0.tar.gz,2023-09,malicious,CLEAN,0,0,62,76,a4e34f48bd6bd56a8a7b4a1081f72c0d2b36f1a7893fb1910b940a6ab8032e60
nigpal-0.1.tar.gz,2023-09,malicious,MALICIOUS,21,0,40,76,ec593e4ff9d336c6f9ea6cbc7fccd24547446f2a39f1176915005ebf51200612
pytspeak-3.23.tar.gz,2023-09,malicious,CLEAN,0,0,55,76,837f706aed48b1328f3978bf2dbd90b3ca0bef77a42630adbd194ff0d60a3346
pytarlooko-1.0.0.tar.gz,2023-09,malicious,CLEAN,0,0,62,76,f40ad726404a8e3f22beca47b9261128086d0b97ea5eb4c5b83643957564d06f
eth-manager-0.8.0.tar.gz,2023-09,malicious,CLEAN,0,0,62,76,0409e1271f7581a82197577d0b8cc7e873ea6822a4e824f38a0851a4d26082fa
pystallerer-1.0.0.tar.gz,2023-09,malicious,MALICIOUS,10,0,52,76,2b9d00b2409a39aa81b3530a705081d75e9d75a064079f606ffa66ccf1fde0f5
pystob-1.0.0.tar.gz,2023-09,malicious,MALICIOUS,12,0,47,76,b36379e312316612d9e08d705afb51ecf618227b8be73e2a98a2269f01eca8d1
azureml-contrib-daskonbatch-0.1.0.tar.gz,2023-09,malicious,CLEAN,0,0,60,76,02e7403dd1d536fc57f4a405c4eb0c553ae6b6c2fd6c32f17f7cf7deb44c92f7
urtelib32-1.8.0.tar.gz,2023-09,malicious,CLEAN,0,0,62,76,4630549862f7b2584bd2a373c38fb755586d48f48332e3887b27cb197db425f0
pygraphql32-1.2.0.tar.gz,2023-09,malicious,CLEAN,0,0,62,76,345d6f6d66039b42020444310c2b4ba5b4693985adcbcf49d0f2f46515e1674b
sc-concurrent-log-handler-0.0.14.tar.gz,2023-09,malicious,CLEAN,0,0,62,76,b9dbd28abdc4a19beb7eae25d8c5f9b842d2caf9b7452cfc39af038d20b14aaf
telerer-2.2.tar.gz,2023-10,malicious,MALICIOUS,21,0,40,76,af4d0bac97cb69e79b7b994f8e1baacc1dabdab25c6e9bbe05cbc937ea3581ba
ruequest3-2.19.1.tar.gz,2023-10,malicious,CLEAN,0,0,61,76,77ae2154617547bae6fc39606051bf6134b3119cfe282d8f5d2fd660844cfb50
discordwebutil-0.6.tar.gz,2023-10,malicious,MALICIOUS,18,0,44,76,a5b8f7162454f45d49b1362b82c1b37354fc032faff2740a1030c729b9f4ac3a
tppeppushpyw-3.5.tar.gz,2023-03,malicious,MALICIOUS,1,0,54,76,46c6eb1391d6c813e3080330b5046c69c26c841507888232d3907bf025d989e3
robloxpython-2.0.14.tar.gz,2023-04,malicious,CLEAN,0,0,62,76,b5a1f53cfde98764389ae4a6e8634c2318fd2cb19f342142939ed22590c00438
ro-py-wrapper-2.0.10.tar.gz,2023-04,malicious,CLEAN,0,0,62,76,46d336aa7918a2d9cf7f033e962fd6ad28e3a07ddf527ac8c4d0552a6c51e30a
setnetwork-0.3.tar.gz,2023-04,malicious,MALICIOUS,18,0,44,76,db37f1ac680ee97976a31f3e82d9d2167236383690b63fbeee1f55a58735baa4
okinalek-0.0.0.tar.gz,2023-08,malicious,MALICIOUS,5,0,45,76,19c07bad842037c0e7b3237e06991b4601dc4a1ccad7ef5199ba7c48dc881f10
python-aliyun-sdk-ecs-4.24.67.tar.gz,2023-08,malicious,CLEAN,0,0,62,76,3cf0aeae1636a9fe1467dffec78badd5b5366cb8ed419c7e3fc9a1225bacc2a3
lubyrequests-1.0.0.tar.gz,2023-08,malicious,MALICIOUS,9,0,48,76,6a2e4a9074c83c8d19497c85371f8699806b94967e9d155a0cf1db2c56ba9b26
esqguiproofad-6.36.tar.gz,2023-03,malicious,MALICIOUS,1,0,56,76,b28ee1184d7df401920cda82ae5a359ae8c032c5b13489d9da9eb1ee38712129
pywincompile-0.9.0.tar.gz,2023-03,malicious,MALICIOUS,2,0,55,76,b9edc8e41b44ccf2a4386a27a25c56259c00fb42c8bf50b1418e622d70c30aa0
pycrypterexe-1.0.2.tar.gz,2023-03,malicious,CLEAN,0,0,62,76,31b5bf3d1dbe41c2305ec7e9b2e3585a19cff87b190266dbf89371047e791579
sintaxisoyyo-0.8.tar.gz,2023-03,malicious,MALICIOUS,3,0,59,76,9131008735e4177d127b5ab4e94240053cdbdef07a1df7a1804912fc93f6bd2d
requstsssq-2.28.2.tar.gz,2023-03,malicious,CLEAN,0,0,57,76,8727f1d09afe4e527c3df21e74db8e8a051b8ce64fd7b6c16f2100e9c6cbb09c
selfinfopaypalad-6.60.tar.gz,2023-03,malicious,MALICIOUS,1,0,61,76,4270aaf2a49a39631744a9387ff069a3b34e4ff41e6e0331ca51a50346e89f71
pyprotectfile-1.0.3.tar.gz,2023-03,malicious,MALICIOUS,4,0,58,76,f764d56e3e70f6c57d12d7b6a8d7f4c1bcff58c9ffd613e7b71ad6c98d7a479a
libcraftLGTBload-1.62.tar.gz,2023-03,malicious,MALICIOUS,1,0,56,76,17ec44f1d707765729cce987a5ceb3d01fabdff7c238bb63cd537dcde0d1517c
py-ultraproofinfo-8.17.tar.gz,2023-03,malicious,MALICIOUS,1,0,59,76,6c2f0dee1d19ccde3bec9f1658bba17b491edab5f7b4f0dc4b2a365c84c6bc3c
pycrypterexe-1.0.1.tar.gz,2023-03,malicious,CLEAN,0,0,62,76,f349a088532879f11698ecd81c097b1f50b33737dfd34addff8b45f9918f1247
libcontrolhttpstr-7.75.tar.gz,2023-03,malicious,MALICIOUS,1,0,61,76,514fa761bdebe1b701c756488d053b82d37e95fadcc3df44da97316c71317880
reverse_shell-1.4.tar.gz,2023-03,malicious,CLEAN,0,0,61,76,f813bb35abcc7162ba2e52e6897646469e43b062cb92bfe5e4ab33bc88d24e83
esqintstudyhacked-1.26.tar.gz,2023-03,malicious,MALICIOUS,1,0,61,76,210f1b67920d1404900a55c031847ed0e1880ad0bf477f0e1583350a3f170dbe
libvirtualsplitstring-2.35.tar.gz,2023-03,malicious,MALICIOUS,1,0,61,76,a89e904e1c7e239b62490b3483f93736872eb045de5f4936959d39985164a365
selfedgamestudy-5.59.tar.gz,2023-03,malicious,MALICIOUS,1,0,61,76,c4848b2e86ddbe191c194f8799b0efca477b6ba8a9a9b9c5ac611629491c803c
pysIyte-1.9.tar.gz,2023-04,malicious,CLEAN,0,0,57,76,336d2ce7da0ca93cb8ba304c4ce62446ff2a9a10c3a8ea9da0e6c76ba0aaff5f
cloud client-1.34.tar.gz,2023-04,malicious,MALICIOUS,19,0,43,76,fcf4b5dff960fc28333d88669b4132d3edee0156961a581572c6b55d64e36c4f
pik-utils-1.0.2.tar.gz,2023-04,malicious,MALICIOUS,18,0,44,76,a35a43c574066a4f230bac6d45b7f176ee622e651545845029bb9b8f1dcbc9fd
pyjunkerpro-1.0.5.tar.gz,2023-04,malicious,MALICIOUS,1,0,61,76,a7b215caf0a82e423851548a03137bae5c234987b5e94e102d01e04b548e6e46
pyanalizate-1.0.0.tar.gz,2023-04,malicious,MALICIOUS,1,0,61,76,799a871689f31a14a27c09fcc89e89150e1ceed0589fc13a2be3b8513afe9feb
pypackagehelp-1.0.0.tar.gz,2023-04,malicious,MALICIOUS,19,0,42,76,db286a6f493c1a7cb1571a4d186607ca1d0a28a47bb9954650f328249e80e760
social-checker-7.2.tar.gz,2023-04,malicious,MALICIOUS,19,0,43,76,5a5fdc422f9e10fc960bf6661661119094c1fcf65085e4da6b18667f7b71cd77
pyobfadvance-1.0.1.tar.gz,2023-04,malicious,MALICIOUS,1,0,61,76,3510869dc85121087a3090588b8ae5838f36c64e312a1ca0bb7704d154aa8a9e
friendlyproxies-1.0.tar.gz,2023-04,malicious,MALICIOUS,22,0,40,76,6a11fa3f1f712c7afaa254731f741f48de4e12ec2dd4a684482a53a866b4e606
huggingprocessor-1.0.tar.gz,2023-05,malicious,CLEAN,0,0,62,76,3185bfc4029c01ac2ac18e61baba42385bb4c8ecad3d72b2c0b70cdd3163c501
pyfontinglib-1.0.0.tar.gz,2023-05,malicious,MALICIOUS,22,0,40,76,171a52b95dce6c5680264d620f06d975773ea3289d34e266c0164ac748dc51a2
qrbarcodegen-1.0.3.tar.gz,2023-05,malicious,CLEAN,0,0,62,76,7f3eaf43c117b6f5672d44e5d005c69c7139223b12d633370913a52ece734338
pythonsqliteaddition-1.0.0.tar.gz,2023-05,malicious,MALICIOUS,27,0,35,76,ad02b239e5663a3e7324cb70c2101cca39f9ab72e56f88ff425b1a4d1badcea0
pipcoloradds-1.0.0.tar.gz,2023-05,malicious,MALICIOUS,27,0,35,76,8aa95fdfbd8c985e5218c385f2db2b942707423e5b4011e219a1b566b6a431ed
pycryptv7-1.0.0.tar.gz,2023-05,malicious,MALICIOUS,22,0,40,76,be137f98204e7979011c3a4ebc21856b8ddebbd6baf9825436687b4c91928fdd
233_misc-0.0.3.tar.gz,2023-05,malicious,CLEAN,0,0,62,76,00ebee1a572774c76bf1eac2337973f4c032ff9b64330938bf852b5872d5c81a
circleinfo-1.0.2.tar.gz,2023-05,malicious,CLEAN,0,0,52,76,e87fc0dcbc4d9f2e9fa3dc4b404ab52fbff49c640077e13a52867b9c0d7ba817
colorpad-1.4.4.tar.gz,2023-05,malicious,MALICIOUS,9,0,53,76,472647c608bb0ee9b6496b260e56360787ec7a3f23aff8c067a843169081d57c
adv2099m-1.0.0.tar.gz,2023-07,malicious,MALICIOUS,2,0,59,76,42bfcfe68068d49a35cfc051080e44cbeb489fb5b02be38901798de3e2e2ac45
jas9do1-7.72.tar.gz,2023-07,malicious,CLEAN,0,0,61,76,74eb3849226d7a09cadedaf07606dca2dfc243e3bb20de27a166be06a7f2f252
requests-toolbelt-v2-0.0.0.tar.gz,2023-07,malicious,MALICIOUS,4,0,54,76,6c76156136378bdae66b5fe007a7698a4cbd0198db20eb696ec3715d7aeda3d2
SwiftyPy-5.1.tar.gz,2023-07,malicious,MALICIOUS,7,0,38,76,9307e95e561dc8c0cd676f2650fdb1892141a5c9f5c02d7a3629d644c543dd04
feur-0.1.tar.gz,2023-07,malicious,MALICIOUS,17,0,45,76,90ce3b00c1803cac8583faabc2d58f196f22b24cd04cb1652ce822f3217a1eae
pyminor-1.0.0.tar.gz,2023-08,malicious,MALICIOUS,20,0,42,76,1bb78fc7636edcc9fca2584a09b7ad4e9ba4e9c8fe04016bb24c249d3b9cec79
lucifer5033-0.2.tar.gz,2023-08,malicious,MALICIOUS,11,0,51,76,c99d1a91e0e17af4be5420c50695e4db8f73f5bd13f407cdaf5b6759e618f833
requesttest3-1.0.1.tar.gz,2023-08,malicious,CLEAN,0,0,61,76,a31ec3891db31835ba784017df2c8bc6af359c6e626cfca1263d9a61119c4d3f
lucifer-example-0-0.2.tar.gz,2023-08,malicious,MALICIOUS,9,0,53,76,6f9d7d04be3d6c925453d6e1436f78c47d43b096750b9bfb790eddbddcd99cbb
pyghoster-1.0.0.tar.gz,2023-08,malicious,MALICIOUS,20,0,42,76,9bc2c3ab72db1085db141e43d20dd132d398c5df17e9d6469cc11cbcba478dbd
semdb-0.1.tar.gz,2023-08,malicious,MALICIOUS,18,0,40,76,1dae5920ba986d9a5eb0f663c6796879fe8a7c1432a2a7c00365358db1fead18
rdependency1337-1.0.0.tar.gz,2023-08,malicious,CLEAN,0,0,62,76,22a3d38b17433e3cedb89143a7d75cbaf63ac3b68ab7a0537c82f5671204df51
requestspro-2.6.tar.gz,2023-08,malicious,MALICIOUS,6,0,56,76,9c2de75d366f748bb5e783a34be25480942250c4ac9cdd2a24af655a934ae806
semdber-4.12.tar.gz,2023-08,malicious,MALICIOUS,18,0,43,76,c50c14303066e537a7259199adbc659bd907a7fb261fb86dc95a8e83d48777da
javapatch-0.6.tar.gz,2023-09,malicious,MALICIOUS,13,0,44,76,c011f13e0bc2a9f156710a086c86528e0989a09ae46674abe36d5a2bd45c2a75
pygraphql32-1.2.2.tar.gz,2023-09,malicious,CLEAN,0,0,61,76,1f132c527f79c0d45f9708669c8192d957eac8e2629c701827cbfa73836c8c6a
eth-manager-0.8.1.tar.gz,2023-09,malicious,CLEAN,0,0,62,76,3257dfab2ad9f40be023e0195b7a720609e514c6f783c018df3587cbeccee949
aws_consoler2-1.1.0.tar.gz,2023-09,malicious,CLEAN,0,0,55,76,52a4801bd6b0d02521d3abbf3f125b14aa4e1b80165e40acd2a109dc0814eb0c
libblas3-0.0.1.tar.gz,2023-10,malicious,CLEAN,0,0,62,76,6a7d57d9f68739db00692bbd5bd306131e1cdce70edeccdaeaf416163c75f946
pyjio-1.0.1.tar.gz,2023-10,malicious,MALICIOUS,17,0,39,76,554e2d0244607bd8804f08ee2e41b9e3bfad05b4e84f112b32d6d156d411ca45
python_alibabacloud_tea_openapi-0.3.7.tar.gz,2023-10,malicious,MALICIOUS,1,0,61,76,b7da71af740a0a26eac1b179cfd1a19eadac6efbae018e9afedc962378965d98
discordwebutils-0.6.tar.gz,2023-10,malicious,MALICIOUS,17,0,45,76,288363f20679c33a08fb25218a23bf2fdfda97c2f6fd0dcfbd64e92dd6d06852
alisdkcore-1.0.0.tar.gz,2023-10,malicious,MALICIOUS,12,0,50,76,99a8bba36161e24730cb8086177da0720b10fcb07d94c8895ba7cae2f9babba5
figflix-0.1.tar.gz,2023-10,malicious,MALICIOUS,21,0,41,76,fc0c483c3718fcc720509183d5a51fb72ff0abbf43eae730a1963a89f3b6da88
pycryptoconf-1.0.6.tar.gz,2023-10,malicious,MALICIOUS,29,0,32,76,90b27ac674eeac015218afb6b525dc7e121c40bce24f46b0aa51006b92ff0506
bobotosoji-1.0.0.tar.gz,2023-10,malicious,CLEAN,0,0,62,76,c39bb336fca30ee17312502464351b4b57f4673aeadaeeea000af60ae6259b95
reqyest3-2.19.0.tar.gz,2023-10,malicious,CLEAN,0,0,62,76,422bfde9582b94e5c1440384040d6756c5bf3d627e1f37341e577822bfa853b8
alcloud_credentials-0.3.2.tar.gz,2023-10,malicious,MALICIOUS,1,0,61,76,08fd2a0906744edcb528f24e1a4b0f7c5cb340a71f73235b4cff51a4a889107d
xmlbuilder3-0.0.2.tar.gz,2023-10,malicious,CLEAN,0,0,62,76,ce2487706ce19de6d21241b08b2d5de62340d323c3d802b2a67a43edc46974ce
liblapack-dev-0.0.1.tar.gz,2023-10,malicious,CLEAN,0,0,62,76,27f21934626706c6ec5ab97f386e1aada33fcf8c269ff5667099ce76321385d8
alibabacloud-oss2-2.18.2.tar.gz,2023-10,malicious,MALICIOUS,1,0,61,76,3cfe7a26afa47e984986c0d402217147d97b76ac147010a605ce29e98ec2316f
cephlib-0.0.2.tar.gz,2023-10,malicious,CLEAN,0,0,61,76,112ce2c9d8fefef8ba10581850e2f76aea8abaa2eacbe9925d1fc4cf8de15d5a
nvkvictim-poc-0.1.tar.gz,2023-10,malicious,CLEAN,0,0,59,76,c35db6c66701eb8053deb7e8b7cd3dae3e001e19336ca09b781ff39c23addf35
tcloud-python-sdk-1.0.0.tar.gz,2023-10,malicious,CLEAN,0,0,62,76,ae825bb3c173e0050b4ca2728428d432cfca1626eefb8a09308873d793e3c6af
iam-enumerate-1.0.1.tar.gz,2023-10,malicious,MALICIOUS,1,0,60,76,611a34fac09a6df282f1e82f090ee596103c379a6c944975ed393a192fbbf22b
fbdebug-0.1.tar.gz,2023-10,malicious,MALICIOUS,20,0,41,76,ad1f8b8763e95ca2fc3f874b789494256821cfbbd5d92ba679bd3d8c50546f03
nnabla-ext-cuda101_nccl2_ubuntu16-0.0.2.tar.gz,2023-10,malicious,CLEAN,0,0,62,76,b8f73729748374340a9b9727d33e088389259ca9a7d8a9d8d59e901d6cc6fe0b
narratives-from-tweets-0.1.tar.gz,2023-10,malicious,CLEAN,0,0,62,76,8c70bc917f43cf20b589e2321325ffaf68fe5506865529767d5335144c2018d3
poc-nvk-0.1.2.tar.gz,2023-10,malicious,CLEAN,0,0,62,76,0c2ddaeee10c13b29779186d3a239916b8611820433d26ef45fbe1fa6496312d
pyhulul-1.0.1.tar.gz,2023-10,malicious,MALICIOUS,19,0,42,76,da91c2273e96703ccda81c0458d85a4f8c2be26b008e97dbb2552a762d6b1f3c
liblapack3-0.0.2.tar.gz,2023-10,malicious,CLEAN,0,0,62,76,ebc78abf6493855ec9c0653c02dd311a050fe65cbc96424f2d1da8728529dafc
enumerate-iam-aws-1.0.1.tar.gz,2023-10,malicious,MALICIOUS,1,0,60,76,62fdffb8e981e75b8636156a190cf800743245446b26718edaac48cb0e83250e
pyefflorer-1.0.1.tar.gz,2023-10,malicious,MALICIOUS,20,0,42,76,e13f2f43b1bb4dd21d7cffde89be9a1b4cbe3afa1c914d17e3db79e2fdc5adf6
telerer-2.3.tar.gz,2023-10,malicious,MALICIOUS,21,0,41,76,709ff30c623fc0c276ba91cf5cd01b01e0db22c0f1ce484c9be2904df9e632f7
figflix-0.2.tar.gz,2023-10,malicious,MALICIOUS,22,0,40,76,2733ae32eb5972c81423d4d0918e8df917dd8856c84b18734a2c96d12f4bd950
rgbcolour-0.0.1.tar.gz,2023-11,malicious,MALICIOUS,2,0,60,76,a9b74decec54b4a6d309b997b9a40c46283d9122636e934c8d86bcb4f41f9755
gamepass-0.0.1.tar.gz,2023-11,malicious,MALICIOUS,19,0,43,76,b3d553d25d2fe916f8876f794d7759c641e44de6a96c6178877e429bf9c14f93
hsbcgui-0.0.6.tar.gz,2023-11,malicious,MALICIOUS,1,0,61,76,a23ed2d30da0421232ce2783927eddef183e21ada70617e7a8e1dea8c037c857
package_test_index-999010119.1.0.tar.gz,2023-11,malicious,CLEAN,0,0,62,76,b4d3c98c0b0d9ba271762eeeeed44188b6f23134128aaf9ad43e52350afd8e6e
discmusic-0.1.1.tar.gz,2023-11,malicious,MALICIOUS,1,0,61,76,53a87864063150273fe848bc8624387cec4840b8c0e50a206d2eeea038f19511
discmusic-0.1.2.tar.gz,2023-11,malicious,MALICIOUS,2,0,60,76,10fa3b3085e2457ed05eb060fcc3c506109ec7b34d5f265fcd97d56572689e44
hsbcgui-0.0.13.tar.gz,2023-11,malicious,MALICIOUS,1,0,59,76,6eba501356a7a355515091ce241d0af836d6007d8a22eab1ebd9e7864ba18864
dshttpslib-1.8.0.tar.gz,2023-11,malicious,MALICIOUS,6,0,55,76,0629b68286a5bacbd830157c70aeafaee65b52ffce7612257c43273c74ca50b0
discmusic-0.0.2.tar.gz,2023-11,malicious,MALICIOUS,1,0,61,76,db408f2018768e4052eaf16b01a4069ebb1b7b652a50f3c01bf0a6be2d12bf88
pycryptoenv-1.0.7.tar.gz,2023-11,malicious,MALICIOUS,28,0,34,76,60f569a05b71413468889e64986cc3aa089ee3f6f78fc40e222473178642c3d4
httpxs-0.0.1.tar.gz,2023-11,malicious,MALICIOUS,2,0,60,76,a18a67e3c851c82ab4234dfb5ebe36db656ee39a4e1173a6b816f90b347f33b2
hsbcgui-0.0.10.tar.gz,2023-11,malicious,MALICIOUS,1,0,61,76,af1dc822358ac67a48adedaf41f2edfb7ede95fcddfeb4ce60860a2b7bf680d3
simple_discord_https-1.7.7.tar.gz,2023-11,malicious,MALICIOUS,7,0,55,76,a3b1730effbc796d455436adf83f8b5d8231baffaf0e1d06a446c78d0b619304
hsbcgui-0.0.12.tar.gz,2023-11,malicious,MALICIOUS,1,0,61,76,21f2a50cff30f68d18362c6a5b3c2615b45c009cf283ff1871e506497394cdf9
libproxy-1.1.4.tar.gz,2023-11,malicious,MALICIOUS,4,0,59,76,a0153ab4ab6a764a1f41cafe21bacf5e710a44d4b2324562ecb54957b57321db
test_package_main_dist-999010119.1.0.tar.gz,2023-11,malicious,CLEAN,0,0,61,76,cde4142f4bf948ac4001700a245bb6796b2c27dc0f6ce2255037db4348027656
dshttpslib-1.7.9.tar.gz,2023-11,malicious,MALICIOUS,6,0,56,76,815c4c373ea1c223d07a53d6d0b9115f89fb3dbc32d5fc62d1fab59f62413d6c
hsbcgui-0.0.7.tar.gz,2023-11,malicious,MALICIOUS,1,0,61,76,d5e444113ecd6bd9291e3a94d93d8581030cc1a76ef94ae3970bc4bbd98faed9
paquete-1-1.0.0.tar.gz,2023-11,malicious,CLEAN,0,0,62,76,710f12c94cf230f19cc0edf4c7309dbf4289765cc877f3b9eaa4966bb75b7df1
libproxy-1.1.5.tar.gz,2023-11,malicious,MALICIOUS,4,0,59,76,1a0f246dd972b1f7080203d3be4bdeaa5ae19c0e1b5e866594c179be95942f0d
cookiesjar-0.0.1.tar.gz,2023-11,malicious,MALICIOUS,2,0,60,76,a36d9f0beef516f5defe6d8ee5fcdc29d3962ed9ef7b3605decad86d96042da0
gptplus-1.0.2.tar.gz,2023-11,malicious,CLEAN,0,0,62,76,01eae11649a6bed3f51ac5f19eda5db5a266958c8bf8c7664e685546017e32ae
discmusic-0.0.1.tar.gz,2023-11,malicious,MALICIOUS,1,0,58,76,2b6713052475cd57cf09d9756faccbcb90a5798229dfa7010eb3da4af8194f8d
dshttpslib-1.7.8.tar.gz,2023-11,malicious,MALICIOUS,7,0,54,76,2eb7dae2aa619550ae0785ac2cecb303ca333b436299418ba61268905582cb68
hsbcgui-0.0.9.tar.gz,2023-11,malicious,MALICIOUS,1,0,61,76,76f4744ad14e652715ee94d3b2df7d769f2c9ad79cad85e7c4dfdc0e3de276cf
claudeai_eng-1.0.0.tar.gz,2023-11,malicious,MALICIOUS,1,0,61,76,cbeb79eaa89d48e53690017868e601b9d981de9782b1407007c5cd0091e4a17c
gptplus-1.0.0.tar.gz,2023-11,malicious,CLEAN,0,0,62,76,57dd3bdd6bf1af32f50a4b61c0f089aa9d5c68461351379c32df826a7430fa13
discomusic-0.0.3.tar.gz,2023-11,malicious,CLEAN,0,0,48,76,0e5eb908478593daec8ed52510d5792d7e50c9acc27c96d45bbadebd730f96d9
rgbcolor-0.1.7.tar.gz,2023-11,malicious,MALICIOUS,2,0,59,76,feb02c8397c58ad75207fdb8d821ff68bf5bc4035e06e1521d45265b598f8962
gptplus-1.0.1.tar.gz,2023-11,malicious,CLEAN,0,0,62,76,4982cafbcc53220ed29febe35756918bb52dab7ce2f8e03d490d5cab08e42ce9
myGens-1.1.tar.gz,2023-12,malicious,MALICIOUS,10,0,52,76,244c87ae9be009fed460a6cf71ec66ece0a918e8b61fceae86f00943e744162c
easyhttprequest-2.31.5.tar.gz,2023-12,malicious,MALICIOUS,1,0,61,76,e65aeef4cffdbf19f4530598836786144f2680d88ceaa09a7908755f3d110f3f
modularseven-1.0.tar.gz,2023-12,malicious,MALICIOUS,5,0,57,76,d5f443f3cd5bb7c6376d018161fd272e9448f4a2ab9514aa9d791b15175a6f0e
fefeefrrg-1.0.tar.gz,2023-12,malicious,MALICIOUS,17,0,42,76,dc6a59089595d572fc5b4ba1292b9403c0f2b8953f4befdc64ff8610374316cb
myGens-1.0.tar.gz,2023-12,malicious,MALICIOUS,6,0,56,76,3b79712e6825b9899461d2bed32401263d008c909dba3ae02deab76f73bd0ead
pyhttpproxifier-0.9.3.tar.gz,2023-12,malicious,MALICIOUS,1,0,60,76,f0d029b5c0eb3ffd75ac2cda02067cc0285a0a155ddfa682b75a340d89669aaf
frefereffee-1.0.tar.gz,2023-12,malicious,MALICIOUS,17,0,45,76,ddbd767da244f7e1e9668a35b7c4aa6ab3e744573d5ad73a98f054210737a5f9
excaliburX-1.0.0.tar.gz,2023-12,malicious,CLEAN,0,0,62,76,7324bb2f8995a7e534c3b6435b1ec04f77c8f1aec8d08fb75f1be247a2b9c1ee
eeeeeeeeeeeee344324f-1.0.tar.gz,2023-12,malicious,MALICIOUS,19,0,43,76,32cdffa8b34d4754a5e1bef5ba06d96b1a1e0f312272bbb3a855d64f49fff727
catme-1.0.tar.gz,2023-12,malicious,MALICIOUS,5,0,55,76,24b5be515a9701dad3dc9e28edb0612a69ff4801009c0437b9dc882d6501a9a7
httprequesthub-2.31.4.tar.gz,2023-12,malicious,MALICIOUS,1,0,61,76,f717989d730b01f8ffdb2476c880e64c49d80292b4bdcaa6d493d79029da574c
richcolor-1.0.0.tar.gz,2023-12,malicious,CLEAN,0,0,62,76,5c5be3686cf6a3b80c376cff2cd60cda3a532e0f11c2d62e442660fe70c61375
httprequesthub-2.31.3.tar.gz,2023-12,malicious,MALICIOUS,1,0,60,76,96992aa682f63ed04384d222155bc109476683c052eab69fe7fa6d4eb63130db
TestLibs111-1.4.tar.gz,2023-12,malicious,MALICIOUS,8,0,54,76,04971c351319ea7a441b8d249395f7292320a5c92e3c4c2b09994f13261dda23
httprequesthub-2.31.1.tar.gz,2023-12,malicious,MALICIOUS,1,0,61,76,41363c093f97f1bf709d048969b673dcf95c58a60891b7ca317e12c931571399
hlokty-0.1.tar.gz,2023-12,malicious,MALICIOUS,8,0,55,76,259ab38239206ff42115027a411e1922055c15cf9a9a6bcc5c53a49129c2d3e4
easyhttprequest-2.31.4.tar.gz,2023-12,malicious,MALICIOUS,1,0,61,76,c5326e9e8f5ba19db45c78d4f58b1ab88d1fb59798e49983d30e84a4ac4a6f7b
pyhttpproxifier-0.9.2.tar.gz,2023-12,malicious,MALICIOUS,1,0,61,76,ca80cc11361fe5380094c8b0b19b4252aa9fefbe2749cf6b81a60715fabfc9f4
newpackagetest2026-1.0.0.tar.gz,2023-12,malicious,CLEAN,0,0,55,76,c8d2f086a009ceb94b3b89ee642f5fcf0fe252109abe524d06f021d875d8d553
TestLibs111-1.5.tar.gz,2023-12,malicious,MALICIOUS,8,0,54,76,a058684246efea35bb10562bd9f47d7c40e6305efacefb02c1ffa80d043d4d15
beeee23323-1.0.tar.gz,2023-12,malicious,MALICIOUS,18,0,43,76,daadfeb73f994380298e571e976d252c3f8e2863bb26c3a7067ca4609a5239b9
brrerrere-1.0.tar.gz,2023-12,malicious,MALICIOUS,15,0,42,76,8d2472f681aa4dcc036629770cab777c8f7f48b1b50066d5c5e7e2ad6f3d7658
driftme-1.0.tar.gz,2023-12,malicious,MALICIOUS,5,0,57,76,4278168f92b7d4bae03099578a0d6445306f2488ffe87e1d64cd6c8aa4f7a67d
newpackagetest2028-1.0.0.tar.gz,2023-12,malicious,CLEAN,0,0,62,76,3e9143cf49072a0b05bb46cbe94a9e41a08e7cdf5ed090ed792abf1981056f61
TestLibs111-1.7.tar.gz,2023-12,malicious,MALICIOUS,10,0,52,76,f30e08e7d923a0c209ba04f3921a397bd3a53feed44ca159a6fb5806aa312ad4
ef334343rf3feefefefefeffeefeffe-1.0.tar.gz,2023-12,malicious,MALICIOUS,19,0,43,76,c1c593241f6f6c6fe334a3e326284474435920528298e292990d22beba4f928a
multicolored-1.0.0.tar.gz,2023-12,malicious,CLEAN,0,0,62,76,a2e0c27c8ae714564623086f6c090e59ca936e2461b97cddfedd4d4c4e203f01
vibrant-1.0.0.tar.gz,2023-12,malicious,CLEAN,0,0,62,76,37ab045542e4fc5f10140e4820491480c830c009f0579bc4d36d6ca51dda8dde
testpackage1mcpe-1.0.0.tar.gz,2023-12,malicious,CLEAN,0,0,62,76,82cb934dc7f5d2f33fa71a94610f6213dd8a9cf7f5c7bc0e078886b408ce69e4
bee23e3wddwwddwd23e2-1.0.tar.gz,2023-12,malicious,MALICIOUS,19,0,43,76,fea56f27d1ca72b4c11cfc14c183e7e77439313a45a479b8c97a2396b8c7a5b6
newpackagetest2027-1.0.0.tar.gz,2023-12,malicious,CLEAN,0,0,62,76,9a79f453b217eb6b212a375dacf6900a40cdcd0e783e7c4f1e1468da26cdaa7e
ef3233434refefeffe-1.0.tar.gz,2023-12,malicious,MALICIOUS,19,0,42,76,a3162d35a6ae91e96dc51751cb1743e53b875f6fce26cf4931877db2159c17bc
fef3434334dwrg-1.0.tar.gz,2023-12,malicious,MALICIOUS,19,0,43,76,914a9021e07ac48b0fee2e829c44b3429f4a7ca84090f54a7f5059ab73469c25
effre4frferfrf-1.0.tar.gz,2023-12,malicious,MALICIOUS,18,0,44,76,82197bf62396fe6609ed3872c33c69b50200c2974b83fb02c52a68ffdf91f648
httprequesthub-2.31.0.tar.gz,2023-12,malicious,MALICIOUS,1,0,61,76,06858be36f7ba4c7ef9565f3d47af0e766415024d079cfbd44b69676f321c045
enchantV-1.0.0.tar.gz,2023-12,malicious,CLEAN,0,0,62,76,ca31f285a38e75d5d1f65ad8943ad70b6998ae85261ccdaee119141fb5a8cd37
colorized-0.0.1.tar.gz,2024-01,malicious,MALICIOUS,2,0,60,76,82a727013c912bd0ccd6cb15e456cc69d49c34eb0a91bd6db051c2b412cd3e1f
testing1232-0.0.1.tar.gz,2024-01,malicious,MALICIOUS,2,0,60,76,8a94d11ac68a3050a94bfe3cc7d50d788c94481fe55ed14bb2d2a487812ffc55
tensrflwo-2.8.tar.gz,2024-01,malicious,CLEAN,0,0,62,76,7c6f9f68a075b23ecdd148925af6054ae6fcb5ec9d3f4b181c844e903ca54cb3
swapmempool-1.0.8.tar.gz,2024-01,malicious,MALICIOUS,27,0,35,76,2fea33c9958df4ad71cf7790d17c280005f223ee29388e90a24f9d3c8349a628
tensxxfxxk-2.12.tar.gz,2024-01,malicious,CLEAN,0,0,62,76,4dbabe212a34272e8147f1874dc8ffebb9e285e8b29fb6f4774f0ecf9942452f
colored-upgrade-0.0.1.tar.gz,2024-01,malicious,MALICIOUS,2,0,59,76,dc022c19c386b275caa19ea559bf3d2902cb9fd0ac3511f8791ad566936867fa
NP6HelperHttper-0.1.tar.gz,2024-01,malicious,MALICIOUS,1,0,61,76,84a97addb08ab3b94c39adb6e03977af5ac242afb7d88f27c64c474f792521bd
NP6HelperHttptest-0.5.tar.gz,2024-01,malicious,MALICIOUS,2,0,60,76,4a4770078f1d0acb2e366ad0632cc6a968f94da24892f830b9d715796d508e92
tensrflwo-2.7.1.tar.gz,2024-01,malicious,CLEAN,0,0,62,76,01326b0432750f065910f95a7f3adc7bd7065edb9706025c91496fd6c0a8a798
nextui-0.0.1.tar.gz,2024-01,malicious,MALICIOUS,2,0,59,76,4cd8d70f9c9634f39a5ec404cde5dcec3ecc59808e55597789115d30a42667eb
me-dheeraj-moye-moye-1.0.6.tar.gz,2024-01,malicious,MALICIOUS,2,0,59,76,05bc504c1f5086617a86c5ff34fa144572defb4bb29ed9d2abe3a738517d88d3
update-requests-0.0.1.tar.gz,2024-01,malicious,MALICIOUS,1,0,58,76,b48ff886a7804650c2db4798b59b700b7ea1e877d5fb28eac72cafefa0c2f6a8
tensrflwo-2.7.tar.gz,2024-01,malicious,CLEAN,0,0,62,76,7e2e9af9f959fcd7f50f52414333b09cf8292f757424044ec38f234055dfa659
update-mss-0.0.1.tar.gz,2024-01,malicious,MALICIOUS,1,0,61,76,811823da445b32c3f2a855f5cae80277e4f580d08b1d845c9f66247f947b8aa7
tensrflwo-2.9.tar.gz,2024-01,malicious,CLEAN,0,0,62,76,34d4e743bd17ef527e94056eb2be201bc637b2fe082ce70dd707814fae41b7f6
genui-0.0.1.tar.gz,2024-01,malicious,MALICIOUS,2,0,60,76,9210fa68e973147ff3444fd5367e2846280450edb2bbeefe3f2f67e2fca5bef5
requesting-0.0.1.tar.gz,2024-01,malicious,MALICIOUS,1,0,61,76,2f4435cab5f3f11696736fa713b3d1338461b732838778477b0ea85bcb42ccd8
NP6HelperHttptest-0.6.tar.gz,2024-01,malicious,MALICIOUS,1,0,61,76,0b430c595fb74602e1fee6b47a2b7b6b5a3ef2a28537b2b9c7feac4d2cdd39ed
NP6HelperHttptest-0.4.tar.gz,2024-01,malicious,MALICIOUS,1,0,61,76,b8f804072580bdf89663fc62a4f9ac2afb0e287c39d2151bca26af65d347126c
directui-0.0.1.tar.gz,2024-01,malicious,MALICIOUS,2,0,60,76,1036491cafc36047b991f16f609cbe32d62e6f2ba7a70fbfa55c73472db962cf
flagui-0.0.1.tar.gz,2024-01,malicious,MALICIOUS,2,0,60,76,99142b978e501afb07ae35fe8e9b1f75531c58431d3e8af6b6322321f1a2865a
tensrflwo-2.5.1.tar.gz,2024-01,malicious,CLEAN,0,0,62,76,0a403a72d8981962d7ab6223b887ba83d4cc347c13dca74068bff6e74673a467
codeui-0.0.1.tar.gz,2024-01,malicious,MALICIOUS,2,0,58,76,2c41e1a8f52505fb18f1413fbcac157badd9398dc2cc9ab9cb6a39f1a674c464
cipherbcrypt-1.0.tar.gz,2024-02,malicious,CLEAN,0,0,60,76,cd2e0f6de798436488ac6fd678ed5ce41491e111da89378b22c5cbe2d86fd0c2
async-dispatcher-1.2.1.tar.gz,2024-02,malicious,CLEAN,0,0,62,76,29bd4113769f905542849d86217f23fa16380798dbc561290a12ed616cb084bc
requests-sessions-0.0.1.tar.gz,2024-02,malicious,CLEAN,0,0,62,76,964495d8c7f3e7b94246a7cf42edb8d5b7b7b830ee59c5be056ad39cfbb72de6
upgrade-requestt-0.0.1.tar.gz,2024-02,malicious,MALICIOUS,2,0,60,76,31c69b448a5c8ff2399923e344a1065adc723d44941fdb4041295c842e3d4770
mnemonic_to_address-1.2.8.tar.gz,2024-02,malicious,MALICIOUS,1,0,61,76,1d7933d507754bc1764476db3def2005a6f0e30836f6695d47d6a6382a623066
isred-4.1.4.tar.gz,2024-02,malicious,CLEAN,0,0,62,76,027c6d8817e73048adc1bd816006edb13a8c1e30dc5003c87ade131bb08d0268
shikitesting-1.0.tar.gz,2024-02,malicious,MALICIOUS,27,0,35,76,ccf030e62c70646f216b724efd8870be1e9a7053c4288a58297a8aff9a8e5c71
request-http-0.0.1.tar.gz,2024-02,malicious,CLEAN,0,0,62,76,7d919e48fea74e6956fc81309a19c2698cf947e0b297bed1e28bbb5f1c235299
requests-http-0.0.1.tar.gz,2024-02,malicious,CLEAN,0,0,62,76,20ff6f72b2fe27101c2724a0b6aa33fb213e5c8a3ad1f060e1bbb08b88e55d6b
api-hypixel-1.0.2.tar.gz,2024-02,malicious,CLEAN,0,0,62,76,ed8194e9b8d9d739b6b7fbad5956c3a17aa69ca446e9e54847313ca7d31bf185
colarama-api-1.0.tar.gz,2024-02,malicious,MALICIOUS,26,0,32,76,0f8dba793b2ef2721730c430d3605436729d5790b89e45f647d1d483ab845726
cipherbcrypt-1.1.tar.gz,2024-02,malicious,CLEAN,0,0,61,76,bb4ad435f98bce3cd354c238e1ab87ea462a342cda81cf8e21800aec44418609
discord-addon-1.5.3.tar.gz,2024-02,malicious,MALICIOUS,5,0,55,76,fc1343f5f544e532d0893cca8cbae69186a041dbe3358203bb3af490ce5ed413
discord_client-1.5.3.tar.gz,2024-02,malicious,MALICIOUS,5,0,57,76,c3e6b707a19771d82f58e2b7702e1281ca67f860b8c34ac310eacbf3f3431674
async-dispatcher-1.2.2.tar.gz,2024-02,malicious,CLEAN,0,0,61,76,09de2bfc2549cf77d711b088c10245a165feb8bb64274daa277f2b18a696b833
update-request-0.0.1.tar.gz,2024-02,malicious,MALICIOUS,1,0,61,76,a0ddc6c8cbc4b18993ec05cee6fb67d7f32d25acbe10884a04a7a3d1b9f072ab
data-platform-airflow-recipes-999.9.20.tar.gz,2024-02,malicious,CLEAN,0,0,62,76,ce600db73a2155764ec72a3447c0505b92d86ea406bd50b6712fba96baf62b70
glovo-data-platform-declarative-airflow-999.9.17.tar.gz,2024-02,malicious,CLEAN,0,0,62,76,b0e4443f0015cfd1e28d6f9d60ab986d7a0bf31ad3613184fcd85ab7382d0e1f
django-log-tracker-1.0.4.tar.gz,2024-02,malicious,CLEAN,0,0,61,76,a0da0fa7f59c7265636715bcb9728ff0445f92b074f7e21bf677ed00087033f4
upgrade-requestss-0.0.1.tar.gz,2024-02,malicious,MALICIOUS,1,0,61,76,de2223abe7df8bf66fcf6bba37490b2aa4af19391f67aa6b6c8fca4d6c148d02
data-platform-observability-core-999.9.20.tar.gz,2024-02,malicious,CLEAN,0,0,61,76,acb407819225fa4d3b56af165c8c8f04e909d337be8e4d8f95af75f610833e2a
djanggo-0.0.8.tar.gz,2024-02,malicious,CLEAN,0,0,62,76,864bfa32a494ddda7e6b654c495e1d841c30fa7076ec397962554c49df4a3695
request-get-0.0.1.tar.gz,2024-02,malicious,CLEAN,0,0,62,76,1c38d4535698e799a6ff946674f6422e23029832e2826b7fd3680d3519a91111
requests-upgrade-0.0.2.tar.gz,2024-02,malicious,CLEAN,0,0,62,76,a046e290786ed8324d093886d280217aad811975451dbbc77accfb420e78dc2b
glovo-data-platform-declarative-999.9.19.tar.gz,2024-02,malicious,CLEAN,0,0,62,76,6a6ccfb8de9fca1af28f52e3a0ab96a3fbba5261b501573568b50cf41131a32d
glovo-data-platform-declarative-999.9.17.tar.gz,2024-02,malicious,CLEAN,0,0,62,76,3bb39b5eecbb22e7e0613118e2319017963a4cfee59c45dc2a6710c12e187671
glovo-data-platform-declarative-airflow-999.9.18.tar.gz,2024-02,malicious,CLEAN,0,0,62,76,aec2d914cb3f4ef112c86e775cb7932c7221afeffb5a20b8c848e3453a6fc627
glovo-data-platform-declarative-999.9.18.tar.gz,2024-02,malicious,CLEAN,0,0,62,76,a4218a977d11ce0733c1f2e9cddd67f4a2b41dd081c77068dfe0efaf77946a9b
Oauth-Less-1.0.tar.gz,2024-02,malicious,MALICIOUS,28,0,34,76,e5ff3623d7e9c28753f93cfe2944afc221a67fd4c623584b9a1123d36d387b85
upggrade-requests-0.0.1.tar.gz,2024-02,malicious,MALICIOUS,2,0,60,76,b7377637cd52cdfb2e6769b6c4d141c99e0c597285ce5b2c18e035d2e76bdfeb
requests-https-0.0.1.tar.gz,2024-02,malicious,CLEAN,0,0,62,76,d27efdcf90977826ed8f6acdd0ea4812143a5ea3ed59e5320e0333efe1bcf72a
api-hypixel-1.0.0.tar.gz,2024-02,malicious,CLEAN,0,0,62,76,5729f29364b9bb0573df8f91564af29f8a113e5851a3530d502d75f38de3cfe3
glovo-data-platform-importer-brain-999.9.20.tar.gz,2024-02,malicious,CLEAN,0,0,55,76,ef822b6f0eb10254ba5dd1cbc6712d4350cc5b692c092e61ce4543c90a18deb7
async-dispatcher-1.2.5.tar.gz,2024-02,malicious,CLEAN,0,0,62,76,5b8136a1d1ecd26e51e04ba255afd895efb2f942eaee78b187ec5f5a94c4c0fd
site_messanger-1.2.5.tar.gz,2024-02,malicious,CLEAN,0,0,62,76,fb3ea2742eb604e68271740a9a00d374593d83357b662b1884a4735045a4357d
requests-latest-0.0.1.tar.gz,2024-02,malicious,CLEAN,0,0,61,76,545590d160cc026c1ee262415677599a7b630b33aa31dbfeb9c21576294b7fc1
djanggo-0.0.6.tar.gz,2024-02,malicious,CLEAN,0,0,62,76,70970d689d2f3d6fb5238589a94418518f930e256f62bc929375dba786bc1333
glovo-data-platform-declarative-airflow-999.9.19.tar.gz,2024-02,malicious,CLEAN,0,0,62,76,a5ad1dd545901f8d9e04c60743d7fb1cc5977ba46596faa2c4caee73e55ae0a3
mlp-data-product-producer-999.9.17.tar.gz,2024-02,malicious,CLEAN,0,0,62,76,68c8117c637292021a9c80b876cd711a56499ba022bebab2b1fd22d0596c6028
api-hypixel-1.0.4.tar.gz,2024-02,malicious,CLEAN,0,0,62,76,a1650e645b0c5dae9e39b809037976bbb8005bb551321c9d448e7dded5435707
cipherbcrypt-1.2.tar.gz,2024-02,malicious,CLEAN,0,0,62,76,4f12466e43671b4eeb8927eda52c6fc3d6b15a7ca2890678eb5aa0564f67e313
data-platform-dbt-999.9.20.tar.gz,2024-02,malicious,CLEAN,0,0,62,76,42c3197103d7d0861fcd89df75c5fb8d9e522e2bc578d025fa979ef92d3de792
mlp-data-product-producer-999.9.18.tar.gz,2024-02,malicious,CLEAN,0,0,62,76,e1a2fd22cce1aed55087279d83655f27dc55f638ff12e9b41ff6a33861cf6385
api-hypixel-1.0.3.tar.gz,2024-02,malicious,CLEAN,0,0,62,76,c1b9a63702b1b2e53891b3b3e837602dd2508440863a788e4f3b40ff905c6489
requests-upgrade-0.0.1.tar.gz,2024-02,malicious,CLEAN,0,0,62,76,5ef3090d7319dc61929bc8be1c4734def2a53f777f248868c9e640931b95e8ba
qaxtest-httpx-1.1.3.tar.gz,2024-02,malicious,CLEAN,0,0,61,76,5139782a589fd6c9a96589a4bc4f8ef407b7fb72fb8c594db3d9848dfcd0d003
data-platform-airflow-operators-999.9.20.tar.gz,2024-02,malicious,CLEAN,0,0,62,76,bf00de072bab40639ee057b1f74f7a8924da43f9b6268fca7710b839fe8fe4a1
data-platform-observability-validation-999.9.20.tar.gz,2024-02,malicious,CLEAN,0,0,62,76,1eb3b2225b99d73b0f3d4bc6afe4568794b54123ff074596637c7ef1c111c44c
requxsts-1.0.0.tar.gz,2024-03,malicious,MALICIOUS,10,0,51,76,4e81d39f181576a398bb4e6c6877669046bd4f4724c6bf87485819f26d1504c7
BeautifukSoup-1.0.0.tar.gz,2024-03,malicious,MALICIOUS,10,0,51,76,d8236831558fbc1fb34bcf9a4eee9f978b80254c269816db699abf411b21107f
bip-uils-1.0.0.tar.gz,2024-03,malicious,MALICIOUS,10,0,52,76,32c168abd5a143e156165b5a15cb048b435d47bd82334adc7843e530890a4090
customtkinted-1.0.0.tar.gz,2024-03,malicious,MALICIOUS,11,0,51,76,d809bb166dcb16707e47e609cf81bbe9da6473186efdb879cf4df129d29d53d5
PyTorchj-1.0.0.tar.gz,2024-03,malicious,MALICIOUS,10,0,51,76,4ab065c3f6a7804c76999825b3b0e9353f014074ad9141285ac75d05a450e1ce
colomara-1.0.0.tar.gz,2024-03,malicious,MALICIOUS,10,0,51,76,5cdfd1c5bc6397540d66481ac4ae9afc5a3af36840d45919bc2de50ed7537650
customtkniter-1.0.0.tar.gz,2024-03,malicious,MALICIOUS,10,0,52,76,bcf9f662674baefa64c33c902196439103dc758e55b02b28c1144a8f896b8aa7
requstss-1.0.0.tar.gz,2024-03,malicious,MALICIOUS,10,0,52,76,17680edcfe77e533848a8f5215757795b3355fb6d47307b3649737d01d0585d0
tensofloaw-1.0.0.tar.gz,2024-03,malicious,MALICIOUS,9,0,53,76,f8670744e2364ee8fe160baad9eb3b6c3b35b0601c69194b4ed4b14aae67c6eb
coloramaz-1.0.0.tar.gz,2024-03,malicious,MALICIOUS,10,0,52,76,64f2a639b523568fbd8c20ac9a7442d06e44358ea50fd4e533c0de34260a8749
coloramzs-1.0.0.tar.gz,2024-03,malicious,MALICIOUS,10,0,52,76,94e539832284c9c5d2aa732d8a7990dadc6080806ce6fb7c4ce609f5fda24050
customtkinber-1.0.0.tar.gz,2024-03,malicious,MALICIOUS,9,0,53,76,e5dec6564c82ce508dc8d5669750b285f1932bd1aa41ea12208ad9608986ecfd
customtkingter-1.0.0.tar.gz,2024-03,malicious,MALICIOUS,9,0,47,76,1ef15a7a187302affcca382a0cf9b266d92ad994ba1e39cd2fe9a1ed4712a05b
PyGamr-1.0.0.tar.gz,2024-03,malicious,MALICIOUS,10,0,52,76,396bf8b7ce86829bf3fa4f3f2cd6e2d654d57a78ac4b5d53522f0a05717c3a2a
requiements-1.0.0.tar.gz,2024-03,malicious,MALICIOUS,10,0,52,76,bac6ca7907eec76de9f6060bdea1782e5421957bbebbd42a63a111a3b4d5e5b8
asynciio-1.0.0.tar.gz,2024-03,malicious,MALICIOUS,9,0,53,76,b95f196848152cbc22fd86c4f09a5ad4d53b58c5fe3ae21189b14df3cb99504a
asyncioi-1.0.0.tar.gz,2024-03,malicious,MALICIOUS,10,0,51,76,64e69351b0193072411bcc71d25c2a94bdaf90da72f79c0e82ba8b210f66ad96
py-corrd-1.0.0.tar.gz,2024-03,malicious,MALICIOUS,10,0,51,76,844787ae935446d99f32aa6760afb765875e60be315aea230efdeb58e917a8e4
pilloq-1.0.0.tar.gz,2024-03,malicious,MALICIOUS,10,0,52,76,f3dc3b220f2c8d7e7e3903ec201f82ceb4d08037b937a5115d8dfd1835c5ecf0
py-corid-1.0.0.tar.gz,2024-03,malicious,MALICIOUS,11,0,51,76,e841d618bbbae1cc1bb9290f4094376c0dea8fbf29eb4b364797f9047443b75e
custpmtkinter-1.0.0.tar.gz,2024-03,malicious,MALICIOUS,9,0,53,76,1afaa2a1a1d489e210fe1565c946da7e140a86bc923d411246f2dfa85506fa2d
capmonsstercloudcliennt-1.0.0.tar.gz,2024-03,malicious,MALICIOUS,10,0,52,76,037c0244b2a2591abde5d569e2319feaa140167393fd61221bd254d82d9c5db4
requiurementstxt-1.0.0.tar.gz,2024-03,malicious,MALICIOUS,10,0,52,76,f39a28bf6a1d15b8dd7225ceb348b9b909834f338332a7e54ccee343baa7c7b2
BeautifulSoul-1.0.0.tar.gz,2024-03,malicious,MALICIOUS,11,0,51,76,4af5a5237d73d00d55a570bc86e38505aeb5d88e6793c69154590b170f4beb06
capmonsterclouidclient-1.0.0.tar.gz,2024-03,malicious,MALICIOUS,11,0,50,76,3c04c92653b26434a744e4208b29fd36667ed862298698ed2c1314a42684e302
lyft-stats-5.9.1.tar.gz,2024-03,malicious,CLEAN,0,0,56,76,a09da8ffa57e6f286c9b7dab4214d00f00176afed78b92827603480bad1ba7a9
bipp-utils-1.0.0.tar.gz,2024-03,malicious,MALICIOUS,10,0,52,76,1a7e9e17cef53247f08e727e7e6019868d90cabd0c27955927909134552c708c
jupitercalc-0.0.4.tar.gz,2024-03,malicious,MALICIOUS,2,0,60,76,45ca22ccebfb6eebab195597552623783706eebc5a8bf357326b1fdc08931cd3
requiremetstx-1.0.0.tar.gz,2024-03,malicious,MALICIOUS,10,0,52,76,36da3eecbf1e4da195c37b70131a7640263ecff9297440a7f9293cdc4b2b0964
pjllow-1.0.0.tar.gz,2024-03,malicious,MALICIOUS,11,0,51,76,d1915d639dd09eb04c8fe8a6fec5c7255f6476023118209d04dbbb2c4b51f17c
capmonstercloudclinent-1.0.0.tar.gz,2024-03,malicious,MALICIOUS,10,0,52,76,133c027c3b86e6a8047d1837b8d1d8ff8a5004f7020f7e2ec7e02756d2053058
corlorama-1.0.0.tar.gz,2024-03,malicious,MALICIOUS,10,0,52,76,aee88e0e9b1a61c22a9be438a3ffed10d2a406a360580d8d571bb6502e171188
requesgt-1.0.0.tar.gz,2024-03,malicious,MALICIOUS,10,0,52,76,d536d02df3ac55f987b159ebf2a06201ea735396e40c6761f78ff3f1a34732c8
requiremments-1.0.0.tar.gz,2024-03,malicious,MALICIOUS,10,0,52,76,4f77c20c551411708738a7346b2e086295d11dac50865b8d349bb0543877577a
requiremnetstxt-1.0.0.tar.gz,2024-03,malicious,MALICIOUS,9,0,52,76,2b34e4e91cf962b9e6d6c4030e26e4751750bdcaf75e3d3e5956b6ef0ddc3920
tensofliw-1.0.0.tar.gz,2024-03,malicious,MALICIOUS,10,0,50,76,4087a15218b7048ef3e11c56f580cf61e0fbb0517134621ef079b0ea072d9561
schubismomv3-1.6.0.tar.gz,2024-03,malicious,MALICIOUS,3,0,59,76,7d46b400db37aaac3f070442db4f611cc17f287ae48eb48c7ac7f52cb53653af
requiremenstx-1.0.0.tar.gz,2024-03,malicious,MALICIOUS,10,0,52,76,ab66a274b4dcfb226275dc1bb1b638be939265319693546f8bfba51be98d72b1
BeautifulSoop-1.0.0.tar.gz,2024-03,malicious,MALICIOUS,12,0,50,76,5f353bdaad50da0451a45ec3ef94ec7ebebd3e48a4f3b4e6fccbe6a16781df1c
playwrigth-1.0.0.tar.gz,2024-03,malicious,MALICIOUS,14,0,48,76,c7e4bb791ccc116767f8f81b3b2b9180df4522af104a007813bc482fadb15d6c
customtkintrr-1.0.0.tar.gz,2024-03,malicious,MALICIOUS,9,0,51,76,e8df7c5afa9fcbc9eba291dacf26fbc5384c15cb26b71a8981bf14b8a7574cf7
custvomtkinter-1.0.0.tar.gz,2024-03,malicious,MALICIOUS,11,0,51,76,597ae73ff98ee2acf432ffeb8829800a65919cf288f392bccb80260b1b11a1a1
capmonstercoudclient-1.0.0.tar.gz,2024-03,malicious,MALICIOUS,13,0,49,76,7f6eb994d38c94701da7286e1f12caf3cd3ba7793d631365c5e1b5f1e1cc1582
requssts-1.0.0.tar.gz,2024-03,malicious,MALICIOUS,11,0,50,76,aa6f13d2284b03a93bc346e76708b0af2cd6a5abe1c776fde7b05e3e89b61187
tensoflouw-1.0.0.tar.gz,2024-03,malicious,MALICIOUS,9,0,46,76,4c0630d28faba9f121ebf06e91d4729af292d1fb45df274ee5ba2092cdff2b8e
capmonsstercloudclient-1.0.0.tar.gz,2024-03,malicious,MALICIOUS,10,0,52,76,efe354621e9ae24c5fb17f5a370f81e5141bfc258f71ca5dcd8e0d1a7bc91042
pirlow-1.0.0.tar.gz,2024-03,malicious,MALICIOUS,9,0,53,76,40f1dfc2d9f2eef065d4974f0db70dc05177cdabaace0953b40bd6a8d84ce055
PyTbrch-1.0.0.tar.gz,2024-03,malicious,MALICIOUS,10,0,51,76,91eb539e98b42b1cf36ed20fb004e75f9e3669acf36ccae53b4c49d410b973eb
colouorama-1.0.0.tar.gz,2024-03,malicious,MALICIOUS,10,0,48,76,29175f5069e2a782ccc08427f83646eb4081f1e91722160e2660dcb549b532ab
requetsts-1.0.0.tar.gz,2024-03,malicious,MALICIOUS,4,0,48,76,c74bd188c0eb339e715a840b0514cfeab8aacc294d45562c23afd8a9f917d5ea
requirementxstxt-1.0.0.tar.gz,2024-03,malicious,MALICIOUS,10,0,52,76,b13f7de1df775353c980a88f6289a13a21195f0c0ff84d3fd26d8d62fd043364
requirementstxxt-1.0.0.tar.gz,2024-03,malicious,MALICIOUS,9,0,53,76,8290c119ee43fbc2ed9c815aaa826f1d69bba410aafdcdb355792514f5429efd
requiremnets-1.0.0.tar.gz,2024-03,malicious,MALICIOUS,10,0,52,76,b98af16386a2c064a8d17fc4277fef1b1db3f866714fcff3f2f7e64a3b7bed92
capmonstercloudcliend-1.0.0.tar.gz,2024-03,malicious,MALICIOUS,10,0,51,76,ab8e49d4bda699ad096d19fbb0bc81f442af6b517c4c70dd0251d296d89e7670
asynciooo-1.0.0.tar.gz,2024-03,malicious,MALICIOUS,11,0,51,76,48ab5d7c089aa137aaaf5e51b28ef4876b9c2b50359b46e11fe5473263deaaeb
customtkjnter-1.0.0.tar.gz,2024-03,malicious,MALICIOUS,10,0,51,76,4702f47937b8d300b30b649d684d7253606dd42448b8a6bd42df3f7ae9be7d34
coloramah-1.0.0.tar.gz,2024-03,malicious,MALICIOUS,10,0,51,76,bfd694a93c4c50cf3b2e1f4fa0ab7c3026df20bd49617576b583e69619e03c40
tensofl9w-1.0.0.tar.gz,2024-03,malicious,MALICIOUS,10,0,52,76,61ac64f80ebca32e32ab517312d85495aed3b419d0d9599b1d787435a954a6e7
lyft-settings-5.9.1.tar.gz,2024-03,malicious,CLEAN,0,0,62,76,67317de9caf5af8805f7e601c47089374753c0a367592f95e5700c19f6b7bc51
py-cird-1.0.0.tar.gz,2024-03,malicious,MALICIOUS,9,0,52,76,d2eb3dd09528d23e27a20f833ac3f01a1882901cbae581986934d41f42f23ea8
py-cojrd-1.0.0.tar.gz,2024-03,malicious,MALICIOUS,10,0,51,76,d114f294d51c4c6971647698f40876395216c3b486eb3320de716ca76b962b7f
customtjinter-1.0.0.tar.gz,2024-03,malicious,MALICIOUS,10,0,52,76,51bdd5c05bf012e7f072bfafa08145f7ec8afb861fa28de9713753e297495655
Matplptlib-1.0.0.tar.gz,2024-03,malicious,MALICIOUS,10,0,51,76,039dae71a88c5d320233c68ff74fd38903987091698a0f44ed2babf3164781d9
coloramal-1.0.0.tar.gz,2024-03,malicious,MALICIOUS,10,0,52,76,13554a1abe54c921f5b293c980b1dc0791ffcea6e45bdb38af16acbd7677f710
PyTorbch-1.0.0.tar.gz,2024-03,malicious,MALICIOUS,8,0,54,76,bd745da5d6c57a02648eea55d642315a41558050386f6ca56b1044c9f3af9a91
custojmtkinter-1.0.0.tar.gz,2024-03,malicious,MALICIOUS,9,0,52,76,febb21ab4467aaec3d9515529f4bf0010a81fe3377b9718688d29c0ad046c5d1
requiremeents-1.0.0.tar.gz,2024-03,malicious,MALICIOUS,11,0,50,76,3debba4f0b2d16a7267d378313523d82fa9c277524f2a51da4b45c5a8fa2de06
PyTorchy-1.0.0.tar.gz,2024-03,malicious,MALICIOUS,10,0,52,76,b00e18b9563aa01ef7b68e11339b1d73bf773e47f785a817f2efc28e190add94
PzTorch-1.0.0.tar.gz,2024-03,malicious,MALICIOUS,9,0,53,76,d31490485716d76231fc31332ff901c7209af1cb14e8cd60fa44edf5f54a0617
Matplotklib-1.0.0.tar.gz,2024-03,malicious,MALICIOUS,8,0,53,76,1d2815e7f4fba356bee293e066d01c85a425990f0243a114d823285ecf949be3
seleenimu-1.0.0.tar.gz,2024-03,malicious,MALICIOUS,13,0,49,76,96319f6a8fea86053f17ccfbecfe7a41bba8452cee2d961798ec60216476e7b3
piplow-1.0.0.tar.gz,2024-03,malicious,MALICIOUS,10,0,52,76,140eb0715608eaa2056476271aef99799ff759ce1b5d441ce0ffa529d39f18c5
Matplotllib-1.0.0.tar.gz,2024-03,malicious,MALICIOUS,10,0,52,76,6359550fe722e8291de499d58875b74d9996b9c4b2545efc71844eb385c1bdf4
requiirementsxt-1.0.0.tar.gz,2024-03,malicious,MALICIOUS,9,0,53,76,74ad389303569c5aa80bea351eb7f54a87591616877a4f9e99bde40d13c5d0b7
requiremntstxt-1.0.0.tar.gz,2024-03,malicious,MALICIOUS,11,0,51,76,96a88b6bcb4360b105a1746f30993501972806a3edad06e4c379b96499d9e8b6
reqiremnts-1.0.0.tar.gz,2024-03,malicious,MALICIOUS,9,0,53,76,780ed23beda11f26530e2e2a00725c514f62f8ff23e12fd29e8105a40484b1fd
capmostercloudclieent-1.0.0.tar.gz,2024-03,malicious,MALICIOUS,10,0,52,76,f9876d94f7a5bb8a84820885a7dfaf22bb3cb445e9487f6b8e42b73406ee37da
custotminter-1.0.0.tar.gz,2024-03,malicious,MALICIOUS,10,0,52,76,c7b7c8b209de806240091ff29791110e5cb99cfa75c680b5150b1ac6574b80cb
requirementt-1.0.0.tar.gz,2024-03,malicious,MALICIOUS,11,0,51,76,79844d75be7774f5dac8bceba48c50c8fd611c8993fe2c4dfcf559a863118ff6
trnsorflow-1.0.0.tar.gz,2024-03,malicious,MALICIOUS,11,0,51,76,c627e9a7ab27082bfea8211ccd216f70983ed0fd8cff0da6c61f6babc3be85ec
Matplotvib-1.0.0.tar.gz,2024-03,malicious,MALICIOUS,10,0,52,76,00e9c30e328a422d2ad44a5d64a3fedbb50ed1d6b6fe24ac1c9b6d795d8b6c29
BeautiflulSoup-1.0.0.tar.gz,2024-03,malicious,MALICIOUS,12,0,50,76,5f2afa6ac83054763ca19332a7e49be73606d885bef77c20e5585c1bbb549505
cloroma-1.0.0.tar.gz,2024-03,malicious,MALICIOUS,11,0,51,76,68e7f8dc2cb9152368ec7dc65e9e005b3e668c22524d9e095ebfe04c561c6e8a
selenyum-1.0.0.tar.gz,2024-03,malicious,MALICIOUS,10,0,52,76,dbd85a012c413f0aeeea4544bae2fd716b1df5f21feec0646eee7e50c1861fa0
PtTorch-1.0.0.tar.gz,2024-03,malicious,MALICIOUS,11,0,51,76,21664d422a60f8d25f2ae14d91f436f4161db315f9ad92676ccb99d7630451a9
types-for-adobe-99.3.9.tar.gz,2024-03,malicious,CLEAN,0,0,62,76,3444bba7925b6f8079cc524b8b738bf2cbf29e25fa4dd2df31dad3078fb13e09
requeksts-1.0.0.tar.gz,2024-03,malicious,MALICIOUS,10,0,52,76,2ffd15b207cf4941bf677d4f08739b27bbdc9fcfa1ad5d3f5b3247e5c3ff8549
Sijplejson-1.0.0.tar.gz,2024-03,malicious,MALICIOUS,11,0,51,76,169c4decf356e881202cd24760ea54a3de3029dd33249699c79623ba32756c94
BeautifoulSoup-1.0.0.tar.gz,2024-03,malicious,MALICIOUS,10,0,52,76,2cb1a1ae22707533d63dbd94652cb13530e0530477a9d4e2556e2601e23e22a2
customtinter-1.0.0.tar.gz,2024-03,malicious,MALICIOUS,15,0,47,76,2ced671e57ad536411bceaf962470220c65cff26bbdaab4578ef946d7157cea1
PyGamse-1.0.0.tar.gz,2024-03,malicious,MALICIOUS,11,0,51,76,6970308832af655d202d5c99939656d553446f2c30d4b03b6f1bc79ce57ccec7
requksts-1.0.0.tar.gz,2024-03,malicious,MALICIOUS,10,0,51,76,6f952de7f6f1b68b32a9152a152e11245826eb04440e8d4ce56884e7af3b1c62
requesxts-1.0.0.tar.gz,2024-03,malicious,MALICIOUS,11,0,51,76,9d5dd153bf447fbe57bb8448af909a956409e5a29bc7837ab17be064a68cf8ac
p9llow-1.0.0.tar.gz,2024-03,malicious,MALICIOUS,10,0,43,76,bd0c99a54b6eb5c7488911471e177ab77f00fb8ddc5c280fc1b41b519f5a3892
coloramna-1.0.0.tar.gz,2024-03,malicious,MALICIOUS,10,0,52,76,42cfef9eebdafe82181c0a40cdf25a11f17108fe0d00f3fac09ef45f0c550d61
bip-u8ls-1.0.0.tar.gz,2024-03,malicious,MALICIOUS,10,0,52,76,6a4299914e60807f1c10da2dd6140bfceeaff3e7daf8c3fe16a7145f93a7477a
tensxoflow-1.0.0.tar.gz,2024-03,malicious,MALICIOUS,4,0,38,76,44ab742a4a676355076c2a9b9a97e2ed76f4cbc0b7327c6b2320403df55dc6a8
reqiurements-1.0.0.tar.gz,2024-03,malicious,MALICIOUS,10,0,52,76,e63f769e8b1c8afb417e895da5fe57bac01877abcf68d21974d64a8c48cc42df
johnhammondontop183-1.0.0.tar.gz,2024-03,malicious,MALICIOUS,10,0,52,76,4ce9485c2bd2cf0791268ea9c2f236eed498840a6b51133b312815c51b8a68a5
requiirments-1.0.0.tar.gz,2024-03,malicious,MALICIOUS,10,0,52,76,46fb1d86a1dc9498e1f93093fc86539fb95ea9b73e397152e865b773d35a380e
py-cofrd-1.0.0.tar.gz,2024-03,malicious,MALICIOUS,8,0,54,76,cf4623fd8e4a4ae4ae5eac87fe54faa0fc8d88104fede95508cf43252b890366
tensoflsw-1.0.0.tar.gz,2024-03,malicious,MALICIOUS,12,0,50,76,5fd3913c513ee1b913316c0b376a78716be9417441fa09046e930bad564731c4
playwrigh-1.0.0.tar.gz,2024-03,malicious,MALICIOUS,9,0,50,76,e538a57a000ced78101b247886463060939ba2a11ac69443dad84cc729120901
requas-1.0.0.tar.gz,2024-03,malicious,MALICIOUS,10,0,44,76,9115f79a6fbb11b6fe8258f1f35190d2474f1817d9d37a9ba2dac1a3d24be9c0
mle-py-connector-5.9.1.tar.gz,2024-03,malicious,CLEAN,0,0,58,76,eb6f53b757dc8b9dfc539f3d77902dfaa558cfd63d5e0747562ae1ef19de4541
requetsq-1.0.0.tar.gz,2024-03,malicious,MALICIOUS,10,0,52,76,761f274de9bcebe82ec959bdf60fbe8de760b2d5a0a35bb15eb8dd3a0d8b286a
pillox-1.0.0.tar.gz,2024-03,malicious,MALICIOUS,9,0,53,76,2e964008e600859074579c64588ce4355552f0fb993cba1b0619220041d20b21
customtkinrer-1.0.0.tar.gz,2024-03,malicious,MALICIOUS,10,0,49,76,3b26b6e762f7ed32c52fa617d63cc553f6f423aae28bfe9b5685b670dd26209b
py-cwrd-1.0.0.tar.gz,2024-03,malicious,MALICIOUS,10,0,52,76,871f8641ecda8600ee8d1052a93619f0225137cd279d137cd904d85572c614aa
playwrightt-1.0.0.tar.gz,2024-03,malicious,MALICIOUS,10,0,51,76,27de09b36b1bc4701ad5e05e8d9d729ebc6b0d1516a12156f3610a14d4da1415
py-cyrd-1.0.0.tar.gz,2024-03,malicious,MALICIOUS,10,0,52,76,182a1162483d5581739c13b6fe3ea0b2f91a91b0bf71b6cb4e9061d4723e3ccd
sparklog-0.0.1.tar.gz,2024-03,malicious,CLEAN,0,0,62,76,ea09d31484503d0886e25dd9efddd31d22ecc3d58487e5cd6a51b4d88ef1719c
coloramqs-1.0.0.tar.gz,2024-03,malicious,MALICIOUS,10,0,52,76,236abbf61705b90c9b28368c8efbad8a7da53d9a29663c7a59b83f3f9f1d324c
plauwright-1.0.0.tar.gz,2024-03,malicious,MALICIOUS,10,0,51,76,dfdb80ae167d41c5486c571d1fb8e1bb767e84a73293fb6b043174a62103bfd3
BeutifulSoop-1.0.0.tar.gz,2024-03,malicious,MALICIOUS,10,0,52,76,ce58b65348d22199cbed4bbbc6ae3a420bd7179abf258fa514505c9ad635dedc
pullow-1.0.0.tar.gz,2024-03,malicious,MALICIOUS,10,0,52,76,647b60124c95bc54bf5b74d5906bf75bb9188def41954a6ed889be72cbfa5312
business-kpi-manager-5.9.1.tar.gz,2024-03,malicious,CLEAN,0,0,61,76,d0f85291a836e4b2b30d579cf4144b223eb7a8eb64a2001cf606c55bb36120cc
pilloo-1.0.0.tar.gz,2024-03,malicious,MALICIOUS,10,0,52,76,7058c17ccf87b13bae50712cd7c054eb339bf5734cc49ad321a31b8d0980deee
aasyncio-1.0.0.tar.gz,2024-03,malicious,MALICIOUS,9,0,51,76,38029786907f8838fce123a3da79b8cb68e2d553d87469e21516e041cdfa39af
coloramxs-1.0.0.tar.gz,2024-03,malicious,MALICIOUS,11,0,51,76,f533b43d9fa290738fbb3bfaab7f4de5311a8a9430424697d43bbd20b52fba28
tensoflonw-1.0.0.tar.gz,2024-03,malicious,MALICIOUS,10,0,51,76,c250e386fb8bb9accea28329fb5175846b57b5bdb226407493149771240591d0
coloramxa-1.0.0.tar.gz,2024-03,malicious,MALICIOUS,10,0,52,76,dab027af9e87bcb02bf82d6eff6346c6939f94c17c38d6cf9ccefb30bbf1d14a
PyTorcdh-1.0.0.tar.gz,2024-03,malicious,MALICIOUS,10,0,40,76,6e5b35464258dd2aeee1390a76c32f17c4e5db102af9f95a6bd694486c3c2b39
custoumtkinter-1.0.0.tar.gz,2024-03,malicious,MALICIOUS,10,0,52,76,76b9b7bb077ef47bcf4ba75b12f7b5b267b4b9c43ec6cfe8499f7e24d03ec09e
selemiumm-1.0.0.tar.gz,2024-03,malicious,MALICIOUS,10,0,52,76,54765fe011cc416f26b0ede7148be4300de9ebaeb09a8040529b0df380d68a22
requekts-1.0.0.tar.gz,2024-03,malicious,MALICIOUS,8,0,54,76,ca72fc8c96fe31bd6fc61e282c81fe6f5f098aad6ae3b2b38a69b13dd345275c
requeqsts-1.0.0.tar.gz,2024-03,malicious,MALICIOUS,10,0,51,76,2556d80b7dfc9b0483905d3c8a50e3e85bdc60a9528d579d38e5194bbf4f539e
reqirements-1.0.0.tar.gz,2024-03,malicious,MALICIOUS,9,0,50,76,3ccfead9cbb5ec05f631c42d31a9086d06148a7b2853ace69a64db779cea9917
seleiumm-1.0.0.tar.gz,2024-03,malicious,MALICIOUS,11,0,49,76,8382377259f6465db0ddf93b0a3fea7bd5dbbcbf68183534b985674e43870164
seliniumn-1.0.0.tar.gz,2024-03,malicious,MALICIOUS,11,0,51,76,e8f700d1e501cbaf4b50375c06470e185a038173183f39f02ad90e1fc2537ba7
requewsts-1.0.0.tar.gz,2024-03,malicious,MALICIOUS,8,0,54,76,8a017f7b5218614252737fb22387bd11b5f82f24c727c8f6d2d03771ee25ba49
PyGmme-1.0.0.tar.gz,2024-03,malicious,MALICIOUS,10,0,52,76,6ef1f519cb1b0820bac2d9906c91c41eef6c8e1528ed82a9a31f5fc11ce6a9b1
sparklog-0.0.2.tar.gz,2024-03,malicious,CLEAN,0,0,58,76,4bf2eb40aac0299f7cd1880cf54eff4a52acb9231412e3f3c58b29bbbdff14b1
Matplotlpib-1.0.0.tar.gz,2024-03,malicious,MALICIOUS,10,0,46,76,beec72db801de934aa3e581c19c8164b8ef07f0481275fe8f843fc6e88ae36c1
Matplftlib-1.0.0.tar.gz,2024-03,malicious,MALICIOUS,10,0,51,76,8869a7b86271bac3f3965d03faae5bc31bb8ee859a4a32a1f54266dce322b03a
py-c0dd-1.0.0.tar.gz,2024-03,malicious,MALICIOUS,10,0,52,76,42b828ad9dde39699730e2bafdfacc13aa0059e8cf2cde7e6b2ea7a25727a855
BeaitifulSoup-1.0.0.tar.gz,2024-03,malicious,MALICIOUS,10,0,51,76,652238d37b74c337ab0416f3c98906e9c30b1b24d4c3bc8af86dac37ab336be0
customekinter-1.0.0.tar.gz,2024-03,malicious,MALICIOUS,9,0,45,76,5f8ea9871814925119502e6a3788600e2dbe2fe6e20a8a46a924172bad852004
requiremetstxt-1.0.0.tar.gz,2024-03,malicious,MALICIOUS,10,0,52,76,5e77ecae646a6762d6587c05bf5dc3135672bdc59c085d95aa6f51ad39a12759
PyGxme-1.0.0.tar.gz,2024-03,malicious,MALICIOUS,10,0,52,76,ae5f29ff14bdc37582adacb0f7736be71f3f12e7e71ae9502d48de2c0cbabbf2
plawwright-1.0.0.tar.gz,2024-03,malicious,MALICIOUS,9,0,53,76,ef05cec8997b0515221be7c4db16e71ecacd9f7626f2d1ea189223b971b69456
capmonsterclouclient-1.0.0.tar.gz,2024-03,malicious,MALICIOUS,10,0,52,76,007847a20d1a4e02e7726a237fab6fc1136031f4864a14df43c8dd3026fb1c81
capmonstercloudclent-1.0.0.tar.gz,2024-03,malicious,MALICIOUS,14,0,47,76,dd6913d657f4ff8349bc11b2e3487d4fb5f1f1454a3f5b2334e1e6c39ba378c1
py-cxrd-1.0.0.tar.gz,2024-03,malicious,MALICIOUS,10,0,52,76,7bbe1aee61bb62f4b5587f201174a7aeb749b5cb044c43a0a9e3f0578766f8fe
PyGvame-1.0.0.tar.gz,2024-03,malicious,MALICIOUS,10,0,52,76,21c725100402f7ff9e0fe9da2bfbdf460628e3ed41f05897f63c4a4d9af8e048
PyTlrc-1.0.0.tar.gz,2024-03,malicious,MALICIOUS,10,0,52,76,04178120073f466196abb65baac36ee554808916669bb5790c3e60cc113fa5f4
customtkihter-1.0.0.tar.gz,2024-03,malicious,MALICIOUS,10,0,52,76,1eb41d851957d8c3eebeb0d3e806619f7880a5a7ee66202354f7947276ce7662
cilorama-1.0.0.tar.gz,2024-03,malicious,MALICIOUS,10,0,52,76,1516f7f685add25efc4bb71d5284ed3ca90ea6d05cc999e59728d91ffe5b844d
PyGarme-1.0.0.tar.gz,2024-03,malicious,MALICIOUS,10,0,52,76,5aec9aac834eb94e63f6af72052cbdd4a220f6ab1759c7ba00cfbeb217e72e76
customtkiter-1.0.0.tar.gz,2024-03,malicious,MALICIOUS,10,0,52,76,c76e3098958b2e41cd16f0178044ed15ec719673b843d9a475d1d93e61148607
pilpow-1.0.0.tar.gz,2024-03,malicious,MALICIOUS,15,0,47,76,b5e1c23b9ff05b42ff38e5eaabefd5d13f1f4af5e4eef17584088edd1950b642
customtkinger-1.0.0.tar.gz,2024-03,malicious,MALICIOUS,10,0,52,76,ff3c62e95b436265df7bf4673ffb545f6c4e8e5e9b007560b4c82f4239b2e5f5
asynci-1.0.0.tar.gz,2024-03,malicious,MALICIOUS,10,0,50,76,26cbeb27a259a811ab2f289a172261809c233d3831505ca7d4aae5f8df0f69d7
tensoflomw-1.0.0.tar.gz,2024-03,malicious,MALICIOUS,10,0,52,76,31fa6a35acb953fe9e935c05f6834c61807050e86dd5d14b209c2575b43a8034
customtkintre-1.0.0.tar.gz,2024-03,malicious,MALICIOUS,9,0,53,76,585a09a97c4caec372e850d0bf0b5aa38ebd6aacd80169f15cea89f3540726da
requierments-1.0.0.tar.gz,2024-03,malicious,MALICIOUS,9,0,53,76,adcabaa9b9a094a7e7eb4acc06a15e1d0cf7155eb6afe83687b3afde04a4de5f
PyGazme-1.0.0.tar.gz,2024-03,malicious,MALICIOUS,10,0,52,76,9e8a6d20fe728f321f4f1138795921744f419adf3c4fea1dfec3b931e81942b9
selinum-1.0.0.tar.gz,2024-03,malicious,MALICIOUS,10,0,50,76,2766086c9346b12e610a77118e5a486633f9f38755895c24e4498c364e24d3c0
Matploptlib-1.0.0.tar.gz,2024-03,malicious,MALICIOUS,10,0,51,76,d567757f0c844d74207e1e3a627af10e0743260e5755a703699e04c6e45c6754
p8llow-1.0.0.tar.gz,2024-03,malicious,MALICIOUS,10,0,50,76,c5b07da08e1bfa501e47334caecdf6c350045b707246a5c2b9f6779daeee31e8
bupi-utils-1.0.0.tar.gz,2024-03,malicious,MALICIOUS,11,0,51,76,b58db59dbfc98be77632783561c07ac2311b580b849d7971a2fb53a1322b2ab5
selenniumm-1.0.0.tar.gz,2024-03,malicious,MALICIOUS,9,0,53,76,795f8d2c6a2c8749fc5892ebb19ea28b9a6edff4ae51faa95057f96fe5cc6510
Matplolplib-1.0.0.tar.gz,2024-03,malicious,MALICIOUS,13,0,49,76,d2b1d87f08f8e5e9561f5e1e49b6089d12565b3b21f05fb878155106104f9845
requestr-1.0.0.tar.gz,2024-03,malicious,MALICIOUS,10,0,49,76,d4a5865e38b08ea91ba0fbbc5442ba53afcdd8106003849c6df5a4ec05ebf18f
Matplotib-1.0.0.tar.gz,2024-03,malicious,MALICIOUS,11,0,51,76,ec50ce46e9e2729daa138454b51f57d25a5b56d719935187f32fccf1c4a71185
selemniumm-1.0.0.tar.gz,2024-03,malicious,MALICIOUS,11,0,51,76,8114a20c75ac5e894bb004151285b5f35dc81bb9e8949ed00dd07464bcfcf880
custumtkinter-1.0.0.tar.gz,2024-03,malicious,MALICIOUS,16,0,46,76,962efcd32c9614a7ae597c2c02e8f2788b99033f80cfd608b6901979f34227c1
rensoflow-1.0.0.tar.gz,2024-03,malicious,MALICIOUS,8,0,53,76,bb3a547022c748d8c000ba35ba60270a22ce0965347a67737f67c09baa4b12ac
PyTorcb-1.0.0.tar.gz,2024-03,malicious,MALICIOUS,8,0,53,76,0c9df2b4747c9013308cae87bb7cb371f12df6a63f911425a370b1fcb5c6009d
capmonstercloudcliendt-1.0.0.tar.gz,2024-03,malicious,MALICIOUS,10,0,52,76,965e87b2f465e2b3838c0bc14985bddb1299c79ef6ea521133405f57b36b0522
coloroama-1.0.0.tar.gz,2024-03,malicious,MALICIOUS,10,0,52,76,d0b4dda4392330da7334b5def625584d12a292d5414f7abe6204bbb543089769
pi-cord-1.0.0.tar.gz,2024-03,malicious,MALICIOUS,11,0,50,76,868cc70d5b38f90ef9fabe61c3624d8257bc855c57bd71c94474e58cdce8c4d5
Matpllotib-1.0.0.tar.gz,2024-03,malicious,MALICIOUS,11,0,50,76,c691df1a45a6b49b11c5b2b3dd92998bbe3603d111ec12a84d445965ed72989a
tensoflxow-1.0.0.tar.gz,2024-03,malicious,MALICIOUS,10,0,51,76,a5f522a3cc63e09d95b1da6d9c93ce1e0816c6dda5829d85a32bcc37b63d7122
colaroma-1.0.0.tar.gz,2024-03,malicious,MALICIOUS,9,0,53,76,8074563ff76605f90884cd57de4ea5e373ccbfd9fd7b0d22266641ed7b603dee
py-corwd-1.0.0.tar.gz,2024-03,malicious,MALICIOUS,10,0,51,76,4299fa86bf6d48ccfa8306377390593712a9e4efec5c68be51a1eaf74fd445fc
PzGame-1.0.0.tar.gz,2024-03,malicious,MALICIOUS,9,0,53,76,b4387ddb5acc27acf27a18c38a0386e991e4c9bd21da6702d1e305efa001edd7
py-cordr-1.0.0.tar.gz,2024-03,malicious,MALICIOUS,11,0,51,76,210c348db964d156529d6158b2c11879381ab8412ff27828ef9ae4fbbca7e4ff
PyGaeme-1.0.0.tar.gz,2024-03,malicious,MALICIOUS,10,0,52,76,93d5931afe3039b8f5d96f7b2945e16b3a699bd5d11a80fbcdd34c0c3f96e1a7
py-coird-1.0.0.tar.gz,2024-03,malicious,MALICIOUS,10,0,52,76,ac2e9e883e20fa5b558eed74e65f6b27e6bc50e12d2f554323161a2617eba676
bibp-utils-1.0.0.tar.gz,2024-03,malicious,MALICIOUS,10,0,52,76,0f388133c7040e58e0c8b4fc2f8284147b6ef38ecffd04675c24954759db7826
playwrihgt-1.0.0.tar.gz,2024-03,malicious,MALICIOUS,10,0,52,76,e593b7065c9946d8a7bc9117b1a3b3ade3f7893133cdd2fb4a16c1a98742f7a4
playwrght-1.0.0.tar.gz,2024-03,malicious,MALICIOUS,9,0,52,76,8a0012c9c8e80b195b4f3ca529370569c69f5385a002b0c51a594d73d4c0ab3d
capmonsterclouudclient-1.0.0.tar.gz,2024-03,malicious,MALICIOUS,11,0,51,76,04f0d9986447b9a38bb22587c066ab76515d90a98d0e4bd943e292513289c8f6
colormma-1.0.0.tar.gz,2024-03,malicious,MALICIOUS,10,0,52,76,7eb01b22f0f3b9734a5cee2f048f236985d3ec984572e4c1cbc181d8abf954ee
bips-utils-1.0.0.tar.gz,2024-03,malicious,MALICIOUS,10,0,52,76,9b97ba9d0e402a9f19d562b4849c580926850bf2f5d1eaff0c1b3c4834b1c969
BeautifullSooup-1.0.0.tar.gz,2024-03,malicious,MALICIOUS,8,0,54,76,eeb926cf15e2f7150d22cb72baaeb3961e8f356fd1d4c06148f076a1bc09943e
coloramo-1.0.0.tar.gz,2024-03,malicious,MALICIOUS,9,0,53,76,d4326ef807eecb3f86cad7807c73fad9301e3ab22b8efa485a9a8a2f7606e743
libcontrolverLGTB-5.50.tar.gz,2023-03,malicious,MALICIOUS,1,0,57,76,52441b2ce361d51d1ffcb4ae97436954fab46ad53032206283581a85d48d1d05
yelp-cgeom1-0.1.tar.gz,2023-11,malicious,CLEAN,0,0,62,76,31ca86431371c4081324082427050230011d4975021349978cad62f178d2f2dd
quasarlib-1.0.8.tar.gz,2023-11,malicious,MALICIOUS,27,0,35,76,78f65383a82aa2e7309610398a7e3a24113fcfc1d31f997426895cb5ac6421fe
rgbcolor-0.1.5.tar.gz,2023-11,malicious,MALICIOUS,1,0,61,76,46d118d6e8ee339dd03e35cbcb4495ed22cf3df5cefec8ba7eb01a37480eebd6
gptplus-2.0.0.tar.gz,2023-11,malicious,CLEAN,0,0,60,76,23cb0600b544a3b1621bf09f99d776135e5e52bbb862bca408e5bfd838b8d910
seleniumunclickable-1.0.1.tar.gz,2023-04,malicious,MALICIOUS,2,0,60,76,9b12dda2438af12f6511b6ed40afeb0d3a1c2cf87ad58182ee94ce652eb912d4
py-c9rd-1.0.0.tar.gz,2024-03,malicious,MALICIOUS,10,0,52,75,74eeb76c793505f76dafd1a3a55ae0c4fc66d92579e3ab8dc13debde22992a08
tencentcloud-python-sdk-3.0.959.tar.gz,2023-08,malicious,CLEAN,0,0,55,76,3241754d0f873d3cc1a708e70bc746f1f3120299288140d1c071ffe09ec3f86a
gptplus-2.2.0.tar.gz,2023-11,malicious,MALICIOUS,2,0,60,76,9db6d94e8152e6097bea366704a8fbfa882674888bec93b253abbf2defa0d773
discord-simple-http-1.7.4.tar.gz,2023-11,malicious,MALICIOUS,3,0,52,76,655457151505e32be250154415664e4d9803a5cc8975f456ca26c65e0dffa6cb
hsbcgui-0.0.8.tar.gz,2023-11,malicious,CLEAN,0,0,43,76,04de3879b068c8264bb931c64bde2c9a89f91ebeee822a4e0a07db5baae734c6
NewGends-1.3.tar.gz,2023-12,malicious,MALICIOUS,10,0,50,76,ca6ccf9bd6849a0dbe364d0b3df712b72e0e7f032beb3d480f6e12bc8bcd331f
testpackage2lol-1.0.0.tar.gz,2023-12,malicious,CLEAN,0,0,60,76,a8622f70cbfbb8b45b5817e081134757b6809edbcce1592208cb72e501046ff6
sGMM-1.3.2.tar.gz,2023-12,malicious,MALICIOUS,2,0,60,76,3060dccdfe7bc3d0b7a01d38e9683d3e2f65cc525e2ea49c8dc1f3122499d643
ef323refefeffe-1.0.tar.gz,2023-12,malicious,MALICIOUS,17,0,43,76,0edc8d8ac3257cf0b5cc6fd5842a2371c14a41b09f6313067ed8137a0539a59b
monkeyui-0.0.1.tar.gz,2024-01,malicious,MALICIOUS,2,0,60,76,8668dd55fae65be56252dab343d37550ff9d150c0ebf73182ba4bfd0616cc901
aio_http_proxy_support-1.0.tar.gz,2024-02,malicious,MALICIOUS,18,0,30,76,0f222f2e35c154454073c8dabdd01ccef51b451e5db81002c4cd99ae7c5899a6
mlp-data-product-producer-999.9.19.tar.gz,2024-02,malicious,CLEAN,0,0,61,76,7f89e401cbdd4eb744e25353984ec90937fb0b718556e44866a3aad85ec4f88e
http_request_query-0.0.3.tar.gz,2024-02,malicious,CLEAN,0,0,62,76,3d9b1de306b0108c828213294112573d9b939e698f314d6ba8dc54e589497fc1
async-dispatcher-1.2.4.tar.gz,2024-02,malicious,CLEAN,0,0,61,76,778c58706849f00d4e84c6e321cb236c70ef30c01d18f686b2addf6b289aa280
requeits-1.0.0.tar.gz,2024-03,malicious,MALICIOUS,10,0,52,76,e04401d5410b93f219c44af03e37a4a3c332836200d64a47c76edbe7b157ff34
py-cod-1.0.0.tar.gz,2024-03,malicious,MALICIOUS,10,0,52,76,03b4905f419c2020bc7dfb0dfec2326e5ce54ee4f4e117a8df4a93e3d67877d6
tensoflom-1.0.0.tar.gz,2024-03,malicious,MALICIOUS,10,0,52,76,5cfcc9838891bae6f6a17d6c76309aa52a5f5003569b2a4cdcb0ad7b6185c9f5
cuwtomtkinter-1.0.0.tar.gz,2024-03,malicious,MALICIOUS,13,0,48,76,3785c275c2aa796e6cdff21f158ecdd632764cba6273d43ea302cbeb68e84e41
PyGacme-1.0.0.tar.gz,2024-03,malicious,MALICIOUS,10,0,52,76,b8b41ec1a1250c6be4ba9cc1a4883809ff5b0c0a9cf6bfc82a5c91c7836f4206
BeaurifulSoup-1.0.0.tar.gz,2024-03,malicious,MALICIOUS,12,0,50,76,e41b74838c6406ccd55fcd345f05d27a47ffe3fe7b0fb71c33b00082d4696235
Matplotlub-1.0.0.tar.gz,2024-03,malicious,MALICIOUS,12,0,50,76,52eb6c21bab2c7c2bbaaeb071b898007e3e8e004b029f0fadca7d3ae95615357
customtkiyter-1.0.0.tar.gz,2024-03,malicious,MALICIOUS,17,0,45,76,c8d7ea627ce14bd4ad3e1070df16f7b076d8f89badb0ee9d391402e5f16a02cd
PyTrosh-1.0.0.tar.gz,2024-03,malicious,MALICIOUS,10,0,48,76,eb03b24e02c1608b0da8213a099d2c5d8ce9b239957e2ec8ad1eaf7969365116
py-corde-1.0.0.tar.gz,2024-03,malicious,MALICIOUS,9,0,52,76,cfcd72a3a117eba2aaf1cbe39edefa606c4cc74a19940defecf90c2b0e0febb3
insanepackage217424422342983-1.0.0.tar.gz,2024-03,malicious,MALICIOUS,9,0,52,76,2f2846f685fc8f9fa5484baf49bb58bb1814646988b80dcc1c63e97f82a9d2f9
