package,month,label,sha256,analysis_id,status
locust-swarm-4.1.11.tar.gz,2023-03,benign,5e124cbfa084e416e92377c5a9939c01eeda558dbab5752b915fe8d462ccd040,,completed
xtrack-0.29.1.tar.gz,2023-03,benign,ae4eaae3db4e73334c506f459ef52508cf9964a21169ca9404fa1de9664486b3,,completed
ihcsdk-2.8.5.tar.gz,2023-03,benign,12eb871b62eea9020898bdc629ce886d68da5110f6f9187b931cf116350226eb,,completed
sqlmap-1.7.3.tar.gz,2023-03,benign,ae7c62cae047edabac719ef0d5c142038d07fca8a69e77edb7162dac37fcc0b2,,completed
botocore-a-la-carte-route53domains-1.29.103.tar.gz,2023-03,benign,75bcc26528468bc7787eeb21a8a6d4ad8c03ed2592cfff7e89cb888cf2597f66,,completed
tencentcloud-sdk-python-cis-3.0.845.tar.gz,2023-03,benign,f718a8b78e734099942e3c4589bc531f741a1bec79afc47bfc2ab6d6befb94bc,,completed
lbt-honeybee-0.7.166.tar.gz,2023-03,benign,5eac3c3723cfd5c23313edaccb3fc46244309d2c1d047902698978e818c7732c,,completed
pysus-0.9.0.tar.gz,2023-03,benign,ba0a53e444d495a4a67e9db72c45547f6825bb91332a379a75637cd937bf5f0b,,completed
haggis-0.9.1.tar.gz,2023-03,benign,b0521cef8dcfdcb8f700b6b00d5eaeb13337d416bc2583777b4c7304206ed6b5,,completed
tencentcloud-sdk-python-privatedns-3.0.848.tar.gz,2023-03,benign,856196cd30280402b097b25277230425ae53228a69eb7d4ca41e5337680852c0,,completed
types-aiobotocore-quicksight-2.5.0.tar.gz,2023-03,benign,f5d78e97783ab2a8109a5d30b94a1082ee074518d1b2afe551f3d387e53b8d34,,completed
tencentcloud-sdk-python-lcic-3.0.851.tar.gz,2023-03,benign,e3b15b559ef263f47add31f6f357e29ecdb122e2afde317783c1aeaa06177e14,,completed
wodoo-0.3.111.tar.gz,2023-03,benign,c3fed81f8ff5f1a005a25311d0c4043a2b53c29d51c876198eebf4bd479b88cc,,completed
botocore-a-la-carte-cloudsearch-1.29.94.tar.gz,2023-03,benign,988db337619ca5d9ba1531835d987c2693d30763433dd91186048840ab57e6f4,,completed
aws-cdk.aws-amplify-alpha-2.72.1a0.tar.gz,2023-03,benign,609c14f4a63655b29386e69943d0bcced83fa80f933748efbc63201359205b17,,completed
sphinxcontrib-jquery-4.0.tar.gz,2023-03,benign,786c725715c2083c33333905aab0ad07a69582b5c22ebe9c46ddfc8256240765,,completed
MindsDB-23.3.3.1.tar.gz,2023-03,benign,c09804f9a5f758712eb0cd429bf213b58b108ed90df0a7e3b21d7a7e8f19073e,,completed
fractal_tasks_core-0.9.0.tar.gz,2023-03,benign,e5885fc9d1e7aea378e653352b5508016ac22f37efd24ff7bd74af06fd5d668e,,completed
Antares_Launcher-1.2.3.tar.gz,2023-03,benign,580620f803abdb86e940acdfb8dd25dd561eee79bf0dbec986045b211152f20d,,completed
botocore-a-la-carte-dynamodb-1.29.100.tar.gz,2023-03,benign,e648f92cb286ed4b4fdcdb3847bdcb40c5a330972a0fa36cfea8b8326f3ba5ce,,completed
DyaGram-0.0.85.tar.gz,2023-03,benign,d0a57ac8085d878d212eb0c89f08d0470de0615589319006458f91272a2e96c7,,completed
anduin-8.4.23.tar.gz,2023-03,benign,ac145557337756ebd3b4afe4eebfbed0af0b929e0f3c315550b22e7eb06bcfea,,completed
gym_csle_stopping_game-0.1.20.tar.gz,2023-03,benign,886950886e0c0c4f5333d4cdee1f2c61879ccd650f5ac9dcac49b8e97ea28c84,,completed
tyro-0.4.1.tar.gz,2023-03,benign,bee9c7cb0e515601c39238fe968e870786a00eebe0dc006092e6e25e8d6055ba,,completed
cdk-lambda-bash-2.0.316.tar.gz,2023-03,benign,f562d1dfb21fcfd940e888b4a08572caafe4aa118d8f74a1866d0015868ebb9d,,completed
tencentcloud-sdk-python-cis-3.0.862.tar.gz,2023-03,benign,21a4e42cc6d823cf48f88f390dc7ea853ca24319bb707b519e363f57f14e9537,,completed
tencentcloud-sdk-python-ump-3.0.856.tar.gz,2023-03,benign,8852ce581edaee9c30425f24b5f9456b17a92d0af00af3c3b5dc8a4e6fd4dcfa,,completed
streamlit-antd-0.4.4.tar.gz,2023-03,benign,a4e4bd571a98827fdf9249ab0b8e7ea0fe84a91959158c83bbf91491b54088db,,completed
honeypots-0.58.tar.gz,2023-03,benign,b0077b5620f4c7576a4bd93b80b61631b5bb2a134b3bf2dd1c3ce5a0f4608eb3,,completed
cdktf-cdk8s-0.5.5.tar.gz,2023-03,benign,ae192eed4a35d15a9b15efcda71e9cc25b9a20f24e8c01e1d1075f87143ea09f,,completed
SQLAlchemy-2.0.7.tar.gz,2023-03,benign,731a7e42b926702966a2afb49a4bf202751ee4a44a2ba5b5e82747ef84c43b4a,,completed
tencentcloud-sdk-python-kms-3.0.844.tar.gz,2023-03,benign,896a2ed01ff9e306bf7419772de424cf58cb43b40e6d588f843d27e833943e07,,completed
tscausalinference-0.1.4.9.tar.gz,2023-03,benign,b2135694aac1afe019cb4b77a5cac42ab0af1dd66e0b45c3e9a3b6b91ccbe01d,,completed
tiledbsoma-1.0.1.tar.gz,2023-03,benign,f1b09f13f27a3f7941d08b65f4f135bb51f8d44a2194ab253721629c6ade7a12,,completed
not1mm-23.3.9.tar.gz,2023-03,benign,23901e5ee2d8e154aa3c580c8208a274198e2477d0eb689b6c93929a9880f0ea,,completed
pyTooling-3.0.0.tar.gz,2023-03,benign,9eade20c31d93666b701ae89d360e2fce3c0b3bd3b56b1132f1b757cabee550e,,completed
mypy-boto3-securitylake-1.26.92.tar.gz,2023-03,benign,93a6f6550f74c6ce6e97e988da69a0219fce3be84907e4ced899005c98095cdb,,completed
meent-0.8.6.tar.gz,2023-03,benign,60875bbdb4dea49439532e258951b982e50ea49831e3ba5bc1d5f52b5d0b40f0,,completed
naruno_remote_app-0.50.1.tar.gz,2023-03,benign,48bd605d8aae3d15cf002c60d828efa6c528fcc2381f3518adc643e4914b63c4,,completed
aws-cdk.aws-xray-1.198.0.tar.gz,2023-03,benign,af2a2f5fad290bc99b619c71e06ce0c9ba7a42fda7788e0f2ce10891852eec2b,,completed
speakeasy-client-sdk-python-1.10.0.tar.gz,2023-03,benign,73ecba1b79fa2bfe1e6b2be608e316cc1b2f67c0827aeda09c43c4658eb5932c,,completed
ural-0.39.0.tar.gz,2023-03,benign,7c54c1c51b2814c2e23a4953e85e7fbfa441ceb7c4c2f9a4e5c5aa4450744d01,,completed
cdk8s-jenkins-0.0.241.tar.gz,2023-03,benign,aac38d19f47605e7dc85b9bc7beaf53c70523b4cca9aa2506cf6f869f25fe336,,completed
dbnd-luigi-1.0.12.8.tar.gz,2023-03,benign,810091d2d1e37133a277bc8efa37895d10862d231e826f79bfc501f8500e8449,,completed
nexusformat-1.0.1.tar.gz,2023-03,benign,375d0602be513c16c68091c90321a4b4a956dfcee3be11534700f88e563d276d,,completed
Flask-Security-Invenio-3.2.0.tar.gz,2023-03,benign,6c372d0c6b81cac9af50063f6084cf2a2ec435c08c42e3816f62d62ca1d2d48f,,completed
botocore-a-la-carte-sns-1.29.101.tar.gz,2023-03,benign,4fa4bcdd8f0b6cc68b4a1f8a8afe913b3fbf04bd76b0fe29e989dd63e7edae78,,completed
mthree-2.3.0.tar.gz,2023-03,benign,78a5f12dee1b4dbb3230b03bab6122d5212171cf13f7342e9b7b00a2b410bbe2,,completed
tencentcloud-sdk-python-clb-3.0.845.tar.gz,2023-03,benign,b1d663f121360829ef40f92042aa248e8a79921ffbcb53b705842faa2c75a94e,,completed
cybrid-api-id-python-0.68.15.tar.gz,2023-03,benign,ce11844136fcef27c44cd6ed90653720d71c171823f78b842370a70339ebf96f,,completed
python-openevse-http-0.1.39.tar.gz,2023-03,benign,2c468e844891682a39f629a3219bf4e06a13c7d8fd47b3786fd964ef921ff4b4,,completed
pretix-4.15.1.tar.gz,2023-03,benign,05580654c5046078c9670a2c9b5cf39d1a48d601362fdc5d083e9921fd632685,,completed
hh_applicant_tool-0.1.5.tar.gz,2023-03,benign,8fba5fcbdc08ad0e9137dc35200440e7c56ae37bdef31862b4be2f765639fb20,,completed
anduin-8.0.0.tar.gz,2023-03,benign,bd7c7a613454d6bec4e19f67027db80effe4bb8c8b45168c2d6ac9ee0d9bbd40,,completed
DyaGram-0.0.67.tar.gz,2023-03,benign,5d4c0df44034099166d798c4174edd94a2bdb3b3a06b9620cca598843dd42ad5,,completed
aws-cdk.aws-kendra-1.195.0.tar.gz,2023-03,benign,8dbb20dbba675b8c1ca1120d2a3382420054f0f884c969ea8b23852ba599470b,,completed
bytez-0.1.5.tar.gz,2023-03,benign,5c2e97da73792fb95cd055cd638f6059748289fede1adc373956fa2f2f022211,,completed
botocore-a-la-carte-s3-1.29.88.tar.gz,2023-03,benign,b77c06426e0aaa0bc2fc3936fee75f18f2785090314b894095303c5c15a483cf,,completed
ccxt-2.8.92.tar.gz,2023-03,benign,de020975657cc29583540b0ea8cf08ae2fb6a0309dba284a691e5ccc84a24da9,,completed
aws-cdk.yaml-cfn-1.198.1.tar.gz,2023-03,benign,ec9540573bd1be75bdfd4c3f3b746a8666759ad8628f69a44db5a30d93dd02b0,,completed
pepperize.projen-awscdk-app-ts-0.0.423.tar.gz,2023-03,benign,aa0091ca45f5fd640658b248d3fc5192f9e9bd1e6958b331c24b9d245930ed22,,completed
dagster-dbt-0.17.21.tar.gz,2023-03,benign,d6571cb48972075477c98bff8a2edd35a4615b1a2db1c66c62b293a970729ff5,,completed
types-tqdm-4.65.0.0.tar.gz,2023-03,benign,8c968e623ed196d605fdc89c03eb05f87d3e042f95268c3d982d651a135968c9,,completed
gardener-cicd-whd-1.2006.0.tar.gz,2023-03,benign,02023359b8922e1e101573adae925fdc157e41a23e0ba43081f747b7fe17c60f,,completed
recipe_scrapers-14.35.0.tar.gz,2023-03,benign,147c1a1700fa105057b54a71f7ff19cf26b538b128fe82f82ef6b7f0e537159d,,completed
ai_flow_nightly-2023.3.12.tar.gz,2023-03,benign,21c12d8f2fe6eb384a67bbc0718cc8fd754a95fedc65b9c0981fb88bfc03cf95,,completed
mpd-parser-0.1.2.tar.gz,2023-03,benign,7f6e6528afce8442d935a93b633db02e3ddf8c6c11f1df0e01d231d8321fd45b,,completed
spotRiver-0.0.66.tar.gz,2023-03,benign,5d1ca6c519518f2d8db92ab01a04d2f1177ab2c85f3ff666b0166018548c8435,,completed
hacktools-0.32.0.tar.gz,2023-03,benign,86361146ed042c3400716f009f48e939663a2e223efa92dd55ea800728611a23,,completed
dycw_utilities-0.7.6.tar.gz,2023-03,benign,288c87174e6ddad9fc6c2c1ef1074338f264805a94599ed100187a382e7635a1,,completed
tencentcloud-sdk-python-habo-3.0.863.tar.gz,2023-03,benign,0123e72be037c8a44d41eb586cf6c0d27aa4b34eb3637a0333e56ee430f2e12c,,completed
tweepy_authlib-1.0.4.tar.gz,2023-03,benign,874c31662b8105702279283d8628dd270c40e60d57818585f870b6102e2cc15a,,completed
botocore-a-la-carte-es-1.29.103.tar.gz,2023-03,benign,86da845082944872ee302f8a4fe987afb3c7b9968665ad4bff1f901ec0dd7466,,completed
google-cloud-binary-authorization-1.6.1.tar.gz,2023-03,benign,79354fd667ea0ec699c9718696c430fe00948030515617da301a9a215f0fcc92,,completed
tencentcloud-sdk-python-trdp-3.0.846.tar.gz,2023-03,benign,111e2141b0e33fa938d2c7746ea7d7fec86d3e3dc004c1c11b588be31e53e834,,completed
lusid-scheduler-sdk-preview-0.0.773.tar.gz,2023-03,benign,16e86d2f9d45ac850faef376d0d8c9adad96d3fc98e591f02bc86ad79f5cda5e,,completed
pepperize.cdk-route53-health-check-0.0.330.tar.gz,2023-03,benign,6abea478d1cb1727b9778174a2a0feae1fa6ed6e0abb64750295b593d6081946,,completed
flyteidl-1.3.14.tar.gz,2023-03,benign,6269100c04207c445041b16f7d311c4699081793bae9a06b8409a47e5e5b8904,,completed
mangadex-downloader-2.8.1.tar.gz,2023-03,benign,fa24d44c996ae4d0a7bb3e80b77df1ab65f07a177b9b294b291c4daaa1a6cfee,,completed
django-regex-redirects-0.4.0.tar.gz,2023-03,benign,4bf2b41f27f03295c5259f3cd44093eff486a3c2bab0dfb61885b29e930c89b2,,completed
tencentcloud-sdk-python-cwp-3.0.862.tar.gz,2023-03,benign,557f83dec3cc0bad27fd07f8890df14217fd82efe3fdc21e296566c4d5bceab7,,completed
sweetrpg-library-objects-0.0.187.tar.gz,2023-03,benign,85f2492d95f1bf546d13504765ae3fc1f59e97d2dbfa8a49ec098b9fd0eebbcb,,completed
botocore-a-la-carte-forecast-1.29.90.tar.gz,2023-03,benign,e16c1dc7fb6572d22e77317f3d2458a0cdea8512e315c79b4018fe31b6883ccb,,completed
botocore-a-la-carte-sagemaker-geospatial-1.29.99.tar.gz,2023-03,benign,747dca0292f5fc2b0bce604013bf6600568147f7e7b5368d6a12f6cd19beadab,,completed
tencentcloud-sdk-python-soe-3.0.858.tar.gz,2023-03,benign,475c70d47dfe0ee738e5a88377390a289987e2fdbfee23d7cbace45a4e5e6e5c,,completed
backend.ai-client-22.9.18.tar.gz,2023-03,benign,94ff7e01aeb994534b91617a44442833e500f54c255237d117d94ca6c8cd7327,,completed
tencentcloud-sdk-python-dc-3.0.860.tar.gz,2023-03,benign,6fcf1b941cbd211231ec57b79439975bd85e2b85ea782dd282158e5cb299d928,,completed
django-redis_metrics-2.1.0.tar.gz,2023-03,benign,98d0cfe6c55fc45e3399dd98975b76df3159f91aba6c341b1ec0da4b03c986aa,,completed
tencentcloud-sdk-python-sms-3.0.845.tar.gz,2023-03,benign,d0aa0360e4bd504fe5c5e5641239cd0d6e775251c49a02c64880646905f99e42,,completed
fastapi_filter-0.5.3.tar.gz,2023-03,benign,e96d92eb30e4ee917c036c9fba025e4451c77f516ddf79e2e973b91c08f95565,,completed
aws-solutions-constructs.aws-lambda-elasticachememcached-2.33.0.tar.gz,2023-03,benign,aa6cf216ed38e2f5dfef0ecd8dadb4df6cb391cbc8df339774b76d9de009f775,,completed
allure-pytest-bdd-2.13.1.tar.gz,2023-03,benign,70b6f88e412fbd84a38048c5a0c24fa7d35ed794b41cd9a76600c47b79578cf0,,completed
mapbuffer-0.7.0.tar.gz,2023-03,benign,60cbe7ec75d2dfdac1d57770f951ced23737a4dc12c301849a1f6b05e0c9c266,,completed
windmill_api-1.78.0.tar.gz,2023-03,benign,db0c19b3642e973e5def2bc460107f67dd0aa84b818abd63a639939bd5de97c3,,completed
botocore-a-la-carte-rekognition-1.29.103.tar.gz,2023-03,benign,23dce4b1396f98d9d1af63bf516345f8cce06359fd04b2995d518d3e73058c24,,completed
obsarray-0.2.4.tar.gz,2023-03,benign,d72dc746fad270e16e2ce9d47f20809c6e16ce7c2520416aecf352aca9740571,,completed
botocore-a-la-carte-backup-gateway-1.29.81.tar.gz,2023-03,benign,43b2eec09b580ec321601bfa142952016f64d20c87d96ab0aad1bc11e081a232,,completed
botocore-a-la-carte-workspaces-1.29.101.tar.gz,2023-03,benign,ba4a00c57d3255e0c7c5c777ee45488a2f726c150ab8125ed890633ebd04a24e,,completed
honeybee-radiance-postprocess-0.4.168.tar.gz,2023-03,benign,b1d3a782415a8a6e2e55a332b501540e12ce3e0f1a1e081a23ffa5e6345c3392,,completed
alacorder-77.3.9.tar.gz,2023-03,benign,ecbe4c97ce4405b0bce0b7512ca2db4286c44f243efe72dd25a2c487457f7b1a,,completed
renovosolutions.aws-cdk-aws-sso-0.1.130.tar.gz,2023-03,benign,a7940214c55c4628f04ee57ef1bf6566d8f2784ab13bb46685e501e6625bb9fe,,completed
dataquality-0.8.19.tar.gz,2023-03,benign,5a2a1783e4f76b8ed25d04191061067b137506cfe65573eff63698db39d404a7,,completed
aws-cdk.aws-kinesisfirehose-alpha-2.72.1a0.tar.gz,2023-03,benign,85b87e4c30b816cc03c30767043291756f082e4ebe3868f9ced0a7ae6aa2afb3,,completed
botocore-a-la-carte-mediaconnect-1.29.102.tar.gz,2023-03,benign,8b4a86ff9ba99c0a31ea3eeab538adbc70137da54c8ae5b17c45760b7f5d8168,,completed
tencentcloud-sdk-python-aai-3.0.863.tar.gz,2023-03,benign,062aa8742c5818e91c126da4b4129ff66d0dc44c16d423fba8a3140daedcd5f7,,completed
tencentcloud-sdk-python-tke-3.0.847.tar.gz,2023-03,benign,450b66890282f83db7c5af27c54c32a0bfc1a81df6c7f34be2f6762af3202ae2,,completed
aws_lambda_builders-1.28.0.tar.gz,2023-03,benign,82858864f82169b07bd69817866153e2bf35734a7a8e99586fce12fa3ce422c6,,completed
wafer-debconf-0.11.1.tar.gz,2023-03,benign,93c17a40fae2cedbb7335205f64302845fc40170526b5da674f0eeaafcee1e6f,,completed
botocore-a-la-carte-alexaforbusiness-1.29.93.tar.gz,2023-03,benign,2397dc06b59e08294eea7893b55c09f748b985c439f30b82b5f389c855b8d6d2,,completed
sampo-0.1.1.122.tar.gz,2023-03,benign,a453536182a823bbd21f08e62e4db16951e749479bc41b47ad91662139c24401,,completed
botocore-a-la-carte-sso-oidc-1.29.102.tar.gz,2023-03,benign,a0ce01f56d96de5ac0837fcb59aac15376ace9da03c4edb06b9209682812a3c1,,completed
gantry-0.5.9.tar.gz,2023-03,benign,6938d51fcbd425ac57ea568795260886b1b5db41f03d8da95a2df9d11e8cc471,,completed
nxstools-3.45.1.tar.gz,2023-03,benign,3db89a0deba3f0691fd61bb7a1060645f44fdd4429fc8015120dbf035e60bcb8,,completed
botocore-a-la-carte-sagemaker-runtime-1.29.93.tar.gz,2023-03,benign,b9c5b5c7f74f539cd220b1ed34ef81ee3a63668d15e3b0037b7ea98bca53d9db,,completed
deeplake-3.2.20.tar.gz,2023-03,benign,2d904c0f93b356f42a188971b07fc962554e52157bdd0fc0c2f420ffc1714270,,completed
fake-bge-module-latest-20230327.tar.gz,2023-03,benign,3745990bb4ce08df5991bf39591374d88f37edf9d2527e0b61a0a33f9773080e,,completed
edk2-pytool-library-0.14.1.tar.gz,2023-03,benign,489fd976f4bb626476498d72eaaf4bb8b9a798f8c19f6fe50476426bb5bc4328,,completed
botocore-a-la-carte-route53-1.29.81.tar.gz,2023-03,benign,6aa77bf64f47aec297276ce782cea803edc265bec70891b9ea07c52a4c846d80,,completed
tencentcloud-sdk-python-casb-3.0.850.tar.gz,2023-03,benign,d9d7aea07a755ef4525baf78db76b3eec94f2193212708de5d1e63132d3f6cf9,,completed
pepperize.cdk-route53-health-check-0.0.295.tar.gz,2023-03,benign,d903cc3e3a6e5fed20af6755e07373c608385ba8d39504f9e8807c062d401bff,,completed
boto3-stubs-1.26.89.tar.gz,2023-03,benign,7accb69f39ac145b05bce36614d20078f259d1c5276dc59442030c358908922b,,completed
crate-0.30.1.tar.gz,2023-03,benign,e238383d0d2ec6e24501682bf1747f9fc69e358b30716649d37393e1d0946ac6,,completed
spgci-0.0.12.tar.gz,2023-03,benign,81c527be614c963dca54541472421c254ded7256791791e6279bc4443fee91b5,,completed
lakefs-client-0.95.0.tar.gz,2023-03,benign,e862c83b7be04f3bcad6dc4b8736cffd98565485af135d9bd42bb77645067671,,completed
telescope_sdk-0.1.17.tar.gz,2023-03,benign,9d66029a67454bec7e20bcda9b479ca4242ab32b81058073627e6efcaeec470e,,completed
bigtree-0.8.2.tar.gz,2023-03,benign,9f2a94eb04481112dfb06b951dfde82962b71cee16e1047e84836d95e1951a08,,completed
arkitekt-0.4.42.tar.gz,2023-03,benign,85f96e5a0d67e5fa2792bd7b7bc9b956284f5108d64c163fd7f5cdc72ab5a816,,completed
botocore-a-la-carte-servicediscovery-1.29.103.tar.gz,2023-03,benign,a32f869e87e1bba272033807885d49cfbdac25fb02ee2c33801c4e02f42bd38c,,completed
pynitrokey-0.4.34.tar.gz,2023-03,benign,40283de03814c72d191928935a5c1ef7b26b7bfeee0e82669c48a8d49f66289c,,completed
cdk-ecs-service-extensions-2.0.0a327.tar.gz,2023-03,benign,91442045cdedf617c42886e22fe53de06cd7b735572018c18e82a6029e37a62b,,completed
frccontrol-2023.21.tar.gz,2023-03,benign,62ea86a507655dc38f8874e52c9a2a7912956666860d0a3a36552843e3cd978a,,completed
tencentcloud-sdk-python-redis-3.0.846.tar.gz,2023-03,benign,dbfe6f82bab46957d489cc6bb2777394b5434a290f344f4ad46dea8e9a509e3c,,completed
strkit-0.8.0a8.tar.gz,2023-03,benign,1160660f0863759f75f9f1d1e6df94f5dad19a507eb0cd027f0f1f0bbe5b4c8f,,completed
botocore-a-la-carte-snowball-1.29.96.tar.gz,2023-03,benign,e4611268eb3a69bce1a57520eca9f41887384f6d57d4573e74bf846b06fa028c,,completed
botocore-a-la-carte-timestream-write-1.29.96.tar.gz,2023-03,benign,0c10d68fd610befb86dab2a41efb2d74ad2212cf40f9684b4cad257e142c27aa,,completed
Japanera-2.0.0.tar.gz,2023-03,benign,851df474048fbf4ae64a1e4def35a5f8f423c70c793831404ac33bad5a8693cb,,completed
inels-mqtt-new-0.2.6.tar.gz,2023-03,benign,88937a5a23fba2c6e103b3c189fd61b9d4edd0cd73c19ee56df05958c9862e0c,,completed
home.tar.gz,2023-03,benign,c69e369413904102583ffb3dc8aa47ab0c9ace8ee6b464bde47820ce53380934,,completed
botocore-a-la-carte-alexaforbusiness-1.29.85.tar.gz,2023-03,benign,c734c1b8c07859cf322ac071cf3b1cc39b0a3e8b5398557a916323db633d905d,,completed
DLMS_SPODES-0.13.1.tar.gz,2023-03,benign,31b139230d73ddc4d168f0602b4dbcc9b08634e2ecc7ae0105c60d26324ed74c,,completed
transformers-4.27.1.tar.gz,2023-03,benign,6850fbcdc45203e3a3cd3bfa6d3afb044de924c14a27d5b4a75ec985e668df62,,completed
tencentcloud-sdk-python-gse-3.0.861.tar.gz,2023-03,benign,d7153c110bbfa324058228137eb4ae951fdc2b8cc7e1f92a86a86999a40cefaf,,completed
cdklabs.cdk-enterprise-iac-0.0.207.tar.gz,2023-03,benign,335034521b4787aaa079b2891cfc91769422df72ca99a9725140a1fae94da2d4,,completed
cdk-aws-discord-notifiers-0.0.16.tar.gz,2023-03,benign,29ac9995d0726919e63d78f6fb752e4b097fafe2286d6618869cf04b90291229,,completed
nbdev-pandas-0.0.683.tar.gz,2023-03,benign,874b57e8d348bf7e876730975884d7b3c3f7376981c0a8e4c4f9682606a93734,,completed
weightwatcher-0.7.0.2.tar.gz,2023-03,benign,66359a42d91d85e4688d0f992da7740a57a486ab20570d74ade1b1d66e836f8d,,completed
conjure-python-client-2.5.0.tar.gz,2023-03,benign,06331ee8a4e4e6f1a8c01f83698b6cd19986dcf50e0023234c1af6bd83fde3dc,,completed
nbdev-sphinx-0.0.647.tar.gz,2023-03,benign,1aa6f9640e7b5a14c1e11ae29024f13c2da2c19fed0b5d3ef778271e6f76c4bd,,completed
tencentcloud-sdk-python-acp-3.0.859.tar.gz,2023-03,benign,a763b03223e93bb6121b8082d131dc0cce33cb750b69c89b38519e81a49c3a7c,,completed
weaveio-2023.0.10.tar.gz,2023-03,benign,1843343894b21ca285c2ea978819898fb3248684de2b6640fc6794426c8d7700,,completed
pepperize.projen-awscdk-construct-0.0.447.tar.gz,2023-03,benign,059413b2fe0f6b0889a19c5544c9b92c7b109bba0b52f2359e7689ca53d3b4a0,,completed
tencentcloud-sdk-python-ms-3.0.858.tar.gz,2023-03,benign,6948fcbaae80d8dd03cf0ce132402895cc73590211b2047c213b768d8eb3c6b8,,completed
botocore-a-la-carte-pinpoint-sms-voice-v2-1.29.81.tar.gz,2023-03,benign,e72841f3a733feeb98d7e66261d587ea5c79c8582745737c2af279023bbf7426,,completed
stlib-1.2.1.tar.gz,2023-03,benign,994e65f2b1cbfdcaf062cee9a2481165b185648a1a33947cc30215366ccce7d1,,completed
anova_wifi-0.5.2.tar.gz,2023-03,benign,846046921a95f3b10e77b916e3a67b9c83983d8f58ce7844324815cbf58f7470,,completed
casanova-1.6.0.tar.gz,2023-03,benign,5092bd8382b2fd3c92af15404793718034349b8e72fa6fe873d193343d3bacbe,,completed
eir_dl-0.1.30a0.tar.gz,2023-03,benign,bd62d67be4124569c30095c01a7ba1ee28521b1e0f53c81d487c93c6a467c122,,completed
cornflow-1.0.2a8.tar.gz,2023-03,benign,8a7bd9419b48cb72105f75003ab05a9e0c827bf75a7cb14f80139c516c7fa2f6,,completed
lnschema_core-0.30.0.tar.gz,2023-03,benign,0d42b5b7902c20efed6e9a3f91c7be2ab45e379972a6a477878f6e7614ac45b3,,completed
langchain-0.0.106.tar.gz,2023-03,benign,33c3f45d44be4befa7f679210b0bc6d00704adf344344c59dfb03b1d82f2ea47,,completed
tencentcloud-sdk-python-eb-3.0.859.tar.gz,2023-03,benign,78665f746877c87ed123b6a94b4ba85782b9d8e4efa729b2dd48e1e14b403e87,,completed
wizata-dsapi-0.0.33.tar.gz,2023-03,benign,7e76ea86cc3589f474d89fd41fae623e75d27c64506d3b719ba6ee51665bade8,YzAzNTVlMjU4YzYwZjBmNDgzMmM1ZWZlYWM3MGVhYjI6MTc3MzY2NzM3Mg==,pending
backend.ai-accelerator-cuda-open-22.9.16.tar.gz,2023-03,benign,e3544c359a523af5cdecf41194755261bc897f4165ef6d8161747f735c9ab163,ZDAzZDIzZTMwZGU1OTRkMzIyOTM5NDJiNWRjMjk0YTY6MTc3MzY2NzM5MA==,pending
types-aiobotocore-network-firewall-2.5.0.tar.gz,2023-03,benign,28bf1e1017170308072d6abc8182d96a6381d1f1290072a25c1cab1e8010df16,ZTM0NWE2ZTMxM2FiYjRiZjBkNzFmYWY4OWI4MjU0NzI6MTc3MzcwODU0NQ==,pending
tencentcloud-sdk-python-iotvideoindustry-3.0.859.tar.gz,2023-03,benign,0a48e836c06723559d3777bb009a005f697a60ca7acc75ba193d570593b30c59,NTM5YzM5Mjc4MDM3MTc1MTg3MTc1NTI4Mzg4ZGU3Njg6MTc3MzcwODU2Mw==,pending
aws-cdk.aws-s3outposts-1.197.0.tar.gz,2023-03,benign,a44cb7ec8716268b4fdf4294d5cf64b40efdeee631ac1f1357474de39f82ed08,OGFlMGNmNzU5MDQ5YmZlZGQzZjVkZTVkYjkwYjVjNjA6MTc3MzcwODU4MQ==,pending
django-dynamic-datatb-1.0.20.tar.gz,2023-03,benign,1ef1e9691eab400d4cbd7ac78dab28d6dc8178c74d3ad3999c71cdf6e2b2792e,NWQ1NDdlMzMwYzVlYjhiZDJmMmQ1ZDQxZTEyYTk3YmE6MTc3MzcwODYwMA==,pending
diffenator2-0.0.6.tar.gz,2023-03,benign,f133de7ade68647b6d3d8f7587ecf6115ab71667fc74892008a025736e8166a0,MDVjM2RlYTMwN2M2NmYxMjljNTdmMmI5NjAwYWMzMmY6MTc3MzcwODYyMA==,pending
botocore-a-la-carte-lookoutvision-1.29.103.tar.gz,2023-03,benign,596f81239b3c03be15a50d426e58a409add1ece687597a60ca405ce6b602c9af,NzI5NWI3OGRmNjBhNDE3ZTY3NWYwMmI4NWFhZGVhM2E6MTc3MzcwODYzOQ==,pending
anova_wifi-0.6.1.tar.gz,2023-03,benign,444838155392d0f0cab45fd1b5fa8ce003438a964997824af441646d318cf0db,NmJjMjdkYTVlNDM2Nzc5MmRiMjk3NDMwNjM3MjE0NTc6MTc3MzcwODY1Nw==,pending
botocore-a-la-carte-sagemaker-featurestore-runtime-1.29.103.tar.gz,2023-03,benign,dce59b6c353bbf5c483a5a1e2c31bf57aec00489040554cc1c4fdb59a1c1fd92,NTM4ZTc4NWE4YWUxMmMwMmY4Yjc5ZDdlZDIzNDQyNjU6MTc3MzcwODY3NQ==,pending
idds-server-1.1.4.tar.gz,2023-03,benign,18c014a745ad0e410ce06190403fae7c1cad2ebde33895c534f1b83d3d6e065f,ZTE3ZmFiYmFiMWNkMGI2ZDk3ZDBkMzU3Y2NkNzQxOTk6MTc3MzcwODY5NA==,pending
botocore-a-la-carte-network-firewall-1.29.87.tar.gz,2023-03,benign,42c3c0f57413e137c0ce3b509c2c7bfb3c1ed74b07ee82aa35b5b0c3c82c84e9,NGY4NDJhNmNmYzhjMTExMmE1ODBlYTRmMTBjZWRhNDg6MTc3MzcwODcxMg==,pending
aind-data-access-api-0.1.1.tar.gz,2023-03,benign,7e11256fedaeefc08fe995f5ced7e8bb327308b6b3d70c3d11a8bfd1c77c0132,NmNiYjJkNGExOTIzM2U5NmUwNDg2OTllYWZlNGIzMWQ6MTc3MzcwODczMQ==,pending
sparksnake-0.1.8.tar.gz,2023-03,benign,efb6c0cc0b4f719c285d51f98b031f13a2cca52071040bedae75cef0bf9916b3,OTI1YzMwZjI4MTFhMWE5YzA4MzNlYzE1MjQ5Mjc5NjM6MTc3MzcwODc0OQ==,pending
asciinema-automation-0.0.4.tar.gz,2023-03,benign,be3479a2d55f584216cd664a35184822e105e893ce84cc70b87cc71e7bcd7bf2,NTQ5M2Q5MjRhNzA4N2I3MWIzNmU0YjBlODFkZWUwMjI6MTc3MzcwODc2Nw==,pending
reana-commons-0.9.3a2.tar.gz,2023-03,benign,a275fa02d0bfb97949128923bedb87283f66a04fac3f68f07567511807d99736,ZmRiYTY1NWVhYWUxNzU3MGMyNzFmMWQ3MTYzOWZjMDQ6MTc3MzcwODc4NQ==,pending
vocode-0.1.67.tar.gz,2023-03,benign,d8c39124e8853e133cf92ae82aed72f506d82e151745970f4bd1453f835f58ac,YTdhZGM5YjVjMmM5NGFlOTg0ZWIzY2NiYmEyNjBiOWQ6MTc3MzcwODgwOA==,pending
cdk8s-jenkins-0.0.218.tar.gz,2023-03,benign,aa053c45a8cd304aa7feb22f13d0dbde435a593d38f2905e6fc43fbf145dd1ef,NWRkODg1ZDc5Njg3MGNhMWZhNGY0MTVmNGI5ZWRlMjM6MTc3MzcwODgyNg==,pending
audiolm-pytorch-0.19.1.tar.gz,2023-03,benign,7cf8c54d40d8070742ceb02ba882c3f3b34339c95eece2a5a6a9b5364c078cad,ZWZmMzlkMGM0OGFhZmE5Y2NiYWM4MzhiOTZjNWVmMzc6MTc3MzcwODg0NA==,pending
supervisely-6.70.19.tar.gz,2023-03,benign,4ccca2f3bbaa9bccb971a6be62b7f7dc5ab5322b7fe8552bbff41f4934480452,NWJjYjAwMThkMjdhYTVlMjlmOTQ5NmIxOGI2YTgwYmE6MTc3MzcwODg2Mw==,pending
botocore-a-la-carte-proton-1.29.94.tar.gz,2023-03,benign,10bb370bc3c7f5ad0bccabe73beadbed293145463a6100171e08ce0175424471,NmEwMzI5ODE2ODkxZDY4MDIxZjI4Y2YzMTVlZmVjNWI6MTc3MzcwODg4MQ==,pending
csle_collector-0.1.27.tar.gz,2023-03,benign,398a14d457542245fbbab9096c285a6d4efa052ded8336240612692afd5382e4,MGM1OWI5ODA4M2QzMWYwN2Q0OTA2MDcxYzNiNzZhNzY6MTc3MzcwODg5OQ==,pending
pytest-homeassistant-custom-component-0.13.8.tar.gz,2023-03,benign,b9629c8847b73607650bc36466b77dba25b1bfed98ee8daf6de1964ee8a1ca9d,OWYyNDUzNjEzNTJiNDE4MmUyNzBjYjRjY2QxYzhjY2Y6MTc3MzcwODkxOQ==,pending
botocore-a-la-carte-cognito-idp-1.29.98.tar.gz,2023-03,benign,d26fe04e737a69fc7aeb0e6946076e1321309f327cac19826dcb79acac34d72d,ZmI0ZDQ5NTM4YThlOGY0ODRmZThiN2NhMWQ0ODBlYWU6MTc3MzcwODkzNw==,pending
pepperize.cdk-ses-smtp-credentials-0.3.207.tar.gz,2023-03,benign,146d27039e14a0ca9284f30742fb8a6c337af8dd91da419140550b25bfe86e1f,ZjNmODc3OGYwMmExNjFjMDc4YzljMmU2YWNmZjA4ZWI6MTc3MzcwODk1NQ==,pending
ypricemagic-2.0.5.tar.gz,2023-03,benign,a54f4fd4eb9dc005b164b2b9631148aee4efcfbcba2c38f5b1b008172cdf3599,ZDMzODcwNTg5OTNhODljMWRjYzgyMmEzMTM4N2M2Mzc6MTc3MzcwODk3NA==,pending
botocore-a-la-carte-events-1.29.85.tar.gz,2023-03,benign,6ea6bfc30967c5aa8a1a68a6e183083724c01f80da2c2d8cf8159464997247f0,NjVjZDg0YTJmNzUwODM4M2NjZjY0ZDM3ZDBiMzJlYjk6MTc3MzcwODk5Mg==,pending
tencentcloud-sdk-python-dc-3.0.844.tar.gz,2023-03,benign,66d1d62297fed49c3cbac854390ab74869bc55cf1b7549c0a6ffde57cf82c478,OTY1YzEyMDkzYjBiMmM2ZTU2ZjVmNjc1NTIwNDhmOTU6MTc3MzcwOTAxMA==,pending
TreeSAK-1.4.0.tar.gz,2023-03,benign,d6fab6b82639faae6879defe7af0948f58de724b54c212a0c0adc80db87f47dd,M2IzOWVjZjY2OTYwMGFlZjk5OWU0YjBkZWQ5NDM5NDM6MTc3MzcwOTAzMA==,pending
botocore-a-la-carte-cloudtrail-1.29.89.tar.gz,2023-03,benign,ac8363534348216c3c1a46af50e7d69ebb024e7b61e70f09b82395e059584cfb,YTAzMjM0MWEzZWVkYjVmZWNiODMzMjY1ZGM2M2MwZTU6MTc3MzcwOTA0OA==,pending
cdk-docker-image-deployment-0.0.197.tar.gz,2023-03,benign,415976b30d79f3d0d5944507f755889f8ceff6b1904990bb80ab6af5e73d03b2,ZjU0YzQ0NTk2ODZhMzAzZjU0YzYzZjFlODU3NTA4NDE6MTc3MzcwOTA3NQ==,pending
Products.GenericSetup-3.0.1.tar.gz,2023-03,benign,f855ae2592e705ddb30f9ba76cd9362fc71a67943c462efe1443eb2a1decd6b3,NjEyMDJhODdhZGY4Mzg2MDZmNzhlYmM0YjVjYWUyMDI6MTc3MzcwOTA5NA==,pending
housekeeper-3.2.7.tar.gz,2023-03,benign,1064e81c9c7fc4440110efc5219085ec06982cd289208d623f6012e0db8530b0,ZWYzYjhlYmYwYmNjNDJmYWVmMzhjOGM0ZjViOGJlYzI6MTc3MzcwOTExMg==,pending
pepperize.cdk-ses-smtp-credentials-0.3.248.tar.gz,2023-03,benign,0039fdc9d2bf6497a53d12e58f6aedff23be040947a44c53485aae09ac9f7aa8,ZjM4M2RhNDEwZWQxNzAxY2NkMGU2MWZlMTkyY2Q5ODk6MTc3MzcwOTEzMA==,pending
alacorder-77.6.7.tar.gz,2023-03,benign,92459aa1221037c6b20cc2ed4c8b2d3a35c15f483c84e1670962e22ca1c6c8d0,MDMzYmRmMmY1MjQ3YjViODY0MDQ1ZjVkMGQwNjE4Mzg6MTc3MzcwOTE0OQ==,pending
tencentcloud-sdk-python-asw-3.0.849.tar.gz,2023-03,benign,a9992e4f77b3b0b175635ed7cefeaf38fd212c2b4d4c4e006c79812c28f81340,NDRkYmNkZmRjYzNlOGM4YmZhNWE4YmY2MzlhNTNiZDQ6MTc3MzcwOTE2Nw==,pending
cdk-simple-serverless-2.0.299.tar.gz,2023-03,benign,68dc1e0cbf8386f0a9e48ff1e5ab2982ba0e6520503dcbe11db3563381f6b9dc,YzE0ZDMwOTQ4MzE2OTYwNDc5M2QxZTJhNTY3ZDBjNTk6MTc3MzcwOTE4Nw==,pending
netbox_storage-0.0.0.0.483.tar.gz,2023-03,benign,700c47289bbd4ad7d01f9eb04ebdf3604fbfe51f568a120dc368534c10e2a092,YzNmMmNhZWVkN2E3NTRlODM5ZTg3MmVhMjQ5MDU3NTI6MTc3MzcwOTIwNQ==,pending
notification_service_nightly-2023.3.22.tar.gz,2023-03,benign,a793fa50f1aeeba89265369c92380a2477f6f03767e0df4837dea53be87dc898,YzcwMGY0MmVjZjM2Njk0N2Q2MDMzNDdiZjJmYTBkMjk6MTc3MzcwOTIyMw==,pending
aiosumma-2.38.0.tar.gz,2023-04,benign,cee9a9228807f7c75dd0b0f4f3344ebf399db54ea9fe49d47cb336c7e0613edf,YWIyMjkxNWUzMmMxMjdlMTRmMjgzYTgyNmI2ZmQzYTI6MTc3MzcwOTI0Mg==,pending
always_updates-122.6.tar.gz,2023-04,benign,4ed4c40520a4ada0c3c8d49a5985a869883582537690e7337162bf46a305256e,ODY3ODA2ZGNiMDMzMDg3NTU3NTM5NzZiMzdiNTViMDQ6MTc3MzcwOTI1OQ==,pending
antsibull_docs_parser-0.3.0.tar.gz,2023-04,benign,17a3f9b7043239a7ffc1eb45fda91c370f1dd729f25358ae73d7dcf258ba954f,ZGQ4ZDc1YzI5NWJmMDRhMmRhYTJmMzM5NzMwMGVmNGY6MTc3MzcwOTI3OA==,pending
aodhclient-3.3.0.tar.gz,2023-04,benign,3d4a815f4f00dbaabb9189b1a1b27d1a81ba6b353eb6757daf66a090aabcd262,ZDFkMmY2NDgxYjA3M2FmODI2NWQ2ZDg5NTc1ZWQ3YjI6MTc3MzcwOTI5Ng==,pending
autogluon-0.7.0b20230419.tar.gz,2023-04,benign,bdae85d6b99ed8676b9ec4a0f1e8e42cf8d982aa983835cd4c02d5e7433ed1ed,YWE2ODdiNmExZjFjNDg5Mjc4MTMxYjlkZGE5NGY4YzI6MTc3MzcwOTMxNA==,pending
aws-cdk.aws-iotevents-1.199.0.tar.gz,2023-04,benign,fb4254acf6b50dbb7bb17d06a5da3f592db0e0a13ab4a83cd62222bd0e3a0e1b,MTJjZDE0YmQ2ZmU0ZTFlY2ViYjg1ODdhYjYwMThlMTU6MTc3MzcwOTMzMw==,pending
aws-cdk.aws-kinesisfirehose-destinations-alpha-2.74.0a0.tar.gz,2023-04,benign,96276c956ae7d77f4b2e133d34c3e54ee25678a753a8827089140869a2fbaef7,OGM2ZTUyZWNkYmQ1NzdiNjdlMTAxODg5ZjA0ZGY1MjQ6MTc3MzcwOTM1MQ==,pending
aws-cdk.aws-macie-1.199.0.tar.gz,2023-04,benign,2cae1894c9664b6898892141d20a99992f99deaf7aeecfa6b3f2786752219512,NGY0NTdkNzE1ZmQ1ZGI2ZmM5YWI2MjI2NTFhZDMwMTM6MTc3MzcwOTM2OQ==,pending
baize-0.20.2.tar.gz,2023-04,benign,42e5b22af29f019a86ad892799311836f60c025c0a367b1a259a6462a09d0252,OWE5NzNiZjhjOWNhYzYyMjE0ODE5NjkyODhiN2JjYjY6MTc3MzcwOTM4OA==,pending
bionty-0.12.0.tar.gz,2023-04,benign,e6bb4a4d04cd9453ee79b6d0f0facf1649cc9defbf13ac519da8237e01279cde,YmNkMDk4NDhiYWUxNmQyYzg5ODczZWIzNWM1OWE3NDE6MTc3MzcwOTQwNg==,pending
boto3-stubs-lite-1.26.107.tar.gz,2023-04,benign,0a1da526b686c87a1e1304cacfa4e42f89e0fb4cbd19ef4342bf88cdfef39dbc,OWVmODk1Y2I5Y2E4ZjIxNzVhYTBkYmQ4MTRjNmJmOTI6MTc3MzcwOTQyNQ==,pending
botocore-a-la-carte-appflow-1.29.116.tar.gz,2023-04,benign,94af19dc12f015bff5d6e47caf4fc0fbe124349e095d74c325e25ea2b2abf69f,MjE1YjA2NjVjYWMzNTU2ZDE0OTJjYjg5ZjRhMWU2ODM6MTc3MzcwOTQ0NA==,pending
botocore-a-la-carte-autoscaling-1.29.114.tar.gz,2023-04,benign,1af70dfdc2dd358a5963859d9db5ffa86b08b6c893aae0b8e1f72f862289db7a,NTU4MzhmYjI5ZDEwZGVlZGE4NDBlMzdkYmFiNWI2NGM6MTc3MzcwOTQ2Mg==,pending
botocore-a-la-carte-clouddirectory-1.29.107.tar.gz,2023-04,benign,f6c1583a9d645425ba42324366627224192459d8af8e638b1f55c6b35497f5d4,ZTc4Y2M2MzNjMTA2MzMxNWJjYjQ4M2FlZWNjOWRlYzM6MTc3MzcwOTQ4MA==,pending
botocore-a-la-carte-cloudsearchdomain-1.29.106.tar.gz,2023-04,benign,34285456369bc17514f57c1261395b6d9003bfdcc69b4d0897ce94cd69943bbe,MmNmZWVjYTcxMDY0ODUyZjE2YjU4ZTczOGEwYWU0NmU6MTc3MzcwOTQ5OA==,pending
botocore-a-la-carte-cloudtrail-data-1.29.116.tar.gz,2023-04,benign,c7f553dbc9de292e4d642a7d3604a987da4747394123a39bfa52f4f8522e49c3,MGJlYzJlNjdmYzljZmNjOWQzMjZiZTE1MGRlODQzZDU6MTc3MzcwOTUxNg==,pending
botocore-a-la-carte-cloudwatch-1.29.106.tar.gz,2023-04,benign,9ab2d064ea06ca75aef66f5f6ad2f7a204ffd1f60fd0be80cd5d16daafdff3e7,ZGI0NzE1OTdiM2VmMTM3ZjUzNDcxZDc5YWFkYTc4YzM6MTc3MzcwOTUzNQ==,pending
botocore-a-la-carte-dlm-1.29.115.tar.gz,2023-04,benign,9fa5b80da9680e2e4503d40f2f8923e5321ee4a3b093e2aac3643905af509c3e,OGQzZDljOTcwZjVjZTYxNmE5Yzc0NDBlNDliYzAyMDc6MTc3MzcwOTU1Mw==,pending
botocore-a-la-carte-ec2-instance-connect-1.29.105.tar.gz,2023-04,benign,3aa30230739650f5eab5eb4530f130052a232e81e9bce01c444142a48a10a5b7,MjMwYzJkNmFlNzg0ZDk0MTEzNjE4YjdhZDgxMmQ2ZDE6MTc3MzcwOTU3MQ==,pending
botocore-a-la-carte-glue-1.29.118.tar.gz,2023-04,benign,c507b4f3fd720fe71e45493ccc45f3d7a3ce1d01ebc48e38a2d91399c40b17a7,ZmI4MzJmM2YzZmNmMzdjZDU2Y2NkZTE4MWMzMTU1NzE6MTc3MzcwOTU5MA==,pending
botocore-a-la-carte-iotsecuretunneling-1.29.115.tar.gz,2023-04,benign,4fe3367f687e9e72f6940e226f3ea847d3eac93496dbd46aef35fea8fa6e9732,YjAyNWM2OGRhMDJmOWFiYTE3OGI3MThhZTVmYTQwMTk6MTc3MzcwOTYwOA==,pending
botocore-a-la-carte-ivs-realtime-1.29.119.tar.gz,2023-04,benign,9989496c0433a63e804665faf3ee53a30598530666a8a7f3286a661be68f0a7e,ZDliOTI5NzFlNTg1NWI4YTYzOTM3ZDdkMjMxYjRmZmI6MTc3MzcwOTYyNg==,pending
botocore-a-la-carte-kendra-1.29.104.tar.gz,2023-04,benign,0bda4fd6f4eeb3d20c9b552a9d60eb5c2bb4a4fe4944e5e7bc66c7f8efa1717b,MDc4YjJiYTE3NDkwYzhmMzM1MGUyYTljNzY3MTZmYzk6MTc3MzcwOTY0NA==,pending
botocore-a-la-carte-kinesis-video-media-1.29.115.tar.gz,2023-04,benign,1eeac208fc0f9716da1ebb9ce02ae4942c1338d03453d42f76b9203eb368c97f,NzEwMTA5Y2NjYTczODc4ZTdhZjZhOWMxZDcyNDExMDI6MTc3MzcwOTY2Mw==,pending
botocore-a-la-carte-lexv2-models-1.29.114.tar.gz,2023-04,benign,c5be5490a464f2d7a5c404f8a528641ec044c9dd11fedea1853cb0ad7585e7f5,Nzk0OGQ2MTZlMmVhZjQwZGQyM2IwYjhmNmRhN2ExNTU6MTc3MzcwOTY4Mg==,pending
botocore-a-la-carte-license-manager-linux-subscriptions-1.29.109.tar.gz,2023-04,benign,1ea095d3664c9cfb30daf8abcbd7d3321dd2e2220809bfdedd2e5b8775af2cb6,MGJhNWZkNTQ5NTZkOWM2ZDg3MGZkMTkxNmNjZDhlM2E6MTc3MzcwOTcwMA==,pending
botocore-a-la-carte-macie-1.29.117.tar.gz,2023-04,benign,37c9941540391f7fda5c9d6770e0090067d741525f8f6ea166e1ec0863cedad6,ZGNlMWQwOGNkZjdjNTFiODQ5NGZmNDNmMTM5Njk0NDY6MTc3MzcwOTcxOQ==,pending
botocore-a-la-carte-migrationhub-config-1.29.106.tar.gz,2023-04,benign,1ac23cb3e0a384daa6fd7c8eb5b967ef5c867b57c9cfa041f6abc089d936c2a2,OTRhNzg4YzRmY2QxMWRiN2Y4YjIxYjdmM2QyYmNjNTY6MTc3MzcwOTczNg==,pending
botocore-a-la-carte-organizations-1.29.109.tar.gz,2023-04,benign,d1f7a35169dc071eb08c658b9adf0c61f18705b286f85c0dc0b2d6d8b79eeeed,OGM5ZWYwMmY1ZGVlNzcyMzRlNzJiMmE2OWFhMmQzNmQ6MTc3MzcwOTc1NA==,pending
botocore-a-la-carte-proton-1.29.115.tar.gz,2023-04,benign,58cf04d963d164318e8d9df6a7b0f742eef543ec55705efb5f460e3d1938006d,OWM1M2Q0ZmE3OTdmOWU2MjQyYjA4OTcyOTdmZDVkMDE6MTc3MzcwOTc3Mg==,pending
botocore-a-la-carte-ram-1.29.111.tar.gz,2023-04,benign,d589a7f9e20de610b799878398d794a1e12f84b71747aca7dff4c9bd44ab3327,MmQwZjU1NTY1ODM4Y2UwNmQ3ZDE1NDI5NWE4ZGE2ZjI6MTc3MzcwOTc5MA==,pending
botocore-a-la-carte-rum-1.29.104.tar.gz,2023-04,benign,293c2a668fbf771067d4c348f8479ffb10fe354927230b3a1ceeddc981f76a7a,OTJlNGZhODI0ZWY4ZTcyNmI3YWQzOWFjMDhjN2RlNmQ6MTc3MzcwOTgwOA==,pending
botocore-a-la-carte-sagemaker-edge-1.29.117.tar.gz,2023-04,benign,a7dcf0c15c88bd55c99b1a37d0e49e3c3e983611e927c394467d0d518509c4fa,MzUxZDBhNDJmNDdmZjk5MWMyOTg3MDE2YjMxNjU3NjY6MTc3MzcwOTgyNg==,pending
botocore-a-la-carte-sso-1.29.121.tar.gz,2023-04,benign,1a59cf9eaf8033b115ad022266675dfba6de34469602904c802d378c14f6f1bc,NzMxNTFkNjA0ZDEwYWVhMGZjOTlmMTYwYWU0MTJlODY6MTc3MzcwOTg0NA==,pending
botocore-a-la-carte-sso-admin-1.29.122.tar.gz,2023-04,benign,a8afc159fc56e1b4210f7443656854486b650dd1390a66deeec7d8f01b5f6f8f,ZWRmN2VjZmNmM2JkYzgyZDhjODI3MjFhY2JhNTkzODk6MTc3MzcwOTg2Mw==,pending
botocore-a-la-carte-sts-1.29.104.tar.gz,2023-04,benign,a772fbff3a37754f8b70cf60ea904efee35c06987fc2cc14555e8a0a6d390c8f,YzA2YzJkZjRiYzQ1OGE2M2IzYTdlMzBjZjgwNzhiMDk6MTc3MzcwOTg4MQ==,pending
botocore-a-la-carte-vpc-lattice-1.29.108.tar.gz,2023-04,benign,8088cd041aa3ebd22e0407244cdd804d8c22a2eb13b42c42cc701a5c0af505a1,NTQyYzA4ZTQ5Yjk4MDBmOTJhYWM0ODQ3ZGRlYmIyY2Q6MTc3MzcwOTg5OQ==,pending
botocore-a-la-carte-vpc-lattice-1.29.111.tar.gz,2023-04,benign,56b317a433fd51160ad4d25cc0c371ae728056e0ce96264334d91319cf4158fb,ZDM1NmJmMmMyMjA0NmM2OWFmNDgwMjRlMGMzODBiODM6MTc3MzcwOTkxNw==,pending
cdklabs.cdk-ethereum-node-0.0.171.tar.gz,2023-04,benign,2c844aae750cf848ee7f2f5e2c6b1c779926c540c6219127f4458e55e64559ae,Mzk4YjM1ZjFmN2ZlMDVhNDE4NDU1MTcxODEyM2JjYWU6MTc3MzcwOTkzNQ==,pending
cg-29.0.1.tar.gz,2023-04,benign,0bf75efc41aa74565efc4858e204a81edf40f82bf41f8ce207e330196c2a2df4,ZTVhYzAwYTJlMDU2MzgzMDFjMjdmOWI5N2U4MDgyOGM6MTc3MzcwOTk1Nw==,pending
crunch-cli-0.15.1.tar.gz,2023-04,benign,c490669390af6c76f8bc8e0b74f72b467d4e695d18be609439bd2791091da9e3,OTA2NTdjY2E3OWQ1ZTI3M2U0ZmE1MGQxZmQxOWQwNWU6MTc3MzcwOTk3NQ==,pending
csle_attacker-0.1.28.tar.gz,2023-04,benign,2bf92ffcd953b1b7dff57f133f2b865409958a93c99ab2f2e97381fa3e9800fa,NzUwOGJkMDkxZTc0NjM1MjhkMmY5OTM0Yzk1MDFlNjY6MTc3MzcwOTk5Mw==,pending
dagster-duckdb-0.19.1.tar.gz,2023-04,benign,e3704283f3e2157f24ed8d2432436e2b04059a9c543203ab3da69745fd90ac59,OTAwNDQ5OTBiMmM3N2E0NzllYWE2ZmExZDBiMzFkMjI6MTc3MzcxMDAxMg==,pending
dbnd-aws-1.0.12.12.tar.gz,2023-04,benign,81271629ca2d1321450b523432c390794cfd996ff0d94611fe34464ccd749e86,NTFlNTIwMGFlMGY0NTYxZDZmYzM1NDE1NzE1OGRmY2M6MTc3MzcxMDAzMA==,pending
dbt_feature_flags-0.5.0.tar.gz,2023-04,benign,3dcedd638cc1b908fadffd1fbb3870c69b88b4b344ba824851e98b6bcb309cdc,ZjYzMTJjYWFmOTFiZjkxN2FjMDk4ZTRiYzhhNjhkMDM6MTc3MzcxMDA0OA==,pending
django-admin-site-search-0.3.1.tar.gz,2023-04,benign,00d926e3df72f62ec78ee1802bd16506ab391329c3205b77b9dd87522e0e7e63,NGVlYmEyZjAwYzc3ZmFkZDQ2YjNhMDhlZDJlZGRlMGQ6MTc3MzcxMDA2Ng==,pending
django-snowflake-3.2b1.tar.gz,2023-04,benign,928cfe07c9e75e49a81f9a445064ee2c28d26f65d92521b2c31015fade813f4b,NTNhYTFjMzE3ZmZkNGI3YTUwZTgyODc0Mzk5YTBhYTU6MTc3MzcxMDA4NQ==,pending
DLMS_SPODES-0.19.3.tar.gz,2023-04,benign,94479753afdb3b79b2a0a9bd993ebdb11b2f6ad0244e38e22a3b85a9dc499bcb,YjBmZDI3YmMyMjk5MGIzMGMxMTA0NGYzYTEzODYxYTQ6MTc3MzcxMDEwNA==,pending
DLMS_SPODES-0.24.4.tar.gz,2023-04,benign,1d7ca12529087617963d3a13c6c6747b01daeaee4531750c359d9944820bc6a3,ZmVkZmFhYTM1MDY3ZDdhZmY3NDYwZDJiODc1NWE5Njk6MTc3MzcxMDEyMg==,pending
dxsp-1.2.4.tar.gz,2023-04,benign,8818f17fc984708844128c82315a7b9c0448909fe0e0f6e25d4c193775e2db2e,N2RjN2U4NGEyNDNjMDlmOWQ4NTgyYzQxMmYzZGZmNzY6MTc3MzcxMDE0MA==,pending
dxsp-1.4.3.tar.gz,2023-04,benign,faf5089e34a3a878ee33ec1397e062bf5fc0145af054027805386c5fe67f63e6,ZGMwODVmMDNiYjQ0YmE4ODI0ODFkZTdhYzBhNzQyOTI6MTc3MzcxMDE1OA==,pending
DyaGram-0.0.154.tar.gz,2023-04,benign,c7709fe85f7680489afe8985a9b403b69a9b7e21a05160ec64103315157ab7df,Y2QxNjJkZjM0MDliZjI5ZDAzZDk5MTE2YjIwNTkxNTI6MTc3MzcxMDE3Nw==,pending
enum_properties-1.5.0.tar.gz,2023-04,benign,989f028864d5942c7207d94b56c7026fae20ff66691e36bb3757e5866ba36b6a,YjExMTM1ZmM3MjEyMDZkZGExZDJlMzU3MTYwNmNkNjU6MTc3MzcxMDE5NQ==,pending
FlashGBX-3.23.tar.gz,2023-04,benign,32cd0e9c909a8c7375de50ca350a4075c98554d68c9f87981397fe6dc05e56a2,MWI5YjE3N2VjMzNlYmEzMGNiMTA5OGU5N2I0YzVmODM6MTc3MzcxMDIxNQ==,pending
flytekitplugins-ray-1.6.0b0.tar.gz,2023-04,benign,aa4e1a1e1ef4add4db07c2fb80740823848be3adf8d959a63007611352e9112b,M2EwYjAwZTg5ZTNiYzY4ZDk2MjM2NWZkYTBmYTE2MjA6MTc3MzcxMDIzMw==,pending
frccontrol-2023.29.tar.gz,2023-04,benign,67289e9a9c990f86d95dced09eea07826edf949cec7d700bfa436d9fc713f960,ZmQ3MzQyNmU1ZDFjZmRkZjAzMzRkNGFlMzgxNzdmNjY6MTc3MzcxMDI1Mg==,pending
gTTS-2.3.2.tar.gz,2023-04,benign,7ce3ad698cbfae319e4fa4b4694fa1ba829a85a0946ee991f619c84c5a173db1,ZDQwM2Q4MDY4MThjYjgwYTEyZTAzYzZlNTA1M2UzMjM6MTc3MzcxMDI3MA==,pending
hdn-research-environment-1.5.0.tar.gz,2023-04,benign,6c34b73017af2e1bf294999a37e60b82eca82d2809d1ba592ded69cc386a8473,NDMwM2YwMjY3OTllZTQxYTI1MTc3YmYyODc5OGY4MGU6MTc3MzcxMDI4OA==,pending
hera-5.0.4.tar.gz,2023-04,benign,b94774250e89d59fef62628b28ce0cb4dbf20cddcd3e9e07fef8e777caa66581,NTRjMjQ5NzI3M2JjZDIzMWEwODgyYjZjOTg5ZWRlODQ6MTc3MzcxMDMwNw==,pending
httpx_auth-0.16.0.tar.gz,2023-04,benign,28e8ed97e87467f801d7dbee1adbe2776721b7897fc58badd043b2408b012736,MTU4ZjgxNDQxYWU0NTIyMjg4OTQ3YjNhMjVhMGIzMjA6MTc3MzcxMDMyNg==,pending
hugg-0.0.80.tar.gz,2023-04,benign,5c48694394cd8ce6c7f01fa07d84e78c99dde31ea81e80196d9c6e7556715443,ZTBiY2Y4ZDY2YzM3ZmFkMzJlM2MwN2U4MWVlMTVkYjI6MTc3MzcxMDM0NA==,pending
iam_actions-1.2.20230412.tar.gz,2023-04,benign,0093248944aaffaa2a7ea848a25d13fc2d07ea4482f9d0e49637bc9ad631b8a6,ZGUyZjY1NGU1OGQ2MjU4Y2M5ZjIyMmFmNTIxMTA1ZDQ6MTc3MzcxMDM2Mw==,pending
jax-dataloader-0.0.3.tar.gz,2023-04,benign,983afb41f751458835beb545c8db4f274096dfe4cc85576bbadb069dffbdeda0,NjEwZmUzNTNiNGYzODRlY2I1NTA4NDEwMjRlMDQwYmQ6MTc3MzcxMDM4MA==,pending
lektricowifi-0.0.25.tar.gz,2023-04,benign,9b008530c707f68442be6015c2e0d872e08e3c6f21c612e8bcf44b516f445795,MzgyMmMyZjc1MTBlNzU2ODdkZWI5MzM1MWE5ZjAyMDE6MTc3MzcxMDM5OQ==,pending
limbus-components-0.1.4.tar.gz,2023-04,benign,2bd77a8b0fb6bf1258068129aa67806841165d17591e85739534eabd0e0d4309,YmVhYjA1NDM0MzUwM2ZiZGVmYjU0ZjIzMjM4YTQ2MmM6MTc3MzcxMDQxNw==,pending
lsst-ctrl-bps-parsl-25.2023.1500.tar.gz,2023-04,benign,1613694719cf412b981eed13b156f3d65c06ba005b5d7bba2c3554600e3bb310,OWUyZTNiOWMyYTAzODY3OWE5M2FkOTM3ODE0OGUxOWU6MTc3MzcxMDQzNQ==,pending
maisaedu-poormans-dms-1.0.23.tar.gz,2023-04,benign,b6ab4d235ccbd1da255f8f81b4814b5b2af573d0f1544cadfe36b908e71e4d15,YzdmYzc5YzY2ZDk5MTY0NTJkNzZiNWY0YWExZmViZGQ6MTc3MzcxMDQ1Mw==,pending
meshed-0.1.105.tar.gz,2023-04,benign,aa83d88f9035e48813bd07828b7c571df3a178353f2b4a91287fa477f831535a,NTkwMDZlYmVhY2FmOGJiMWE5MjBjYzMxNzU2MWRhYmQ6MTc3MzcxMDQ3Mg==,pending
meson-1.0.2.tar.gz,2023-04,benign,04abec81ebe5556179758cc3cdbd557116369b7814b5747acae42cf26a452871,NjlhZDI2NzIyM2Q3MWMxZjk3OTE4Nzg5MjY5NTdhNDM6MTc3MzcxMDQ5Mw==,pending
metaphor_connectors-0.11.132.tar.gz,2023-04,benign,7d79b48c592bc9f02f88f0087eeef9d0426ac2151ec453f060381688dd46f44d,OGJlZTE4NzNkYjk5YmIzYzA5YTVkZDAwNDZiZmEzMDc6MTc3MzcxMDUxMg==,pending
MotorDeCalidad-1.9.18.tar.gz,2023-04,benign,c3a8604913a8934d8d6f0e286645a72bb4ca9426e67d13ded6f91b61a96928fd,ZGEyYmJlZTRlZmM4YjEyMGVmMTUzYjI4NzM0NDY0OGU6MTc3MzcxMDUzMA==,pending
napatrackmater-3.4.0.tar.gz,2023-04,benign,f15fe9e5833377914765f5d992403b27992f383dd9ede75a945e5cb9e2313855,OTc3MGJkZGU0OWVlZjM1NzFlMzBlZTNmODYwNjI2MjQ6MTc3MzcxMDU0OA==,pending
nbdev-scipy-0.0.698.tar.gz,2023-04,benign,51ed20c06b6af8f119d96e888ee7266cbc2d9909487400f9e093c294cba475cc,NDIxNzEwOTdkMmE4YzU5ZGY3M2I1ZjQ0ZjFlMDBiNmY6MTc3MzcxMDU2Ng==,pending
nbdev-scipy-0.0.703.tar.gz,2023-04,benign,4c05edaaad38247c9e40a9629dcfcefcc45ea74cdbf04ad0e0ce7fb3176f6be5,MGY4Y2QyZWRlYzdjMGM3ZDhlOTFjNzdmMGZhM2RjNmE6MTc3MzcxMDU4NA==,pending
nbdev-sphinx-0.0.741.tar.gz,2023-04,benign,62bb91c5c68c42478667c42e7b236f2b1c49cf3e6107db696b9699523473f92e,ZTkwNGRkNmIxNjkyYTQzZWNmNjljNjU2NGJjZWJmYTk6MTc3MzcxMDYwMw==,pending
neapolitan-23.6.tar.gz,2023-04,benign,d2de99c8f15e9f9bea70265556dd973b07e2f5c752eaf2106cb2277922aece32,MWI1OWMzYWUwOTdlYjQwNTY2Njc4ZDQzZGQ5ODZmMzY6MTc3MzcxMDYyMQ==,pending
nomnomdata_engine-1.1.73.tar.gz,2023-04,benign,973ac753122661942b310084fba4be690d7996f58642a674715260a739226998,MTc4YzVmNzNiNTEzZjIxZDQyZjFkNzQyZTIxNWI0ZjI6MTc3MzcxMDY0MQ==,pending
not1mm-23.4.29.tar.gz,2023-04,benign,da68d51957dc75e8299cb0e7364f9079695aa06670f6fcddbed70bffba638745,ODk1MmJiMzA4ZGVlYzM3YTZiYzlmYWIwOTk4ZWMyMjk6MTc3MzcxMDY2Mg==,pending
notification_service_nightly-2023.4.29.tar.gz,2023-04,benign,c34077622215eb54b568caacae438dd4050cfabfce3c21764cb00df5ee9a3afd,Mzc2YzhiZTgxNTRmN2IyZjdmMjU0ZjEyNzdmY2I5MzQ6MTc3MzcxMDY4MA==,pending
open-aea-ledger-solana-1.32.0.tar.gz,2023-04,benign,6630d04b272484ced2327c022940387e7ab0e5f1d7754a7d12fac205fa1159d9,MGFkMmFiNmM4NTk1MmMxMWEyYjQ3Zjk3MjQyYTZjNjg6MTc3MzcxMDY5OA==,pending
pcg_skel-0.3.4.tar.gz,2023-04,benign,15948b916dc2f18eb4edb5711ea120d5d2ed923e76f648ab75c498f267d31581,MDUwMThiNjg1NGY3ZDI4OTdiMzVmNGI5MDJmYmZkMGE6MTc3MzcxMDcxNw==,pending
pepperize.cdk-terraform-state-backend-0.1.584.tar.gz,2023-04,benign,8c015f5249a1726bf6d1f9cd987d8e607b65b2da762e3f53a979a0e3a6aa69c9,NmEwZGU1YmU0ZGZkYzY5NmM5MzVmZDM2YWFmYzAwOTc6MTc3MzcxMDczNw==,pending
pepperize.cdk-vpc-0.0.592.tar.gz,2023-04,benign,e74a07b4693514fe015a1f4a9b61cab9759c10cd113fa7804af4dfa8ca4fc4d4,NDQ4MTQyMGQ3NjIwYjM2MWUzNWZlZTI4NmVhNDE1MTQ6MTc3MzcxMDc1Nw==,pending
petisco-1.14.0.tar.gz,2023-04,benign,51ce513366b7a166b68984d180549cb420d81cdf862109e0e49241e57ff95b0a,NmYxZmNlZDhlNGY0NjNjOGJiYTNjZmE5ZDRlNTY2ZjU6MTc3MzcxMDc3Nw==,pending
pref_voting-0.2.3.tar.gz,2023-04,benign,b7be52633c40ed03086a20598b6e028925ed1daf4c1b0109d6cf893c197f6e49,ZTllMTE2NjZhYmMzZWYyOGI1NGUxNzdmMTVlNzgwYmY6MTc3MzcxMDc5NQ==,pending
projen-0.71.3.tar.gz,2023-04,benign,83c5a7240765a16e4d7ce6147e63ccb482c6dcab1bf11164e7be9ee7f03dacf7,MWM0NjE3NTliNjEyOGM1YTZjYjBlNDQ3OWFiYTkwMDY6MTc3MzcxMDgxOA==,pending
pulumi_f5bigip-3.12.0a1680909061.tar.gz,2023-04,benign,5fa60f4a40985d5ce65df717f831112b81e8a01ba7bbd319ae664dc2f8ff577e,NzQ1NjM1NWJkMTE5MzVhMTA4NGM1OGYxZTFiOTQzZjc6MTc3MzcxMDgzOA==,pending
servir-0.0.4.tar.gz,2023-04,benign,d881e5b6e3bba40c2fffb3a2366721f3617704274694ae6f59bd89a995f327c7,YzZlNGQwYzY1NmE4ZTY1NTcwMzZkOGQ4NGQ5NGI3MTA6MTc3MzcxMDg1Ng==,pending
pydotbot-0.15.3.tar.gz,2023-04,benign,070a28d71d32ff3fba98376ab305b1a7fb44c92419ba958884b2495c60c12c41,ZDk3ZjY3YzczNDYzZjk2NGIzNmRkOWI1ZmE5NDNmMWQ6MTc3MzcxMDg3Nw==,pending
pygwalker-0.1.7a2.tar.gz,2023-04,benign,adf071df810e74b2911bef0d5b191bcc5e5e06d94f62966bfc87befe80091fff,NTRjNTI1YTAxODQ5ZjgxZGNjNzgwZDBhMTExMGVhYzc6MTc3MzcxMDg5OQ==,pending
pymatgen-analysis-defects-2023.4.5.tar.gz,2023-04,benign,6771c667de5809eb351f86938eb18bb8b77d520e0968c41ce4fd51ee96952d68,YmRkODRmZmQ4N2Y4YTM4ZTY2MjgyODBmNDUwYmM2ZTI6MTc3MzcxMDkxNw==,pending
pyobjc-framework-InstallerPlugins-9.1.tar.gz,2023-04,benign,52e3e3ac536bd627af126773ff2b756b6640afd8c524bb4f5852ad9804ff945c,NTU4NWY4M2EzNmI0OGY1Y2M3Mzk0MTE1ZTIyM2EwZTM6MTc3MzcxMDkzNw==,pending
pyschlage-2023.4.2.tar.gz,2023-04,benign,c9a4767ed234bdff9e7acfa371a2a3fc10638fe3a83392e5831f990d98b4a852,MWQ5N2ViYjc1Y2I1NzBhOTUwY2FhNjY3NGRjY2QwYWU6MTc3MzcxMDk1NQ==,pending
pyspellchecker-0.7.2.tar.gz,2023-04,benign,209cfa6825aeab0b22761fb4208c6d759d137a21c99041f753ecdbd2281c4bee,YTkzZDRkNjU1MjA5NDg5NDQ4MjUwZDg0YTUyMGE0NGE6MTc3MzcxMDk3Ng==,pending
PyTimbre-0.6.7.tar.gz,2023-04,benign,ececcb45f49baeb01cbd3e507f69bd0470c1d9d28341fe5acb5520094628f0f6,MjI0MTNmZjFkMzljOGJhNDQ5ZDg3NDg3MjUxYWVlNWE6MTc3MzcxMDk5NQ==,pending
setfit-0.7.0.tar.gz,2023-04,benign,4acbedae0493da90e3cacf9efab629b87fd06ceb0e23de2a2934f5b4a4a6f6f3,NzhiMjQ3ZWYwMjIyODk2ODg0NDQyZWYwNmNkMmUzNTk6MTc3MzcxMTAxMw==,pending
quantconnect-stubs-15386.tar.gz,2023-04,benign,f6f6edb3a2c16ed89f07d2bbdff91018cef419ceabe0973da5cc8d9f34483152,OWM1YTA5NmZhNjQ2NmJiNjZhN2ZjOWMwYzNmNjgxMWE6MTc3MzcxMTAzMg==,pending
recordclass-0.18.4.tar.gz,2023-04,benign,04db485d5141c73a7fa8d5cfef8e1dc0d064d625a5457ffeeda682ab1d1727d0,ZTk4ZGEzN2IxMjM2MGNiZTVmNDRiYTI1MjI0OGFmNDc6MTc3MzcxMTA1Mg==,pending
replicate-0.8.1.tar.gz,2023-04,benign,afe5e37b9264261eed1b4cd970cab77a18cd48a47f16684292e528ac45436355,MGQxZGIyYjg1N2E5MDBmODdhZWQ0YmY3ZWE3NGVhYjQ6MTc3MzcxMTA3MA==,pending
robotframework-ride-2.0.3.tar.gz,2023-04,benign,4e1ba509ed0f5d134d14f0ce690a632f78e9838c8f7fa387f3c978d4fb8512a7,MTFhMzVkNDI3ZjY2ZjhiNWNhY2U2YjQxNGViMmZlZjk6MTc3MzcxMTA5MA==,pending
satcfdi-1.1.6.tar.gz,2023-04,benign,ed626eb1f3bd2ce49439241c04d5a42773844e2ce01a21e99e1bb76e43f48769,NTdlNjJjNzY3ZDRiY2Y0ODBkYWIyMmMwNjZlY2EyNGY6MTc3MzcxMTExMw==,pending
scrapingant-client-2.0.0.tar.gz,2023-04,benign,637d98bece87e8adfc4721e36d0baa8398aad65511d546976be5a1a92ab9f735,NDcxZDZlYmI0ZGNmZTc1YzQyNTFlNzljOWQxYTJiOTc6MTc3MzcxMTEzMg==,pending
shiny-0.3.3.tar.gz,2023-04,benign,3a40ed990df34d9639c38e687a8c0c19bb905c2db629c8b9668b7a6c20e71e58,Yjk1OTRlNzU3MjY3YmVlMWJjNjM4ZjJjNDE3MDJhZmU6MTc3MzcxMTE1Mg==,pending
Simba-UW-tf-dev-1.56.2.tar.gz,2023-04,benign,3affbdf75a188dfaee65e4c4d70d7cb85b3e27fef1814db922f016a1b1f52526,ZTBlYjJmZTg1NDFhYjhiMGI2MDJlYTBlMDljYjI3MDE6MTc3MzcxMTE3NA==,pending
sklearn-pmml-model-1.0.2.tar.gz,2023-04,benign,fbcd06804fce290b5bbc9a13788be376f148fabb38bc4db92a9af72360475592,NjA2NzQyYWRhNmI2NTU0NzQwMGRkOTRmYmUxMTAxMGE6MTc3MzcxMTE5Mw==,pending
STEAM_materials-0.1.0.tar.gz,2023-04,benign,9533c3fd4bde6ff67f2b264d6683a6eac5b629b96f32ba21437f900404313583,MzA1NTI4ZmFhMGI0NzE1NzNhZDhkNjk2MjgzNzQwNmQ6MTc3MzcxMTIxNQ==,pending
strkit-0.8.0a20.tar.gz,2023-04,benign,ad4a85552590d83d1590f7bdd1665590964b8417b975426d18f94475e86978f5,MzE2NThkNDVkMDkxMzc2MTFkMThhNWE3MTY1ZmIxOWM6MTc3MzcxMTIzNA==,pending
swmm-api-0.4.17.tar.gz,2023-04,benign,a66b8010e55fcd3f737eec691ab8636b9dfa06dcf2996282ee1eb2e2fa8a6f28,ZmU5MTRjNDE2MGE1ZmRmMzdlNDc3MWVmYTExYWNiNzY6MTc3MzcxMTI1Mg==,pending
tap-bigquery-0.3.7.tar.gz,2023-04,benign,e383c008d4b6c6817ea0e72b3ab12e6f2863dd76157624d5091da778243a9375,NDU4ZGU5YmExYTMwYmYyMDg5NjkyY2IxNmI0YmZiNDM6MTc3MzcxMTI3MA==,pending
tapipy-1.3.3.tar.gz,2023-04,benign,904232deea8b2923a029d870ffd0e2621512d3121e3058fd6daf039c051d50cf,MjNlNzMxNjljNzc1M2Q5NGVhMGE2YWI1YWZjZDkzOTA6MTc3MzcxMTI4OQ==,pending
tccli-3.0.860.1.tar.gz,2023-04,benign,7aa475e1f7432e82d1287366e4203e8d6394db7b1be7a896ecb64dc0dd85c58f,M2RlMzQyM2QyMDgyYTAwYzI1ODljNTFjMjkzN2RjOTc6MTc3MzcxMTMxNQ==,pending
tencentcloud-sdk-python-clb-3.0.883.tar.gz,2023-04,benign,bd99d98cae2c7c5e8f9a665d5655f03e6534243e23be34697410aa032422fd0d,NWQ3MGZiMWY3MDg5OWE3OGZlMDVlNWZiYTllZWE0YjA6MTc3MzcxMTMzMw==,pending
tencentcloud-sdk-python-cynosdb-3.0.869.tar.gz,2023-04,benign,e618778c008eb46e70ee13573628bca9cf6ac2721d714017a3595153b328ea2e,YjI5NjBkMjQyNDEzM2Q5ZDAwMjJhYjQ4ODRmNzkwOTU6MTc3MzcxMTM1MQ==,pending
tencentcloud-sdk-python-cynosdb-3.0.877.tar.gz,2023-04,benign,5a787085af375848b035fd68becf0ad113f1beaa4ad54394b44ccd1740f7801a,YzNlOGZkODg5OWQzZGQ0YzY4OTQ0MWYzNGM5MGI2OTQ6MTc3MzcxMTM3MA==,pending
tencentcloud-sdk-python-dlc-3.0.878.tar.gz,2023-04,benign,60ed2df702add1b296f4fd991e0293294693f6dc79db0e8a4d56928bff3cb6ec,NWY1NGMxYWU5NWFjZDQxNmQwNmU5MTFhOTUxZTIzYjQ6MTc3MzcxMTM4OA==,pending
tencentcloud-sdk-python-drm-3.0.867.tar.gz,2023-04,benign,b08f584f3abc83985298c8de5e6b520f0720fbe72cfb842bd80b11f8d54e35ea,YmNjNmFlYjk2OTE1NTFmODAyYzI0ZDE3ZDVjYzc4NmE6MTc3MzcxMTQwNg==,pending
tencentcloud-sdk-python-drm-3.0.871.tar.gz,2023-04,benign,583bdd10adf31f916d3ad4b6aa276e22b9461593857b1b47578118583226f700,OWE4OWVmMTQyMmRkNjY4OGUyMDU0YjNmY2Y5MDA4Yzk6MTc3MzcxMTQyNA==,pending
tencentcloud-sdk-python-ds-3.0.881.tar.gz,2023-04,benign,da1bf1f95f7c4ce0f50312fcacbd839cccfa761184c441b22809d6f4d9be5adb,M2VjZGM5M2Y4ZDRkMzE0NWYwNmE5N2RiOGFhNmYyZjQ6MTc3MzcxMTQ0Mg==,pending
tencentcloud-sdk-python-ecm-3.0.873.tar.gz,2023-04,benign,67d071db795a4e9fe2b2fd5b24c7f02313b0eda8596e2c9af2ee9f3ff2bebfad,MmMxMjAxZTc5ZmRkMzBiMWQyMGU2MjRkYWM4NmM2MzI6MTc3MzcxMTQ2MQ==,pending
tencentcloud-sdk-python-ess-3.0.870.tar.gz,2023-04,benign,c1151e952d504900c3b902ff72b949fe5ec5edcabef0e96f6e434cee77a43629,MWQ2MWFkNWJkMTEyODIzZjU5Y2IzOGIyYzE1YTZhZmI6MTc3MzcxMTQ4MA==,pending
tencentcloud-sdk-python-ft-3.0.867.tar.gz,2023-04,benign,268bd95fe00a3cd65df9abd7e37280833468a4314f6099637e0872e48d36ab02,ZTM5MmQ2MmExMDE5NmQ2NTQ3OGUwZDUzNDgyYzZhZDE6MTc3MzcxMTQ5OA==,pending
tencentcloud-sdk-python-goosefs-3.0.875.tar.gz,2023-04,benign,c07e6734b6afccd3a35b7307e5e1b0392d455e52c3f46f7f5df429efa1c4eb1a,ZjlmZGViNTQ1ODQwMzJkZWIyMDg5OWEzNDQyY2RjNTE6MTc3MzcxMTUxNg==,pending
tencentcloud-sdk-python-goosefs-3.0.876.tar.gz,2023-04,benign,6bd8a257600f601d5e211ff59ee6a30c5b4a9c60e82a37971cee6a86e699f214,MzdiNWEwNmRmNzVkZDdjODYxYTBmNzI1NzhkNWMzYTY6MTc3MzcxMTUzNA==,pending
tencentcloud-sdk-python-kms-3.0.884.tar.gz,2023-04,benign,b758d0351e8da29933e95d9239ac4cdb5eafdf35a4720cfc65af3f6af81a576b,NGZjMmZmMzEzZmY1MGRiZDk1NjcxZDcyOTRmYmYwNGI6MTc3MzcxMTU1Mg==,pending
tencentcloud-sdk-python-lp-3.0.867.tar.gz,2023-04,benign,89f834a5217d8fba525768f9c691739b07ff89e34a91d87b44d8f6ffd8ebece8,ZTlkY2U0M2ViYzQ3NGRmMzRhN2E3OTlkODZlZWE3YjM6MTc3MzcxMTU3MQ==,pending
tencentcloud-sdk-python-tcss-3.0.878.tar.gz,2023-04,benign,9ae7f9c08776acc323122bb0abf211bbe913dc946ce3c4d42dd16a4cce5bf580,OTRiMGY2NWU0NThlMDA5ZmMzMDUyMGFlNWYxMzE2MWQ6MTc3MzcxMTU4OQ==,pending
tencentcloud-sdk-python-tsw-3.0.880.tar.gz,2023-04,benign,d06d7d5327905ec7dc71710d88abadae54d1d7c38ac12df8775e5f9504c93bf2,MjhiN2Q2ZTc0ODAxNTNkM2EyNjU4NzZiOWI5OGVjNDM6MTc3MzcxMTYwOA==,pending
textual-0.20.0.tar.gz,2023-04,benign,9760809f5baa8fefdf5ca356828281be78d591dd97e5f828de589e18a354c79c,ODM0YWI1ZmYxMmQyMzVhZjA1ZWI1YjdlNDRjZDBiYWI6MTc3MzcxMTYyNw==,pending
TheSilent-0.0.306.tar.gz,2023-04,benign,56e1280e402669f051438612aabe70ac856af85512a1e548992afe9384747b00,ODU0MDljZDNlZDRlZjgwZjllNTc2NzRmYWM5MDEyZDk6MTc3MzcxMTY0Ng==,pending
titan-iris-0.3.20.tar.gz,2023-04,benign,ca0ce60f19ce26e555609f7814281e38effbbb4c44495b68fff0bf487f361143,MmQwYmFiZGFhYjEzNjlmMmY2Zjg4ZjQxMGYxZWY4ZjU6MTc3MzcxMTY2NA==,pending
tornado-6.3b1.tar.gz,2023-04,benign,2b5937bd2ec03ce85a04eb5cc6937cc1f587842faa22fc510c2aa9577a3e17ae,Y2VhNDRkOWQyY2Y0YzhjZGQxNWUzNTE0MWQyYmM2ODc6MTc3MzcxMTY4Mw==,pending
usgs-libcomcat-2.0.21.tar.gz,2023-04,benign,48e8ab5b045ff14f08fd5f029c33dc25e40116af8803e2f2320753854156e71e,MjU1OWJlZDRiOTcwM2VlMjk5N2E5ZDIxYTc3ZGZjMzg6MTc3MzcxMTcxMA==,pending
vantage6-3.8.3.tar.gz,2023-04,benign,493597c6f3a1da49bfee1a2732e9db70e24c49505847898af2b3f5f9f18ed8fe,Nzg0YjdhN2I1ODg3ODYxZWQxMzI1MDJjMmQ4ZjNiMDU6MTc3MzcxMTcyOA==,pending
wg_utilities-3.0.1.tar.gz,2023-04,benign,edb429068ee353aebeda4f73f1ede3854c69e7b01fc97f97e973bceb3e19bb7c,OTA3MmM4YjkwNTYyYTRiZmE1MzRmNTY3MTNmMzU3YWM6MTc3MzcxMTc0Ng==,pending
wodoo-0.3.123.tar.gz,2023-04,benign,76960da8630118afa56d76599cf42ec2f9c87928d18103f728f35c641d198279,MTIyYzYzNjA2Nzk5NDlmZTUwNzQxNDdjNGU1NTkxOGE6MTc3MzcxMTc2NQ==,pending
autogluon-0.7.1b20230528.tar.gz,2023-05,benign,aa1cadc99447ec992cd2fa7563ab57dde84cb1f8e6cc4c020d95a64d8a1ede9b,NzdjY2ZiNzdhNGU0M2UzODAxOGM2MjhmMDA2OTQyMDU6MTc3MzcxMTc4Mw==,pending
autogluon.eda-0.7.1b20230523.tar.gz,2023-05,benign,07bf21c9dafc9a9143e310c0551666bb33378494db78a4bd9306618b522526d2,M2IyNzQ3ZTNlYmFhOGE3YWM2OWM3YTZmY2I1ZjI5YTM6MTc3MzcxMTgwMg==,pending
aws-cdk.aws-iotthingsgraph-1.202.0.tar.gz,2023-05,benign,8b7057f3ac60e4b8fbea2b707448d69aefaa5ac9f1b74408e8196ab37d259ca1,OWU4MjM1YmFjZWVkYzM2MDI4YzY1ZmJjZDRlMGY0ZGY6MTc3MzcxMTgyMA==,pending
aws-cdk.aws-lightsail-1.202.0.tar.gz,2023-05,benign,ffc8a1bdcdd28d037dd1c6b110b2576034d597ec7a0008468bcd5bfd0e4ffe56,YzE0ZGU1NmNjZGVmZTQ2MGU3NTE5ZGE4OWRiYTRmZTk6MTc3MzcxMTgzOQ==,pending
bayanpy-0.6.9.tar.gz,2023-05,benign,fe61845ae372e85362464f50a0f3baec2a4ec008f8da1bd9489e962ff0f11734,NDEzZDY5MTEyYmNhMzkwMDM0OGNlNDM0YTM4OGQ4NWI6MTc3MzcxMTg1Nw==,pending
bohra-2.2.1.tar.gz,2023-05,benign,a0401a98012b088982f3e1e354cd785147a5619959c8f911f6e6d7c943934da7,MWEyNmZhZTYxZDc3MGRlZjk4MzhmNTg4MTRmNTQxNjU6MTc3MzcxMTg3Nw==,pending
botocore-a-la-carte-apprunner-1.29.127.tar.gz,2023-05,benign,f55bd9c85c175319371a839cb061809cbae6570fa9be07d7d8b1f572e35549fd,OWM5YzljNWI1OWM1OTNkMTk0ZTE3YjM3NTNlYzJiM2M6MTc3MzcxMTg5NQ==,pending
botocore-a-la-carte-apprunner-1.29.133.tar.gz,2023-05,benign,fa2cd1a56046cdfc78c19f8621d454af78a49d38a9367f6a121a104de49c128d,Nzk3M2NiMjkzNzdlYmNjNWJkOGVjMzg1MDEwMzdjYzI6MTc3MzcxMTkxMw==,pending
botocore-a-la-carte-cloudcontrol-1.29.134.tar.gz,2023-05,benign,1482ccf4e2655e7e637737c04975a87fcf54e0b44bca05f8f41e1b13e41bec5f,YTQ5YzFhY2ZjZWQ1MDZkNWE0NjgxZGI5MDJlYWI5MTg6MTc3MzcxMTkzMg==,pending
botocore-a-la-carte-macie-1.29.140.tar.gz,2023-05,benign,6acff6686f86f21cac38cb491995614ea84934a7c7bfb789f5fbd6306953c7e9,ODU5Yjk5MTAxMTgxMTBjYmRjNTE2MjA3NTExOGQzNDY6MTc3MzcxMTk1Mg==,pending
botocore-a-la-carte-opsworkscm-1.29.137.tar.gz,2023-05,benign,dd0d26ef4f9789b004884cb423cf3165d13361d04377714e903771da61940fcc,YjI1ZDFkNWQwMDU4YWUxYWZmMGY4NzVhMDM0Nzc1MTY6MTc3MzcxMTk3MA==,pending
botocore-a-la-carte-personalize-1.29.139.tar.gz,2023-05,benign,3a0006af136f85a152f27e0f72089a6109108c7b9cbf09b858832f4425dedc44,MWIyYTkxNzU2NThlN2Y2NzIzNjYxYTgzZTljOTMyOTA6MTc3MzcxMTk4OA==,pending
botocore-a-la-carte-pi-1.29.135.tar.gz,2023-05,benign,6f9174258f77a7a5c81a9f437b640b70ec156dea92b5598fe5701921d1a34f1e,NWI4ZDVkMGY1MThhNTNhZTFjZGExNWE2Yzc3MGRlMzM6MTc3MzcxMjAwNg==,pending
botocore-a-la-carte-service-quotas-1.29.132.tar.gz,2023-05,benign,2c5ef517ca8451b717dc9dba61d5632acf37a186f9b445a07e85393b36dae5b3,N2I4NDYyOWFiODViMTI4Y2I2NDUzZjJmZDYxMjZmMDU6MTc3MzcxMjAyNA==,pending
botocore-a-la-carte-snow-device-management-1.29.129.tar.gz,2023-05,benign,ac351afa87233b11769d863f4ad3328960c279f0ca7e910c84be9af9b63fa21b,NGNiYjFhOGJlYTNlNjI0ZTQ2ZmNhZmQ5NDBmMmVkZmI6MTc3MzcxMjA0Mg==,pending
cbra-2.0.0a110.tar.gz,2023-05,benign,a586a5643f09ee60ef27c105bf7f852d7629406575cc691cfad4e76df41c7606,Y2M4MWU0OWY1NmU0MzIwYjFhMjM5NWE5NWU2NjgyZWE6MTc3MzcxMjA2MQ==,pending
cdk8s-operator-0.1.103.tar.gz,2023-05,benign,7c1d0a751694d1ac24c2fc34999e7816ae93ed77c1189ba68096240ee5e023d3,OGFhNzZjMmU0ZWFhNWE0YTBhNTBjM2U4MDI2ODhmMTA6MTc3MzcxMjA4MQ==,pending
cluedin-0.1.0.tar.gz,2023-05,benign,778ffafd980c94710df1f9413ffa786401d5b45e73f0babab36d522f2bb4f633,N2I2YTE2ZTkwNTY4MGNkNDU5NjY0OGFiYjJkYTMzNTQ6MTc3MzcxMjA5OQ==,pending
codecov-cli-0.1.8.tar.gz,2023-05,benign,ba2b2ccf7562855f0d099110c01ded1ad20f5f23560342e16f1724cf9bc96c6c,YTFhOGExYTFkNzE3OTc2YjViOWRmYzRjYjg5OTFkZDA6MTc3MzcxMjExOA==,pending
coredis-4.13.1.tar.gz,2023-05,benign,33b3cee7f094da5dd6329c4b05f0991312bbcd4488f94927476ebf37cbe6f4bf,MDI5Y2FmNjliYThlYTg0OGVlNWM5N2Y3YjY4MzQzNjU6MTc3MzcxMjEzNg==,pending
cyberdrop-dl-4.2.14.tar.gz,2023-05,benign,575db964c0191f83a1eae3eeba6d879761fe37e1feb0ac8c1969b30464eb0e32,YWEwNWY1NDE5ZDQ1M2YyMDkyN2E0NmViODk0MWMwMWY6MTc3MzcxMjE1NQ==,pending
cybrid-api-bank-python-0.68.88.tar.gz,2023-05,benign,b46e067c6a13de34ebe1ceb70a080b7777e20ec95631474b5af3367e046bd508,YWM4YTAxMTc1YTQwNjcxMjQ5ZGYyMWRhZWFhYmIzYzg6MTc3MzcxMjE3NA==,pending
cybrid-api-organization-python-0.71.19.tar.gz,2023-05,benign,a179c40d5f5e77052b7cc039b50a0c3b02d13c81824e98640a4dbe0c782931ff,MWQ5ZmMwZDkwMWU3YjhmNDE4YzQ4ZjBjZDEwNTVlOGQ6MTc3MzcxMjE5Mg==,pending
datasketches-4.1.0.tar.gz,2023-05,benign,d1e458cb561b9e5110cde50d6224b1231b157aa2fc46ba01c4ae33d6cf5c8e85,ZDZiNmY4NTY0ZTQ1NDNjMDE5NWI1NmFkZWU0MTUzNzU6MTc3MzcxMjIxMQ==,pending
dbt-impala-1.3.2.tar.gz,2023-05,benign,1519e27cffa82427e05fcc2a80528f45192507239f3de16b3bbaa67fb6b6e4e9,ZjNhMDRlMzE5MTBhNDI1NmE5ZDEzZjQ1OTI2NjJlMzU6MTc3MzcxMjIzMA==,pending
django_unicorn-0.51.1.tar.gz,2023-05,benign,5c78563170a04ed37a606487ef6c0591dd098aeb48d7851c8d86cb2468ab734c,YjMwYWM1NjIxNzg5MTExODYyNDU4OTAzYjhhY2ViYzg6MTc3MzcxMjI0OA==,pending
domain-admin-1.2.22.tar.gz,2023-05,benign,c20b3e89d919ef97d905320da00f6133ade74c1e92e75c181e0fed9d9243a1e1,NWFlZGU3NmUxYzIzNDBlNDhhMjM5N2QyYTBhYmZkZGI6MTc3MzcxMjI2OA==,pending
emrichen-0.4.0.tar.gz,2023-05,benign,683dafb1554bb42e26998325e433c3dea49f05f2838f6bd93c09214ce2ac05b9,MzgwOWVkYTdjMTQxZTc5ZDEzMjE0YTkwMzhlODA2Mzg6MTc3MzcxMjI4Ng==,pending
eox-tenant-9.1.0.tar.gz,2023-05,benign,b1d25ba80f5228ee0f5a8cb7c69c88a4d9c0e8c38a40b459356ab90cb73d3e86,MGM5ZDJkM2ZjYWVmMGU3NmMyNGYzMjBkMGM1ZjMyYmI6MTc3MzcxMjMwNA==,pending
fake-bpy-module-latest-20230513.tar.gz,2023-05,benign,0bda5c2d378cf5f34157478b89fe6d58ac99dba64ab1f0b1c65297a872e1b33b,MDAxMzYxZGI4NGRkZWQ2ZWI1MDMzNjRjZjYzZGMwZDM6MTc3MzcxMjMyNA==,pending
flash_attn-1.0.6.tar.gz,2023-05,benign,df10ee2db9944f4589fa7119a2025e076b48ddd2febb7aff54676b5694e5c051,NGM5YzQxZjYxM2Y0N2U4MjhlMjVhNWI4NDg5NzZjNjU6MTc3MzcxMjM0NQ==,pending
georideapilib-1.0.0.tar.gz,2023-05,benign,7c7f8c6baa9992a64ebb6d9ded4ba1b279e778a202519b08fa10a9ba9deaa95f,MTg2Y2RiMjBjNzVmZDExMjBiNjUwNjAwYzc1MzU0NmM6MTc3MzcxMjM2Mw==,pending
hatchling-1.17.0.tar.gz,2023-05,benign,f8a1de623d0867377e710f8aabfe0a58bd46e09d301906e965512831b7536c6a,MzlhNTJhYjcyMGU0NzdhOTM5Y2Y4NzMxOGFiYjc4MGU6MTc3MzcxMjM4Mg==,pending
heudiconv-0.13.0.tar.gz,2023-05,benign,4741969848b8aee71f2c0d097a7e1af31517e2ddea880d13c17890a3b8e25208,NzhjMzU3NzJiOTI5ODI1NTM5MmYyMGYyOTA1ZGNhM2I6MTc3MzcxMjQwOA==,pending
ibmcloudant-0.4.2.tar.gz,2023-05,benign,8c4b80b5a4a1088c3dd91286d4ac0ddaada09a11f1422c97ba6fd4d14b0e5a67,ZWZlOTJkMzA3NjVhMDY1NDNlMGU1ZjdjNjhiNzcxMjQ6MTc3MzcxMjQyNw==,pending
mysql-replication-0.40.tar.gz,2023-05,benign,9f08a026c5776dc6cbc7a13f0d95acf4a89d143629a3a4e6695a6e4e56f4a881,ZDEyNWE4Y2QxNDE4ZGNhNTllODZhOGQxNDJhZjQ3MDE6MTc3MzcxMjQ0NQ==,pending
OMIEData-0.2.0.0.tar.gz,2023-05,benign,6d312baa6d2463c257b57477ac4e19b716b1382e5fb0a149c9e93d8483a3f95e,MzgzZTU4NWUwZjlmMzA4ZTdjZjhkZjMzZDZlYjU2Nzk6MTc3MzcxMjQ2Mw==,pending
openhexa.sdk-0.1.12.tar.gz,2023-05,benign,d65c66975458315330dd57e66b93a216e5658c1dbbc9296929b6b8ca54c08afb,OTE0YTczNTM3NzYwZTczN2ExYTE4NzRkZWFkMzNmNjM6MTc3MzcxMjQ4MQ==,pending
openlane-2.0.0a20.tar.gz,2023-05,benign,24b14b761e31f07037bb3aea82bc4e844eced35ac2d39a9c6639b2896ea3ba5a,YWJjN2JkMTJmN2E0MzFhOTVjZGY1MjczZTljMzA3ZmQ6MTc3MzcxMjUwMA==,pending
ovos-stt-plugin-fasterwhisper-0.0.1a1.tar.gz,2023-05,benign,f918c899c5d8c0ccac9c07203393d7cadd65c43aed86135a20221c02bd934904,OTM1NTYwZjc4ZjhhNDFkYzVlODY3NGZmZTcwMTZmYWY6MTc3MzcxMjUxOA==,pending
pepperize.cdk-autoscaling-gitlab-runner-0.2.487.tar.gz,2023-05,benign,b88190bd2351135f6693459412a6b7a144b9afe9669b261b31bf388fd4143b1a,N2ZkYjhiYmE1ZTBiZTJmNzczNmQyYjRkYmM4ZDVlZTE6MTc3MzcxMjUzNw==,pending
pepperize.cdk-github-0.0.510.tar.gz,2023-05,benign,2f3f197c7790076c075803638a3074f7ab81cc90bcb0b70695d034be01c869a3,MmE3MzkwYjBhNjQ3MTMzN2U2MTZlZWJhYzkwNzA0YTU6MTc3MzcxMjU1Ng==,pending
pepperize.cdk-organizations-0.7.431.tar.gz,2023-05,benign,849b9760ae393277893936bd779525c2178cdcc7f9261d732e9dde54c434b9b6,OWY4NTRkYmVjOGIzNDE5OWQzMmI2NzMxMmRmNGY3NjM6MTc3MzcxMjU4MQ==,pending
pg-activity-3.4.0.tar.gz,2023-05,benign,a89357131519b843f4a5f2fa2996cd5dca3d0fca8013d821becb81bc2f872ac4,OGM0MDUwNjc4MGE2MWRkOThkMGFlYzRkZTAzZGIyMDM6MTc3MzcxMjYwMA==,pending
pg_bulk_ingest-0.0.8.tar.gz,2023-05,benign,9ec385b317b6a32589fd228c7ddf6b8d848cd15806dbb536c462b8aec251cc32,ZGMzZTE1ODMyOGEyODUzN2ZiOGIwYjgzMWU1MDYwMmU6MTc3MzcxMjYxOA==,pending
pulp_certguard-client-1.6.5.tar.gz,2023-05,benign,626465c8a8a157cfa7dcf5591c59a50f3a90669351e62d46de7544481b656986,NTI0NmJhZTE2NjBiZGE0ZWI0ODBjMGQ4ZmM3MWZmZTU6MTc3MzcxMjYzNg==,pending
py-dactyl-2.0.2.tar.gz,2023-05,benign,7db409e1702150bd312ee91e37b52a172190bcd7193e1740945968f791172358,ZDhkZGFkZmY2ZThkYjQ1YWY1YzdiN2RmMDgwMmJkOTk6MTc3MzcxMjY1Ng==,pending
pydoclint-0.0.2.tar.gz,2023-05,benign,64737cce645c2ce8a723fdc3809c74a2677325accd94f9c32d683f2ac29453e7,ZWE1ZTI5NzViY2Q3ZGY0YTU1MjA3MDEzNDNhMmE0YzA6MTc3MzcxMjY3NA==,pending
rime_sdk-2.0.12.tar.gz,2023-05,benign,8e823dfe53fd0dd5ca1f030c47d6f46fe4ee66f9b5eb23c82485bc3fd7b95ff8,MjFjOTU2ZDMwMjAwMmViNThjZjVjZTA0ODc5MzJjOTI6MTc3MzcxMjY5Mw==,pending
sapiopylib-2023.5.5.134.tar.gz,2023-05,benign,971b0b6abb7602380a36f936a836f395d9cb20c3d1e0f372d3b28571667f644d,NWNiNmYxNTgzMmM2M2I0ODJmYmUwYjBhZjE5NTg5ZmY6MTc3MzcxMjcxMQ==,pending
searoute-1.1.0.tar.gz,2023-05,benign,6661d15c3de7f46cecfcf8f73591693b66ef8658b4c57d4b8e77b722718fc52f,Mjg1Mzc4NTM3ZmRkNzkxMTEwNTRmY2RhODNjNWM1Mzc6MTc3MzcxMjczMA==,pending
silero_api_server-0.0.7.tar.gz,2023-05,benign,7f73f2e6dc22785761e7a5d6a505f9d3793a213395976bea3f3155f4a3321b96,ZGZjMzdmZTg4ODU5ZTNmNTc3NGUyNDhjMmVkMWEzZTU6MTc3MzcxMjc0OQ==,pending
Simba-UW-tf-dev-1.59.2.tar.gz,2023-05,benign,a59ca0050d62cbad6450b2a18633d557e566d10ee0ecb76ee02b19007981e202,YzQ0NGVmMmRhZGEzODEyZTNlMGY1NjU1NGRjNjk2ZmY6MTc3MzcxMjc3MQ==,pending
simple-git-versioning-0.0.18.tar.gz,2023-05,benign,44c4c5104433fcffc7e4b725f94ded0c30226f1950ae900c881df216e972362f,ODAzNmQxZTYyMDk2NzM1YTI1NWU5NjM0NTQxOGVhNTY6MTc3MzcxMjc4OQ==,pending
sliderule-3.3.0.tar.gz,2023-05,benign,f802b4b50bfc16ccb760a1093afbd945feff01a0fb9faa4533dd00cd80a15b1c,ODNkZGE2NGU5NTBhODg2OTUxYjJhOTUxZDQxNDZmYmI6MTc3MzcxMjgwOA==,pending
splunk_add_on_ucc_framework-5.27.1.tar.gz,2023-05,benign,70fbf84b2061c5b7842a8942b78db5679c6a9e96df941c7ba0227c77e00c2c78,Yzg0N2U0NzRlYWNhMjE5NGY0NmYwYzU4OGRhODc4MDg6MTc3MzcxMjgyNw==,pending
swh.journal-1.3.3.tar.gz,2023-05,benign,c8d8660bc614516661dac8da0f82ca399d0ec4bf10b41d244661447c2bcd0655,ZWNkNzg2MmFlZGZlMjlhMDUwMWZlNmNhMzEwYzc1Zjk6MTc3MzcxMjg0NQ==,pending
t2d2-sdk-0.0.4.tar.gz,2023-05,benign,ce75b27bcc3a968f44395fff562932effb47799c43304a4835a41287994d0dbe,YTI3NzYyMzY4Zjk2NTI0MjJhNmY0ODc0YWUwMGVjMGQ6MTc3MzcxMjg2Mw==,pending
tcia_utils-1.3.2.tar.gz,2023-05,benign,2edc8da64a4a303da0a2d34ba7b06e5483e6fb51941820452ec9f1d44a756b16,NTA1MTg4ZmNmZjExMTY1OGE4M2I4ZmRhNjFiNTc5MDk6MTc3MzcxMjg4MQ==,pending
tencentcloud-sdk-python-dbbrain-3.0.894.tar.gz,2023-05,benign,3dddf38f341a31aa4283cecd21c99c70ebddcce4f4e130c1105b7381792bc2ec,OTI0MzczM2RmMzVmNTRhMDgyOWU5ZDNmZGEwMmYwZGY6MTc3MzcxMjg5OQ==,pending
tencentcloud-sdk-python-iir-3.0.897.tar.gz,2023-05,benign,586e784949ed55ca04ca080869b69b2f754d47dcad5a5358e5bc80d05263ac09,YjBkMmQ3N2RkOWM2YjMzYTY2MGU5Y2E0Nzc4MTJjNzc6MTc3MzcxMjkxNw==,pending
tencentcloud-sdk-python-mariadb-3.0.902.tar.gz,2023-05,benign,b03cd8f0a373bd35ebc16103f056554cbdb083b83c100d61be3c384770c14e11,M2U4MDkwZjJlMGU2YmM0N2Q2ZjQzOTNjNjNlZDBhZDg6MTc3MzcxMjkzNg==,pending
torchdatasets-nightly-1685404999.tar.gz,2023-05,benign,87e2e0d1b7f3c1aa48b101b4272fb8da61fb651e65de73ee0b1d356c51873034,YzVhYWNkNmFmZTJkY2JiYzlkZmI3MmQzNTcwNmIyMjQ6MTc3MzcxMjk1NA==,pending
torchxrayvision-1.1.0.tar.gz,2023-05,benign,afcc614f204efcbd6a6208145bf7680b856b1ebb98f8c2346f59a1d74fb4b6a5,NTBjNWJhOWQ4ZWM0NTFkNWNhNjM4NWNlYTZmYWZkMDM6MTc3MzcxMjk5Nw==,pending
uplogic-1.9.1.1.tar.gz,2023-05,benign,b75feb81e37741e508417617c21bb73f8c7c4c4b8ed91af07a1c4d5a50977148,M2I2NGRmYjU4OGUzMjBiYWVhZGEzNzhjMjQxNGY4ZmI6MTc3MzcxMzAxNw==,pending
vector_vault-1.0.0.tar.gz,2023-05,benign,3b11db97a2da99f3ee07595cfd7472573ebdd66578e4fd66e6e0209e9a988cab,NmRkOTgyZjZmYTFhN2RlYmRhYThjMDU1ZTE0OTRjOGM6MTc3MzcxMzAzNQ==,pending
weaviate-cli-2.2.0.tar.gz,2023-05,benign,230be1c3f48ef61bfab7d384143bc6ead4c2b3124b3421c40c0cb67a875c081e,OTc5NTQ2Mzc3YmUxZTU5MzQ0ZjNlNTUzNzU2ZGY1Njc6MTc3MzcxMzA1Mw==,pending
web_foundation-3.0.27.tar.gz,2023-05,benign,f0b12dd2ba261e9f9be16671c67ee75b21df2fe418804cc01bbb96152099b1bd,ODUyOGYyODFiNGVhYjZmMDFkMDA5NTM5Mjc0ZDU4NjQ6MTc3MzcxMzA3MQ==,pending
wistiapy-0.0.11.tar.gz,2023-05,benign,c274e7e26d09e5270b0fe8be81dc484b027ffa5c7643db0c2d47a35575f2440c,MjQzZDgzODMyNGRhZWZlZTc3YzM4OWYzNDc3YjNiNjI6MTc3MzcxMzA4OQ==,pending
yatl-20230507.3.tar.gz,2023-05,benign,c2ea01c95c16a4cde49233444dc52dd60d64cf51c30dcf22ec996848423e91d9,NDRkMGFlYjc2MDE0MTdkYjEyZWM5MTk2MTczNjI2MTg6MTc3MzcxMzEwNw==,pending
aws-cdk.app-staging-synthesizer-alpha-2.83.1a0.tar.gz,2023-06,benign,52dc6101869b6db63fcd1803f00029b61108367227e727d3ec89523786c6861a,ZThjODk5YjM0MWEwNzFhMTZlZGRjMzA0YjZkNzJmZWY6MTc3MzcxMzEyNQ==,pending
aws-cdk.aws-codebuild-1.204.0.tar.gz,2023-06,benign,420843f0e0373cd6c0786579aa78f4f23df6f041ce8ff337e8a53744c0adf1ba,NWI2NmRkN2E2MWZmODcxM2I4NWQwMGY0ODRlMmIwMWI6MTc3MzcxMzE0NA==,pending
botocore-a-la-carte-eks-1.29.157.tar.gz,2023-06,benign,2421c23890f85fdb12db519f193583d1297af1444618780eb3d9942dc22b279c,NDBmMmMwOGFkNjY0ZWEzZWMxODVmZmVkOGE4MDEzM2M6MTc3MzcxMzE2Mw==,pending
botocore-a-la-carte-elasticbeanstalk-1.29.144.tar.gz,2023-06,benign,e92f636fa97440748046d273c337fdeb84377663ae3f72b1af197f3f1347db66,MGVkZmMxOWIzMTU1YWQ3MTViMGEwMDQxM2QzYmVmMmQ6MTc3MzcxMzE4MQ==,pending
buteo-0.9.15.tar.gz,2023-06,benign,279b15c6c3ba831f5d7609e2a18b286772fb3de86a3135aa2c65bed473cb48d9,NWZlNTQwYWE0NTk1NzA2MmFlZjU5MDc4YWQxZmJlYzU6MTc3MzcxMzIwMA==,pending
cdk-hugo-deploy-0.0.215.tar.gz,2023-06,benign,ff5aca16e21740e87f422a0410a37cf06a806c1b42694a81f19891ef9687fbeb,YTFkOWJhYmI4NTMwYjdmMGNkMmI3OWU3NjYzODQ5MTY6MTc3MzcxMzIxOA==,pending
d20-orm-2.0.2a15.tar.gz,2023-06,benign,3eedb5ac86e7291b414b04a489c04e94687f93f4389a40347fd09b356ab6454d,NzM0MTA5MGZhYjY4OWZiZWQxZWNlNDA0ZWYzOTVmYjI6MTc3MzcxMzIzNg==,pending
harlequin-0.0.13.tar.gz,2023-06,benign,44c715de7114ef483a2cdaa948bfeb29f8ef0fddc59ec7299fe287237649d237,MDg5NjFlNDhiNjg3NGVhMmI2ZjUwNzEwMDYwNjg0Yzc6MTc3MzcxMzI1NA==,pending
kombu-5.3.1.tar.gz,2023-06,benign,a651a6a4c76deb7e6fe857f91f257e13541f2ec5814b759d049d9c3bc046e468,MDFjZjg0YjIwOTk4NmRiOTMwN2Q2ZTg2ZDMxYzgyNjA6MTc3MzcxMzI3Mw==,pending
lbt-dragonfly-0.10.143.tar.gz,2023-06,benign,80b2922430d57855d326b0de45f0c9c19951613d7928bc72f948cd1a2fd19f99,Y2Y2YTFmMTIwOWQ4MzgxYWY4MTM5MmM1ZmNhYTRkMWE6MTc3MzcxMzI5MQ==,pending
oceano_algos-0.0.183.tar.gz,2023-06,benign,480551eba7246453e70dc37bf05fdce8f98a635bcd9e28e8cbafbb69943e8f24,ZDcwMzcyOGYzYzZkYzIxNjI0YzU0MDg4ZThhODE1MTI6MTc3MzcxMzMwOQ==,pending
oloren-0.0.29.tar.gz,2023-06,benign,7b679e34e57cb019af8c3f3d65e603d531c082853eff8edcca68d7cccef2d1ab,MzcxMzMwNTMxN2NkYjIzOTRjMTIyZmE1NmExMDcyZTA6MTc3MzcxMzMyOQ==,pending
prefect-aws-0.3.3.tar.gz,2023-06,benign,6a1f54bbee2e4a36a08e86609bbe21665358a9f4b18771f48880b93282761ade,YzdiNjZkZDU5ZGU1MjU2ODM5NmZkMTJjYmVkNWFkMmY6MTc3MzcxMzM0OA==,pending
prisma-0.9.0.tar.gz,2023-06,benign,94016fcb1f87af9fbe602275e3f3108538026f8de9b4e31558635be30ea95410,NTBjNzFjNDJiYWFiMTQwNzBkMzVmMzUyZmIwMDU4OTQ6MTc3MzcxMzM2Ng==,pending
pyasyncore-1.0.1.tar.gz,2023-06,benign,76b60094eace8d87bc7161022cede761411be9b61812824a040d92ebe48a7440,MTFmNDQ2Mzk2MzBlY2MxOThkZTgyMjRkN2UzMTNiMDM6MTc3MzcxMzM4NA==,pending
redis_benchmarks_specification-0.1.72.tar.gz,2023-06,benign,f8c848f241131149601031b9811e1b411fa94f64fa7e86efac1ea277ad7a95c6,OGNmNmI4NDg4NDYyYzBiNWU5NmJiM2RiZTRiYmUzNDk6MTc3MzcxMzQwMg==,pending
robotcode_modifiers-0.44.1.tar.gz,2023-06,benign,74110757998b02246d1fb5e3ca2b1020febbcbdbb73edccbc181e83d59cbd731,OTJiYWExMjIwYTZiZTZlMzQwYjFmZjAxNDk3ZTE2ODg6MTc3MzcxMzQyMQ==,pending
snakemake-7.28.2.tar.gz,2023-06,benign,031ed930c0dc2aaf5f3c107c8bb7ff93f190b87430296732fe0ea8abe2f4f46d,YTczZTkwYTRkYjE3NWQ4YWU0MmY5YzgyZWQyZDE0Y2I6MTc3MzcxMzQ0MA==,pending
steam-sdk-2023.6.20.tar.gz,2023-06,benign,ee67817dd61421b9782f35ba403b6e465e01bd32925e377266bc7098e3c6c76d,M2E3ZmQ2YmQyMDVmOTIzNWZmOGExNTFlMjk4OGNjZmY6MTc3MzcxMzQ1OQ==,pending
telectron-2.0.106.1.3.tar.gz,2023-06,benign,e50dfde5339304ba57ce750bd9e8a0a2ee176be0f4390b3474a91803c60c9cc5,MTE2MjdlY2VjMzc3NWUwMWE3ZjdmNDFlZDg2M2Y2MmQ6MTc3MzcxMzQ3OQ==,pending
tencentcloud-sdk-python-bmvpc-3.0.907.tar.gz,2023-06,benign,91d83f858a93625332c4c09a37cf3f1cf142c0f0f195ec1ee3090c387c7f8cdc,NmQwYzIwODlkY2U3OWE4OWJiN2M5YjVlYTIyMmFiNzM6MTc3MzcxMzQ5Nw==,pending
tencentcloud-sdk-python-tms-3.0.914.tar.gz,2023-06,benign,742b8ffebe6ba508f0031b41fd3cf7f73dd72905364fde56357a9c945fce0f0e,MjZiMmZiZDY5NDJmYzkwZTQ2MWE2MTA1NDg4Y2Y3OTg6MTc3MzcxMzUxNQ==,pending
xlwings-0.30.10.tar.gz,2023-06,benign,42bd7781ae87587caaf1e9ed722e62c677a1d0e1a7f6be8cbc8670b19c0d689e,YzA3N2JkZTI1ZTQwYzBhODIzNzVlNzcyMmQ1MzYzMTE6MTc3MzcxMzUzNQ==,pending
airbyte-cdk-0.46.0.tar.gz,2023-07,benign,de74d2f041de5923fd2e99b4c218ee4d434ce06e61727135d731741c9b71f8f3,OTEwOWIzMDk5YzNiMTI4YmQ4NThiYWIyZWFlZTNhMTY6MTc3MzcxMzU1NA==,pending
AnyBlok-2.1.0.tar.gz,2023-07,benign,2e1b57f9364b3ce120660b4fdd10148a6c1aa6c8105d36a04f189779a9720688,NzMzNGI2NmY4MzBiOGMyMmM5M2JiYmFjYjRiODY3MGI6MTc3MzcxMzU3Mw==,pending
benchling_api_client-2.0.191.tar.gz,2023-07,benign,faa05741ed496fd2181b0a52ef08d8d247812a832affaa32bc2a687916572aa1,ZTMzMjVkZDUyYTE0MTBjNzg5ZjlhMDdkYjRlNTI2MTE6MTc3MzcxMzU5NQ==,pending
botocore-a-la-carte-iotanalytics-1.31.13.tar.gz,2023-07,benign,d5b4256361c4fd2420d5314bf766bb5fb74a973764573a7ec4387f0758fa96c4,Y2VlZmY4ODI1NmUxNTEyNzUxODQ2NjY4ZWVhODU0Y2Q6MTc3MzcxMzYxMw==,pending
botocore-a-la-carte-iotfleetwise-1.31.11.tar.gz,2023-07,benign,e9fbf1395c0616fd257a721fca8fb76b8d35b023797100dbba28369989c17faa,MWZhY2I4ODU0ZTM3Y2YxZjI4N2JhYjkxOTVkYjYwYTk6MTc3MzcxMzYzMQ==,pending
botocore-a-la-carte-license-manager-1.31.9.tar.gz,2023-07,benign,29a90a323156495ce7942797389e11e8c5903e8807c9cb027651fdee73b8a27b,OTQ5MTZmM2Y3N2NiZmMzZTc3OTJkN2Q2MzNjZjNjYWQ6MTc3MzcxMzY0OQ==,pending
botocore-a-la-carte-mediapackagev2-1.31.12.tar.gz,2023-07,benign,57de235e903268fd1cf0d5f30c2b92fb900b7bb002abd9c0a477ff2fd14a4ddd,NmQ5N2MyYjA0ZDY4MGFjMjI2NGRjZGFlMzY4ZjU5NmU6MTc3MzcxMzY2Nw==,pending
botocore-a-la-carte-mobile-1.29.165.tar.gz,2023-07,benign,7b270b326bd7904cac467fbdbc08ecd4a217b14552d7ede45f3bff6634784d03,YmYwNjRkYjc1MzJkNDRlNGM2ODcxZWQzYjAyMjllYmM6MTc3MzcxMzY4NQ==,pending
botocore-a-la-carte-qldb-session-1.31.9.tar.gz,2023-07,benign,da5c1ff0e7f1eb1e314df4fb2e4cbdfe623778ecf9460a8cbd59216fa3fba4e1,NDNhYjUzOWFhODBhMzIwYjUzOTdmYTM5N2IwMWZhOTQ6MTc3MzcxMzcwNA==,pending
botocore-a-la-carte-sms-1.31.2.tar.gz,2023-07,benign,7fe5ca0475f474a10a70a02e3084af72fe0e7772991b4d10a2cc9ee6cc241ac4,NjcyNWM3NDAwNzViMTY2ZDdhNGE5Y2YxNTc5ZmZiZGM6MTc3MzcxMzcyMg==,pending
checkov-2.3.338.tar.gz,2023-07,benign,67e496c5f3ae1e7cb65d670431099b5488980c3f03e25589cebc91211f5413f1,ZjFlMzlhZTU5Zjc2YTFhZjU0YzZkMWQ0NjFiZjg2NTA6MTc3MzcxMzc0MQ==,pending
consolekit-1.5.1.tar.gz,2023-07,benign,5f5f84ce610c6cd19a6bf117d893db418265a1fdab06b4ac05ac05dedc91529c,Mjc2ZTEzMzhkMTMxNjk5ZDExYTcxZWRjZjc0YjdlMDE6MTc3MzcxMzc2MA==,pending
coola-0.0.15.tar.gz,2023-07,benign,ef1f8c13e27ef3463595345b9b1e792b0da9df349b2de76432f5b00ffe65c968,ODNmZTUxMzkyNTgzYTBjNzllNzhhZTVjMTMyYTk1MWU6MTc3MzcxMzc3OQ==,pending
desc-opt-0.9.1.tar.gz,2023-07,benign,f8cef3ecb08ece501cf10de1e2bf9d9663359c43d2cf439a2f57f147a1e8e92a,NmRlOGI1ZWRiNWE2NTRjNGQxMzk0NjVhNWE4NWQwMGU6MTc3MzcxMzgwMA==,pending
ebbe-1.13.2.tar.gz,2023-07,benign,c7f69578da3d963075d9484833b99a4aa7ee3d0ee64abc70bef49548255a865e,ODE5ZWJiZTBjNGViMjI5MTBhZDYyNTczMjY5YzdmYTM6MTc3MzcxMzgxOA==,pending
ecoengine-0.0.16.tar.gz,2023-07,benign,2b9fd5ad859fab5ff520fce521329b0b6a28dbf91441787a80b9a31403321571,ZWNhNTVhNTY5NDlkNDc2ZGI2ODc1MmUwMzYxNDY3ODY6MTc3MzcxMzgzOA==,pending
fastapi-cors-0.0.6.tar.gz,2023-07,benign,a05ed6ef94e7251deb8b7ed8a08668153c98d7336d2a256cc511402519c13d5b,ZTAxMDllNmQ4OWM3ZmRlZjAxNDNkNWQ5MGVhNTNjYWQ6MTc3MzcxMzg1Ng==,pending
google-cloud-billing-1.11.1.tar.gz,2023-07,benign,48bd1f1febe678f5bdffd9730388ba5282559b1e87a0ec5a8b9add68f065709d,MjU2MDFjZGM3ZjIyZDQ5NmQ2YzkzYWEzZjYxNWJjNTM6MTc3MzcxMzg3NA==,pending
jupysql-0.8.0.tar.gz,2023-07,benign,f8f8a5115f7d69ae2261bc10f86957b00fd241c6f5dc494f4cf3004aa45e1a47,NjViZjhkMTMxZTg0YWViMDU1NzFkYWY1OTk1ZjMxZjI6MTc3MzcxMzg5Mw==,pending
lollms-2.1.18.tar.gz,2023-07,benign,dc332a5b449d13ce915831f89cb12846811fb709dbb2dda1cb51bd837e718b7d,MTFkN2UzMzIyYjgzMTM4ZTg4OTc3MGRhMzU0NTFhOWE6MTc3MzcxMzkxMQ==,pending
lumibot-2.6.8.tar.gz,2023-07,benign,325563d7929d6033fc0be3a0d0f029d90a56eb7dedc57747c5aeac4c9f5e4143,ZTlhOTBjMjhmOTM3NTlmMzQ1MDdiMGNmYjg4ZTZlNDA6MTc3MzcxMzk1MA==,pending
luminesce-sdk-preview-1.13.181.tar.gz,2023-07,benign,d355738a5b8a652a0517c9e93a82b5ecfa3139c042f6c1b12d2d0e38b01169b0,Y2NmZjkzOTliYWRhMjFmYzlkMzhlYzNkNjdkMDFjMDU6MTc3MzcxMzk2OA==,pending
lusid-workflow-sdk-preview-0.1.330.tar.gz,2023-07,benign,1f1b9f0121207e1d5be5572fd188fdcaffc21b10ac5b8e7e5af936f180845e0f,MWU4ZTk4MTNmODM3YzE5NGQ1M2NjYzg2MGYwZGI3MmI6MTc3MzcxMzk4Ng==,pending
metal_python-0.22.8.tar.gz,2023-07,benign,5417b60dd7a0f2a42ea2e8b1613ca67ead00c5d702b7e7e1cc62fbe94c327d76,YzBiNmEwYTkyNTlhMzNiODU2ZjU0N2FlN2IzNjk5YWE6MTc3MzcxNDAwNQ==,pending
mypy-boto3-customer-profiles-1.28.15.tar.gz,2023-07,benign,b70724fa0af49c9a14e0ccaaca20c62c2d6962dd6de8782471cbb99eed9cd2a3,Y2IxMWE2MzllNDhhZWJiNjBkNGIzZDI3NTU3ODk1MGE6MTc3MzcxNDAyMw==,pending
mypy-boto3-ivs-1.28.4.tar.gz,2023-07,benign,8dfa82a0b878674ca96ef43962bf022889654610555b8aecc7ffc40fbc2c7db3,MWFkYjE1YWQ1YzYzZTA2NjcxNjYyMzljNjVjNWFmNzU6MTc3MzcxNDA0MQ==,pending
mypy-boto3-kinesisvideo-1.27.0.tar.gz,2023-07,benign,27bd0533f8a343a87e4eb4841153af815386413a4944b567749d3662f21c262d,ZDM0MDEzYTdiMmQwZGYwYzg4OWM4YzVlODE4OTUxZmE6MTc3MzcxNDA1OQ==,pending
nbgrader-0.9.0a0.tar.gz,2023-07,benign,1ac45c9e92b04ee04c80f88a938bc5288e0fe90a19a94679590fb9b1ea1a177a,N2VhODM1YzI1NTg1ZjNiZWY4ZTVhOTc0NWRlNzlmNWI6MTc3MzcxNDA4Nw==,pending
pyabc-0.12.11.tar.gz,2023-07,benign,25342cecc5226efdc6d0bb9a7fa424a47ec6aef52aacfa230c96565af3c1fe0a,MGVjMGFkZTJhZmQ5YzdiM2FmYzJjZjEwZjgyMTlkMjk6MTc3MzcxNDEwNg==,pending
tencentcloud-sdk-python-memcached-3.0.1109.tar.gz,2024-03,benign,f949c0eed88db4f05468fcd29088da27de121ecf3434564c1324e56015f7a01c,ODUxNjJkNWEyM2JhYmU1N2EyODQ3NWJmMTM4NTBlNWE6MTc3MzcyNTYwMw==,pending
pyclarify-0.6.1.tar.gz,2024-03,benign,a1db896aac3ccb534a5675bd155783288831496bef054f2ca6fca432d36f54bf,Y2NmOWM4OTBhNWVlMzAyMDU3MTViMzcwYWQwZWIxNzc6MTc3MzcyNTYyMQ==,pending
PyPDFForm-1.4.14.tar.gz,2024-03,benign,3a04ea2b29d5fdbf235011d73e5d0f6dab6f1029547fe2d66f5786405beb54dc,NTdkNDI3ZGQ2ODNmYmFlYTExOTczOTM0MjRjZjQyNjI6MTc3MzcyNTYzOQ==,pending
botocore-a-la-carte-finspace-1.34.61.tar.gz,2024-03,benign,99772f1b8094b9e0cff9324375f8f16207fc3425b8859cdf77b6530381ed4154,YzZhMzYzNjQ2YWYzMTY2MzM2NTM2YTkyZWNmOWVmZWI6MTc3MzcyNTY1OA==,pending
lhpapi-1.0.0.tar.gz,2024-03,benign,a0c69040db402a152a3b9f9e339d610d3b3a778a110a6289c1142a8102b2e325,MzZjODIzZDRkNDM2NTMwZjIwZWYxM2U1OGUwMGNmMmU6MTc3MzcyNTY3Ng==,pending
quantstats-lumi-0.2.0.tar.gz,2024-03,benign,d6e6c85ba73011384ba7b05264ac8e1c3203f973831a3eaba88cc1546ed3a03f,MDY3YTQ1ZjBlOGIyM2MxNWVjZmNhMjgyYjg1MDVjNjI6MTc3MzcyNTY5NQ==,pending
tencentcloud-sdk-python-habo-3.0.1107.tar.gz,2024-03,benign,9ceb1a6f3fe72691ab588ccd8640de2713cd55d475e9a04849d4691dcca5238c,M2UwNjcwZjYzYmVkYjMzM2QyZmJhOWQ3NDdjMGVmMjM6MTc3MzcyNTcxMg==,pending
fyodorov_llm_agents-0.2.118.tar.gz,2024-03,benign,8cccd5d7d47bed6f50d50430b487f6961d5062e458759c53d2a9ec98636117a7,ZmI3NTA5NmFmZjhkYmZmOWE0YmUyMjgzMzRkNDZiNTg6MTc3MzcyNTczMQ==,pending
paper-qa-4.5.0.tar.gz,2024-03,benign,04eea45705f5bc3b479cc9d81047cbc88fb11760a31a5a5505ad03352981f03e,YTY0N2VkZGEzNWQ4YjczODI3ZjQzZDQ1N2I1NThhZjA6MTc3MzcyNTc0OQ==,pending
botocore-a-la-carte-textract-1.34.55.tar.gz,2024-03,benign,bb15552cce7e6ab5da62ebe113e2181a0ae5739b2dc87c26db9fff65495cd812,MDY4MzhhNzQ0NzdjOGEwNWRiNjE4ODgzM2ViOGFmZGM6MTc3MzcyNTc2Nw==,pending
synch2jira-0.0.88.tar.gz,2024-03,benign,30d155b96c86af62837a40597f3c7626966c378970b9e5b54708eebcd771765a,MzhkM2ZmZmIzY2JkNmQ3YTIwYzgyYmNkYzRiZGZkNzY6MTc3MzcyNTc4Ng==,pending
botocore-a-la-carte-cloudcontrol-1.34.64.tar.gz,2024-03,benign,2e0dddaab1172fa7f54becc417a3dce1e80d81d192505de68e9fd9e3954aa6f9,NTU4ZjYzYWU4YzJlNTRkMTdmNzBmM2ExZTUxNGIwYTM6MTc3MzcyNTgwNA==,pending
botocore-a-la-carte-eks-1.34.57.tar.gz,2024-03,benign,e126d6a28379355b93219346bbe2b559935414a0791f9d93bc347651b54718d3,NGFjNDNiM2QyMzU4NmEzMDljNzcyMzY2NGM4NDA1ZDA6MTc3MzcyNTgyMg==,pending
resampy-0.4.3.tar.gz,2024-03,benign,c55cffb987e556ecf82f2d2706700d6bf57d93d07cc4662258795ad0c4bace9a,MDUxZmM3M2Y0ZGQ4MjkzMWVjZjRlNDY5OTAxNmY2OTA6MTc3MzcyNTg0Mw==,pending
botocore-a-la-carte-dms-1.34.67.tar.gz,2024-03,benign,8c7ae9668eeab32a264932884ff278f43feadea03c232e283c6974f6faf253bf,NDFmM2Y5YzdjMTU5ODZjYzEwZmMxNmE1OGY2NzBlY2M6MTc3MzcyNTg2Mg==,pending
botocore-a-la-carte-emr-serverless-1.34.65.tar.gz,2024-03,benign,b763543736dc56e8e37ee05eeddfa6ba943199b7c343fc76cfb9593056d81e20,NmM4N2ViMTdlOGM4MDdhMDk4MWJjNmFiMzA1NTQyYTI6MTc3MzcyNTg4MQ==,pending
botocore-a-la-carte-fms-1.34.60.tar.gz,2024-03,benign,1b9ec6bedbea1aa196d89b21a1287528697377f5d912964ea993112778cb0573,ZjZiN2JiZjA1NDg0YWFhYTE5MDllOWY3ZjIzN2NkOTA6MTc3MzcyNTkwMA==,pending
pandas-plots-0.8.15.tar.gz,2024-03,benign,7c014951397d8c541cc6aa4c62358b0ebe69700481fdc940a52aef6fc037d2b2,MGY3YjAwZTQ2ZGI4MjQ4MTRmMzNjMDU0MzBhMWUyMWI6MTc3MzcyNTkxOA==,pending
vantage6-client-4.3.0.tar.gz,2024-03,benign,74b58ebd588d76a6759d58ccc6290c55fbd41072406c9f0cc54a8d15c9b96c7f,ZDVmOGNlOWQzNDc0OWZjMmZkMTU3ZGFiZjIzN2QzMjM6MTc3MzcyNTkzNw==,pending
botocore-a-la-carte-budgets-1.34.62.tar.gz,2024-03,benign,89f5aaf2606c4807a4c8a6cec114585b322ff57944859db27945c6b014de59e4,YjAxNjViMmRkMGM5MDQ0YzNjMDcxNTA1OGVlY2Y4OGU6MTc3MzcyNTk1NQ==,pending
mecord-cli-0.7.32.tar.gz,2024-03,benign,d523d306693ef6eb46781a1f057f335c74ba7631ba61bc6047402521c18be227,OTAzYTAwYmQwNDI5ZGQzZWQ3OTc0MDJkZjdlMWZkZTY6MTc3MzcyNTk3Mw==,pending
moodle-dl-2.3.2.4.tar.gz,2024-03,benign,e1ff762ae6d8b27ac0d8e0f2449bbda93f0a100f19ea85d202ef86d0bebe63d7,N2Y0ZTZmMjA0Njc3Yzg1NDExNTU3ODViYzIyNDM2NzM6MTc3MzcyNTk5Mg==,pending
tencentcloud-sdk-python-tiia-3.0.1111.tar.gz,2024-03,benign,0ab9e0c4aafdb31802f4ed19901bb89071311d186817d02f4a4ace21d1a69031,M2EzNmFlN2VkNGVmMDY0NWI5ZjcxZDgyMmNhZDgxODA6MTc3MzcyNjAxMA==,pending
wizata-dsapi-0.4.46.tar.gz,2024-03,benign,8828d8867991c7b1ce6f32ca5ae416ac6a5077e29734e7b3f063994938a46996,NWFkN2Y5MzVjZmEyYTRjODFlMzIxZWQwN2JiODk0MGQ6MTc3MzcyNjAyOA==,pending
cloudoll-2.2.1.tar.gz,2024-03,benign,8d52e31c40d8b52bb33d3cdd77a500584787eb17a6f8a1b4fabb6ee612689931,ZjdmMjc3NGVmNzJlYjJjY2QwNGI0YzFjMzM5YTcwMTA6MTc3MzcyNjA0Nw==,pending
robotcode_core-0.78.2.tar.gz,2024-03,benign,f3e63c10ce7ec86e978fc02311cca3f4361c8df44f9dbc59c902de91575f0e2d,ZGVlY2U3NDMzNWNiMmUwMWUyYWZlYTQ5MDNjYTVhOTU6MTc3MzcyNjA2NQ==,pending
mitoinstaller-0.0.296.tar.gz,2024-03,benign,55c6cc7334f4f5a5680d704c47d5ab49a903fb01ccb4257dbc092fdb4a84f761,YjY3MmY2MTk4Y2Q2ZTRlZTMzZTU0ZGZjOThkYWFlMzA6MTc3MzcyNjA4NA==,pending
swh.objstorage-2.9.1.tar.gz,2024-03,benign,b065bdd88bf322f49b0a65578b946e96d5457b25f5063abc51c7a6361425c65d,ZDljMzA1MTczMDhlZTRhZGU2YmVmOTY4YzhmNGZiMzE6MTc3MzcyNjEwMg==,pending
parquet_tools-0.2.16.tar.gz,2024-03,benign,339691a62f8aa2f1d6bfd1c5866e3b99da42398f4780384802fc5587cf902ed8,YjViNzcwYTEzMDc2YTMwYjMzY2EyNTBkZjNmMTUzYzQ6MTc3MzcyNjEyMA==,pending
ddtrace-2.7.5.tar.gz,2024-03,benign,52224d33dfd1e6dd245e50487d309f5caef5409e32d701f602cf5b0274e8494b,YWU3ZjQwMmE1N2Y5ZWViYmZiYzEyNWNkYWE2OGQ3YmM6MTc3MzcyNjE0Ng==,pending
rigging-0.1.7.tar.gz,2024-03,benign,bc3f237183e4bb7a71da6e39b886d302de0e236b072d9ec94cd4f9240242c0c5,NWFjZGU3OTQyNmZmNDcwYzYyODRlYWVlZTFlNWQ1MzU6MTc3MzcyNjE2NA==,pending
spanishconjugator-2.3.7373.tar.gz,2024-03,benign,1c37f83f38414f6a3c7a37920ab83df3afdf07f53b8aa402d17884fe36f32d46,MWE1OTJjMDQwZDgzNjc5ZDBiYjIxNjExYjU4ZjkzOWQ6MTc3MzcyNjE4Mw==,pending
openbb_quantitative-1.1.3.tar.gz,2024-03,benign,712ebd33d6de89ef64f24c7e6b33b8a2708da35267e90d0a176123c2af8ea850,ZTg3MmRlNzMxNGE0NGJhZGY4ZTFhZDAzOTI2MmZkOTg6MTc3MzcyNjIwMA==,pending
v4-proto-4.0.0.tar.gz,2024-03,benign,2d498816c6a14e60f44eb38523bbf88011877d57299f658484a20558122d5774,YmI1ZTllYWI5NWNjZDRjNzFkOTJhOGIyNzI4YzU4ZDQ6MTc3MzcyNjIxOQ==,pending
tencentcloud-sdk-python-antiddos-3.0.1111.tar.gz,2024-03,benign,eaed6124322c5ef722eed03949c3f8b179d541641bd9cba27191c305026efa9f,ZDIzYjRiOWVjNWM5YmRiZjhhNzI5N2ZmMDcyODhkMmY6MTc3MzcyNjIzOA==,pending
botocore-a-la-carte-ses-1.34.57.tar.gz,2024-03,benign,56d684ec667c9667a3dcbff6cee1c25c54e185993210f9ec2952db94cc59bde3,ZmQ1OTU0YzNiNWYwNGE2MzRmOGE1MDU1ZTgwNmE0ZjI6MTc3MzcyNjI1Ng==,pending
kolla-ansible-17.3.0.tar.gz,2024-03,benign,65564643e9d37427c59325c63b819e03e7f4d9634d61050a55d911edff6a0e10,MzA2ZTAxNWU2MzQ3NDA1MTEzMGZjNjQ5MGNlZmI3MTE6MTc3MzcyNjI3NQ==,pending
botocore-a-la-carte-wellarchitected-1.34.72.tar.gz,2024-03,benign,7216ba72df12d35153610849e20412857aa9deca68787751ec12951ff04901a6,MjFkNTY0ZmU1NGM2ZGExNGIwOGE5ODQ0YjQ0ZDY3OGE6MTc3MzcyNjI5Mw==,pending
chromedriver-binary-124.0.6364.0.0.tar.gz,2024-03,benign,2dbc1c667c36d1cab7ae96abaf5c6261c707fc971bb6a59ecccde968dce39ea3,NWU1MWIxZDI3OWY2MmM2ZGY0ZjcwYjllYWRiODAzYWI6MTc3MzcyNjMxMQ==,pending
types-aiobotocore-ec2-2.12.1.tar.gz,2024-03,benign,a6d9c3b800e1733e5b09e5f7e37ba6e77f3fa51fbf0a1564cb7ef1448802caf2,ZjhhMDEyMjg1N2FkY2QyZThjZjk4ZmY3N2JkODkxMjg6MTc3MzcyNjMzMA==,pending
izio_cli-0.1.93.tar.gz,2024-03,benign,12590b6459c712c8568f0b6b32058703fd1aff79ece77376f4456bc3d9787599,ZDhkNjZmYTBmY2I2Njg5YjZlNTA1MzZkZjhhZDEzOWM6MTc3MzcyNjM0OA==,pending
fyers_apiv3-3.0.9.tar.gz,2024-03,benign,b871eb0975e98f129f05dbd659eb2e6614163e7476ee0b9928fb62db14f059a0,YjM1M2E0NzljMmEwOTIxODkwZTlhYWY3NGJmYTE4MzI6MTc3MzcyNjM2Ng==,pending
botocore-a-la-carte-iot-1.34.57.tar.gz,2024-03,benign,b1763269fdcbdbe98cba11f8750bcfe060c005918aff12c80d4a01411383e829,YzU2MjExYmUwMjJiYzZkYjQ4YTg2MzI3ZDRiYTFiZjA6MTc3MzcyNjM4NQ==,pending
botocore-a-la-carte-connectcases-1.34.70.tar.gz,2024-03,benign,f6a81ba52e27c575b426c9d3a25fdd37bd7a47528768f5b7d13899d9b44e8bf2,OGRmNDkzZTk4ZGZhMDI2MzkyY2RhNzBlZTYyYjA1NDE6MTc3MzcyNjQwNA==,pending
watchmen_rest-16.6.13.tar.gz,2024-03,benign,9c56d6112992c933a1fc26e832c25f7ca75430b2d799024f837aaf4a30a1ba9a,NjUzMDg1ZGQ5ZjBjMDk2NDFmODM2YTNmNzEwYjY0MDM6MTc3MzcyNjQyMg==,pending
finbourne-access-sdk-0.0.3756.tar.gz,2024-03,benign,c2f3c73947ded6595dd4e5338960694fa5196ee8abc3778ce1cfa373b48d322e,OWI5MWJjOTgzM2E0ZjgxZDM5NWNiODAyYjg1MzIwYTk6MTc3MzcyNjQ0MA==,pending
botocore-a-la-carte-license-manager-1.34.66.tar.gz,2024-03,benign,81ada66d6044bad38bb2d8178715409f73bb8a7b8d8ac27de78b381d4821f295,ZjZlYTQzMThiZWM0Mjg4M2NjYjcwMDg2MGFjMjk0ODY6MTc3MzcyNjQ1OQ==,pending
pyway-0.3.24.tar.gz,2024-03,benign,49e9b3223cba144b3a04951ae9bba425edb2073c6e9f52b3390ccda387427870,NWQ4OTdlZjkxNDQyYzFmYWZmYTE5ODM5ZmRjNTI3ZTA6MTc3MzcyNjQ3Nw==,pending
botocore-a-la-carte-backup-gateway-1.34.69.tar.gz,2024-03,benign,3ef2f6335eae7b9bf0f0457c02deb8d1e9e326c5f47ea009e93031d5fe17a506,YzNhMmQ2YTE1NjNlY2VkM2VmMWRiMTM3M2FjZTE0NjY6MTc3MzcyNjQ5NQ==,pending
chift-0.1.49.tar.gz,2024-03,benign,c4535693e175e7cbf6c0de02e61a58632c78e8b84ff112f96a43cb3861612435,MDE2ZGEzN2JjNmI5MmFlYTFjN2JjNzFhNjkxOGI1MzE6MTc3MzcyNjUxMw==,pending
pytube2-15.0.4.tar.gz,2024-03,benign,d4f4ee6db2d27a988c7a94d140129b364a234fa4c9ee85e0160a89ce63149835,Mzg1MWM2ZjAxMTliODdmMjE1OGQwYmUzYWNjZDAzOTg6MTc3MzcyNjUzMQ==,pending
impetuous-gfa-0.101.13.tar.gz,2024-03,benign,5cc2a69c973ab61fab593705259a32d3756a71cf7a7d30ae9f1826a7f8d67240,MDAwZTliMGM2MDQ4ZGI3ZmYwMWVhMjM3ZTVkNmFhMmE6MTc3MzcyNjU1MQ==,pending
commonX-0.6.12.tar.gz,2024-03,benign,94926e77514038de71418cc1cdfb0f568a34697b53df833f2c0aeb35903e040f,OGY5NmY4MDRlOGFjYzMxZWVlMzkxMDFmNWJjMzAwMjg6MTc3MzcyNjU3MA==,pending
botocore-a-la-carte-bedrock-agent-1.34.68.tar.gz,2024-03,benign,eb36320a04d7bdee94f4b7f9f4dcf3b1e335db2133705b41983336414bcee1ae,N2U4NTM1NmYzYWE4ZjZjNDQ5N2ExZjhkOTA4OWNjNjY6MTc3MzcyNjU4OA==,pending
tencentcloud-sdk-python-npp-3.0.1110.tar.gz,2024-03,benign,2946139f3b1347d629067b297fef2b8cfc0cb5da77d30d32dca23e2d91654af4,NjZjNWNkMjRmMDBhNjhkOTVkY2RjOTI5ODEzNjFiOTA6MTc3MzcyNjYwNg==,pending
botocore-a-la-carte-sdb-1.34.73.tar.gz,2024-03,benign,e5e7d30943e594b48e46ae750e813fed234c632fff323c165a11a3f267ddfbb1,ZjI4NTc2ZDUzOTdhZWZlM2MwNTAxMDUyYjA5ZDI1Yjg6MTc3MzcyNjYyNA==,pending
ivy-0.0.9.0.tar.gz,2024-03,benign,2a151737aa068d1d83846d01bb9f12a68ee52be134c50484007cc7c58b28f3be,ZmQwMDIzZDkwMTU2Mzc0Yjc1ODhlYzI4MzBiZmE4Mzc6MTc3MzcyNjY1MQ==,pending
botocore-a-la-carte-lightsail-1.34.65.tar.gz,2024-03,benign,56942a37a098185f9f56a62426a2eb610dfc34d4b5ba2b4ab05df2305507a38f,N2IzNjNmOWM5Y2QxNzhjMDkwNmY5NjFlNzA0YmY2NTk6MTc3MzcyNjY3MA==,pending
pylode-3.1.3.tar.gz,2024-03,benign,5da1b37bf1f07da8aba69b8ad51fc0f24cf3727bacc3eb0e546cfb4812f26d21,MzNmYTc5OGIyYTFiOTQ3YjVhODMzNGEzYWVjMDdhOWE6MTc3MzcyNjY4OA==,pending
dipdup-7.5.0.tar.gz,2024-03,benign,0c1b4a7ccad192284b3918d947a00cb4343c5307415821ba9ead8a1891cd50bd,N2I5NDZjOTkzYmZhY2Y0OTA0ZTk3YmFjOWNlMzBmODc6MTc3MzcyNjcwOA==,pending
tencentcloud-sdk-python-cdn-3.0.1119.tar.gz,2024-03,benign,aa5722160be35ff2faf088c9e3b8d15e7dfa0cd888bc51138b192315ee845d39,MzNhYjFkMDEzMzliYWFmMzQ5Y2ZjYjA4MjJjYWQzYWQ6MTc3MzcyNjcyNw==,pending
intake-2.0.4.tar.gz,2024-03,benign,576fdcdcb3fc2c41cfba9c900ca2e637c40ac50b2cda69160669c431955d9eb2,YzMwNmYwYTViYjUyNDE2ZTk5NDgxODAxMjcxN2QyOTQ6MTc3MzcyNjc0NQ==,pending
posthoganalytics-3.5.0.tar.gz,2024-03,benign,cae7479f4e634b41bee0e48c26a92dfb154743c34fbb65e5a1726efc79c33ab5,YmFhMWViYjY5Y2FiZTU1N2RmMzMyNTU2NDdhY2NiMjA6MTc3MzcyNjc2Mw==,pending
pynintendoparental-0.4.10.tar.gz,2024-03,benign,e214099bb2a359ef0884aef435d21119bb8819112f7ed39308fe0f7cc8b5683e,ZDE4MDlmMWZlNjdhZjZhZjc5ZDZlYzA5OWNlMjg5N2M6MTc3MzcyNjc4Mg==,pending
lbt-grasshopper-1.7.56.tar.gz,2024-03,benign,6fd592ca8fb462d934134248ff9ef34cb7a286141120c21c3eca57056bebd556,N2UxNzUwMzY5YzI1YzJmYWZiZTA1MWIyMDhkMzZiNWU6MTc3MzcyNjgwMQ==,pending
langtrace-python-sdk-1.1.15.tar.gz,2024-03,benign,cdfefb6c20fe0fddd51f2123040990221750c0b9a43b0efb306a74d673071e8d,M2RmMDk3ZDFjMTk0MjlhZDkzMmNkN2I2ZmY4MmZlZTc6MTc3MzcyNjgyMA==,pending
mpltern-1.0.3.tar.gz,2024-03,benign,5eaa035439c356b219ad71f3e827e60543fec843b98a37c48b770c023ff80449,NDRlMTkzODI4MzljNmZhN2M2ODQ4M2UxMjIzYWY1OWM6MTc3MzcyNjg0MA==,pending
tencentcloud-sdk-python-redis-3.0.1112.tar.gz,2024-03,benign,25e7f58270be3e1869550e237152b8aa932c69d98602cca3f60471a9e54a6947,NDBlMDkxNGZhNzQ2YjVlODhiYjBjNzkyMjNmM2NlMzQ6MTc3MzcyNjg1OQ==,pending
increase-0.41.0.tar.gz,2024-03,benign,3f415150e4baf1d60166229e88fc92d07ffc8ac09b6366c5df1724a25bb4eb53,OTViODY2NzgzZmUyODE3MzY5MjEwNzI1MzEwOTMzYmM6MTc3MzcyNjg3Nw==,pending
alpaca_py-0.19.1.tar.gz,2024-03,benign,8900df173fc4edd51d9405513d67f7d3ed05616704665bdf099a6b2b4573410a,MzBhOTQ1MzM5OGFlM2YwNWQ2YjZmNjhjYjM3N2FjZTE6MTc3MzcyNjg5NQ==,pending
langchain_googledrive-0.1.30.tar.gz,2024-03,benign,a8954e540d394ef298be7fcf7f50c5832a031be9224a81d13bc2c7b62cf8e19a,MGIzNGRmZGRkNTI4NzE4YjQ1YjNiM2ViMjNjMjQ3YTg6MTc3MzcyNjkxMw==,pending
tmnt-0.7.46b20240326.tar.gz,2024-03,benign,cc17050d98455a2caf169f7ffb9ecd69f862c73c3e02f55f473fca4efd5c16b4,YjIzYmNlZGI2MTliYmQzMDkzYzA2YjM3M2U2ZWExYjU6MTc3MzcyNjkzMg==,pending
pyobjc-framework-OSAKit-10.2.tar.gz,2024-03,benign,d74709ca7fae6307f6d97bdbd93292ac16b23e2fb69ae9eee0ae320c4cb85116,N2ZiOThiNjU1NmI2NTk0ZDUxMjY3MzhjZTZhZmRlM2Y6MTc3MzcyNjk1MA==,pending
narwhals-0.7.3.tar.gz,2024-03,benign,cd68ddbc1089f6891ac8e83a6ca88222b3b6ece576d52741b13841beb5e29a9b,Njg1OGI4ZGMwMzZkY2NiYmU2ZmU4MGJmNzBjYWMzNzU6MTc3MzcyNjk2OA==,pending
botocore-a-la-carte-qldb-session-1.34.68.tar.gz,2024-03,benign,d48193cd2b628280095e69175562b449af297cecaab2d65fd8be20eb5063dbaf,OTU5MzNkYjMxNzI5ODYwOTcyMDQ4YTA5YTkzMzcyNDA6MTc3MzcyNjk4Ng==,pending
altscore-0.1.85.tar.gz,2024-03,benign,b9aeac869be22d1abbf19ce8c872eb1cd978b1574281a41c6ee847cffe93ff93,YjI0N2M0MWNlZDRiZDU3ZDljMTllZTU1Mzc0MTRiMWU6MTc3MzcyNzAwNA==,pending
botocore-a-la-carte-ecs-1.34.74.tar.gz,2024-03,benign,002db058a0285651b05423ee4ee8e7eebe3f440ed35fdcde0f2993af1509cfff,M2IxMTc1M2QzOGE4Mzk3NjllMjY5YzFkODc3Nzk5ZjU6MTc3MzcyNzAyMg==,pending
botocore-a-la-carte-route53resolver-1.34.73.tar.gz,2024-03,benign,120850f7c170da0b0c846c730df880a1d32aeb3fef7aeaadcf6a96dc3f81a5f2,ZjdhMmQzNjY2ZmRlODBiMjgxYTU2ZWMwOTZjNGViOTE6MTc3MzcyNzA0MQ==,pending
npc_lims-0.1.132.tar.gz,2024-03,benign,47a8b1158d12e0e2f4ad0e0c8ba57994804a1fe0c5345c92d90dc3178ca0c5a0,N2Y2NWE5NTVmNjE5YjM0OWJmZmNmZDU0YWUwN2E1ZmQ6MTc3MzcyNzA1OQ==,pending
sunholo-0.30.7.tar.gz,2024-03,benign,323d30094e72f10139e103ae395b5d5aa4b45bbbf0c53bea56a12a484ef29dc3,NGVhZTlhYWI5NmI0YmQzNWUzMzBiMDRjYmUzMjIzNTk6MTc3MzcyNzA3Nw==,pending
botocore-a-la-carte-verifiedpermissions-1.34.62.tar.gz,2024-03,benign,93e6a78b41422393ca6abd07f66f2aee401a8130eb3a5fd2fa501694b970e8d4,Mjc2ZWQxMWM5YjA4ZWIzN2M5NmNlZGQ5YjZhYTFmOTE6MTc3MzcyNzA5NQ==,pending
cdktf-cdktf-provider-upcloud-14.1.0.tar.gz,2024-03,benign,18f70929954073b2509b55d1daacd068be723b24ac7c7d3f19f0160afed1eaae,MmJiNWUyNDk0NzQyMzYxOTE2YzA3MjcyOGRmY2IwMTE6MTc3MzcyNzExNQ==,pending
syft-0.8.5b5.tar.gz,2024-03,benign,2377ff944f812f5a80596b29bb0d12c21c3c08dacd8f11bc2b96e28e6177656f,OTkyNzE2NWQ1ZjQzY2U4ZmI2ODZhZWEyZmE0ZmE4Y2Q6MTc3MzcyNzEzNA==,pending
aiosalesforce-0.5.4.tar.gz,2024-03,benign,1d9346806cb55cabab5a5dda31975c20937485a01dd2bedca44c5ac4458ff840,NmEwODVkZGZmMGQxNjNkYzEyNzkzNWI0ZmY4NjFlNjE6MTc3MzcyNzE1Mg==,pending
sampo-0.1.1.319.tar.gz,2024-03,benign,8390d3a608d0297d4cbeedb01bef25eeb005cc1846c9a50ca8cfa14c4e2491ef,YzA2ZGMwODlkMzYyMTlhMjM4NDc2NzgxN2E0NTFiMDM6MTc3MzcyNzE3MA==,pending
riscv_config-3.17.1.tar.gz,2024-03,benign,51850021fc2ee4fac129cfbfd26549ffa2149163a64519bd538dda7704684618,NzVhZTk1NDRiOGViNjIwYmJmN2IzYjA5MTg3ODFiMTc6MTc3MzcyNzE4OQ==,pending
botocore-a-la-carte-cloudsearchdomain-1.34.53.tar.gz,2024-03,benign,81e8191636e924434406e1093126f67ee220d8134eac4ecd0dd6ad0f4f11c2b0,Yzk3MTU0N2U5NDkwODY3YWZiZTIzZWUwOTM3Mjc3MWI6MTc3MzcyNzIwNw==,pending
internetarchive-3.7.0.tar.gz,2024-03,benign,a08e3d8ce743141ead423b9ad4f01c5d711a5d3ad7e92423d375686770fbafa3,ZjM2NGVhMmVkMDNmYjMyNjA5ZDc3MjIwNzU0M2VkM2U6MTc3MzcyNzIyNg==,pending
scikit-lego-0.8.1.tar.gz,2024-03,benign,bd605d19764fbb0929a6af89f6e0c380001d5790ce1578077a120991b6cb1d7e,ZjQwNTgwNWEyMzJkOTVlMmE5M2NkODE3M2Y1MGM1MjY6MTc3MzcyNzI0NQ==,pending
datadog-0.49.0.tar.gz,2024-03,benign,cce4157de2527844c101ae6d4b952240b1bd79e3d3e4011c103083875a8d3a75,NWJhYWE1NzJlZTg3ZmRkNGY0NzMyNTA4YjQ0YjFiYjk6MTc3MzcyNzI2NA==,pending
baml-0.17.0.tar.gz,2024-03,benign,18ab96c2495d39b7a1095676b2279aeabcd54a4751bd497aee317464c57214ad,NDk2NzQ3NzQ0MTRiYzc4OGUwODVlYzg5ZGU1NTM5NzE6MTc3MzcyNzI4NA==,pending
botocore-a-la-carte-cloudsearch-1.34.56.tar.gz,2024-03,benign,dcb7748fea67e241379383913a4ba1fe3c09925fb1b6e1a13180572103bcdb23,ZmFjM2U3NTcwYTIyYWI3M2FlZTdiYWY1ODEyNzgzMWQ6MTc3MzcyNzMwMg==,pending
paasta-tools-0.220.1.tar.gz,2024-03,benign,7bb5f87541c743fe38051c2089f66465c7147aa9f76326f6d49d0bcec8a61c8e,NTY1NDgzNTM1MTU0MWI3NGZjOTc4NWE1YTAxMDU2MTY6MTc3MzcyNzMyMg==,pending
lionagi-0.0.307.tar.gz,2024-03,benign,20e7b73bb09b89306002c2030923bdd74d5649e1ad286134973b90758f709be5,YTgyMDRlMWRjNWRiY2UzMTYwZTliMmNmNDU5NmI4ZTA6MTc3MzcyNzM0MQ==,pending
Unified-python-sdk-0.20.4.tar.gz,2024-03,benign,90fb9d732b3224bad74973e70b76b20adcb7404232821f44ddee5572029e43c5,Y2U1ZjU5Mjg4MmY3ZmY5OGJkNWM5MWM4ZmZhMDA5MmU6MTc3MzcyNzM2MQ==,pending
boto3-stubs-1.34.57.tar.gz,2024-03,benign,25afafb5bd974949157e7749596092ff9ec27d4ac563c82ab2df31d818ef156d,MmIzM2NmMDVkYzRkYzgyOTU2ZmFmMDg0YTU0MThjNTY6MTc3MzcyNzM3OQ==,pending
paper-qa-4.1.1.tar.gz,2024-03,benign,f0a4703a35e3e14ed5f5271aa3d389aa3e13d9f41444de4fcf561ba2597e3170,NTIxOWRhNGY2MzkxZGRiZmMwYWE1OTZhODEyNzRlMTY6MTc3MzcyNzM5Nw==,pending
types-aiobotocore-ecr-public-2.12.1.tar.gz,2024-03,benign,c58ba1dcbd8c96163e8bc2c1ec5bd28672f96b6020e291ed9012aca14db89b81,MzBiMjhhMWYzNTM3Y2E1MzBmZWNlOTc3YzAyZDRmYzc6MTc3MzcyNzQxNQ==,pending
tencentcloud-sdk-python-tbaas-3.0.1099.tar.gz,2024-03,benign,66a9cebb9ed0c4d4d01e5ae673217920d95096f0c582cef8a1e1abd7c49f4a0e,ZjdjZGVlNzQ4NWUxNzZjZDJkZDJjMTRmM2M5MjMxYWE6MTc3MzcyNzQzNA==,pending
cybrid-api-bank-python-0.115.26.tar.gz,2024-03,benign,080dfb2654fbc00088efb2b9fb634b515d08d06f9dd016031f340ada79a360de,YzU2Mzg0ZTlkYWY2ZWJlNzEzNGU3ZWUyODY5ZTYyMDY6MTc3MzcyNzQ1NA==,pending
dcicutils-8.8.0.1b9.tar.gz,2024-03,benign,fb9513c3675b2fb2589bc9458a201f2c608f25a182a231eb05eb190350f2fa72,YTMzM2NkZGFkNzZmOThlNTRlMWY0Yjc4YmIyMjU0ZTM6MTc3MzcyNzQ3Mw==,pending
emmet-builders-0.79.0.tar.gz,2024-03,benign,36e231142f159eff2316cc4b357fffbca45d046ada8b16f483948f69d7ac266f,NmQ3ZDk4YjEzYTczNTI2ODcyZWExNWM0N2I5MDI2MWE6MTc3MzcyNzQ5MQ==,pending
cdktf-gitlab-runner-0.0.850.tar.gz,2024-03,benign,3929a5ed965f68cec8d4a0633a67d9ceb682d47c4f07166306e74a8afb7d0443,ZWFmNjE2NjM4ZTAzYTY5MTA1Y2UxNTFjZTNmYzgwZjQ6MTc3MzcyNzUwOQ==,pending
botocore-a-la-carte-connectparticipant-1.34.57.tar.gz,2024-03,benign,b70026261594577747a55bf64467294df80df5ae787313c348bdd661718302c3,MTc0NTc3YTc1YjQ5ZTQ4NGYxOWNhZDg2ODY2MzZkNzg6MTc3MzcyNzUyNw==,pending
cpg-workflows-1.22.1.tar.gz,2024-03,benign,ae39ba8b91dfbb6f8881d7b4e72403dff67bc0284f853931542ce7f13ad1a6f4,ZjJkZjY3Nzk1NWI0YzE0MDQxMDE2MGU3ZThlODYxYWM6MTc3MzcyNzU0Ng==,pending
tencentcloud-sdk-python-advisor-3.0.1105.tar.gz,2024-03,benign,2c3f5bcba894f81cbe99a300636123bdee12729516cf7832c024a03c93b87ebc,YWJlZmY0ZTEzZjVmODFkOWEyZjEyMDY0MzhjZThkMmM6MTc3MzcyNzU2NA==,pending
tencentcloud-sdk-python-bda-3.0.1102.tar.gz,2024-03,benign,cb1e718f26fa208295ef5fc199e8a5fb99ec8d98582265b38f7ac8f8356e75c1,Zjk3NWJhMTk3NmI0MDY5OGRmYWFhNGIyZjFjNGM0Mzc6MTc3MzcyNzU4Mw==,pending
cdk-common-1.0.795.tar.gz,2024-03,benign,13949257b8e4760db8d166e81224cb4c8e608d5fb9e783839ec81be8a230d817,YTE1YjViZDNmZDllYmFjMjc2ZjVhNjEyMzI4NDdhZWI6MTc3MzcyNzYwMg==,pending
pulumi_cloudinit-1.5.0a1709359571.tar.gz,2024-03,benign,0013c0bf574d4f220e2b4ecd9a3b78df67059c72341b78e037be633273aae461,YjMzMDQwYzI5ODhhNDZlMGFhZWIxNmVlMmQyYTA3ZDI6MTc3MzcyNzYyMA==,pending
introspection-1.7.11.tar.gz,2024-03,benign,b5b29f39546818cdfa7e51ec1f84f1f524239dcc848acd02ca8d8976c8799eb4,MTM2MTk3YTdiOWNkMjQ0MjY1OTQ0NjcxMTRmNmRmOGU6MTc3MzcyNzYzOQ==,pending
kgdata-7.0.0.tar.gz,2024-03,benign,534cd71ce306a6eec9fddc045618f6a5e38c0225afc59e9e70a97f0eec6b2cfe,MGNjYTRlM2VkMWEzZGJkNTY4ZTZiOWRhZDJkOTMxMjQ6MTc3MzcyNzY1Nw==,pending
bota-4.0.25.tar.gz,2024-03,benign,46451519aa41404dd7f38c98a8c5a59006917ff1fe929ca6a03fe74fe3516500,MjljZmE5NWZhNWQxZjYyODNmN2EwZDZiNjk2YTk4OGY6MTc3MzcyNzY3Ng==,pending
tencentcloud-sdk-python-ba-3.0.1104.tar.gz,2024-03,benign,c3b01b077bc0a855202f8942b7d131321769108f6bf6654494b8a8550ae6fade,MWVkMjM4ZWZjNzBhYTM1M2M1Yzg5ZDcwMmViYWYzMDY6MTc3MzcyNzY5NA==,pending
syrius_sdk-0.0.9.tar.gz,2024-03,benign,8d6233514fbf61d785025e40b6dd58dabaf07242293d62c33e97ca70ce08225c,ZTU2NGMzYWU2MzNkMjhlY2Q0NjE5NDQzYjkyNzBmYzk6MTc3MzcyNzcxMg==,pending
piperider-nightly-0.42.0.20240331.tar.gz,2024-03,benign,08c5854e08d62d08abc049c4a6196fd8c4237a2528f0c835d56424dd3b24dd73,MjM4NWJjNzM3NTYzZWFmMjZkOTY0OTQxNjgxZjllZGY6MTc3MzcyNzgxMQ==,pending
langtrace-python-sdk-1.1.5.tar.gz,2024-03,benign,dd800847b9fef7aef1c34484b74f2602bb64da768c9eed7de5d08fcc167e4bb7,MmRiODE5ZTczMGY0ZDU5YmQ1NWJjOTI1Yzg5NzgzNDM6MTc3MzcyNzgyOQ==,pending
autogenstudio-0.0.54.tar.gz,2024-03,benign,508ab8578e1d42d115e23b400ed1ed095f904af03d4b43c3bc8efa1ffefb2c19,NGI4OGMxZWIxMGQ5YzMzNDMzZWNjMGNhOTdkYzQzMzY6MTc3MzcyNzg1MA==,pending
spanishconjugator-2.3.7207.tar.gz,2024-03,benign,dbc719c94f5d6844ef5433370967b2a95432408b27cabbb3ca6b84bb19555870,Mzc3NGRmMDEwMzU4OGRhYzlhYjQ2Nzc1MjA1OTRmMzM6MTc3MzcyNzg2OA==,pending
inspect_ai-0.3.3.tar.gz,2024-04,benign,aa0dfb4f0aacbe18ea64138a9f8858ba3fa380bf8accf54d5953195d3aa8b6c4,ZjUzMDBhODBmOGRjNWFmZmVlZDZjY2FmMDk3OWI4ZDk6MTc3MzcyNzg5MQ==,pending
fractal_server-2.0.0a2.tar.gz,2024-04,benign,9437163f8f11f6e4fab6762686c4ca2c1e733640b9ac15ea3feb00649c0f6570,M2YzZjM5ZjM5NTZlZjY0ZDYxNGVhOTQzM2I2YzllMDg6MTc3MzcyNzkwOQ==,pending
tencentcloud-sdk-python-domain-3.0.1137.tar.gz,2024-04,benign,29fcf151d42917e666dbf07184d8869633ab6a085e032321c45dae97bd73e0c9,YWQ0YmI3NTM4OWNjMmQ3MmYwOTcxZTlmOTU3MGI2ZGM6MTc3MzcyNzkyOA==,pending
tencentcloud-sdk-python-trocket-3.0.1129.tar.gz,2024-04,benign,20bd5ad9151aa0e703c98b059800131b11f8343e846aabf51a66762f6f6e651a,YzIwNzhjZjljM2NhZDhhOGQzZDQ2MDJmOGU1NDQ0Mjk6MTc3MzcyNzk0Ng==,pending
tencentcloud-sdk-python-gse-3.0.1128.tar.gz,2024-04,benign,685d79a85513ee4f3014e43fcb9dc974ccfdc19827f60db70c32de8cd8a1eb85,MDRmMDdmMjBiM2U4ZjJjZTFiYTg5NDhjZmI2NjVkMDI6MTc3MzcyNzk2NQ==,pending
libfwsi-20240423.tar.gz,2024-04,benign,8892b8509cf5745abda81dd7a88fe35c1f0e986d177f58bcabf0ee932231262a,YWMyZGVjZGNiZDg4ZTAyZDM5YThjM2M1YzhmZTJkMDg6MTc3MzcyNzk4NA==,pending
botocore-a-la-carte-m2-1.34.80.tar.gz,2024-04,benign,bb51f0079854a41bb644043c9ee14ec1ddef7ce7f51bc0c5a8de05654acc5b63,MmU5MzljNGYyOTI4NDgwYjdmYTNkMzkzNmJlNTFmZTY6MTc3MzcyODAwMw==,pending
sprocketship-0.5.0.tar.gz,2024-04,benign,6c19603875b3768bf34e8cdc6899ce102726017f8130a072c73ca223b6e3390a,MzkzMTg5NmE2YmRkZDE5NTk5M2FkYzk1MTZmOTI2MTY6MTc3MzcyODAyMQ==,pending
tensorrt_lean-cu12-10.0.1.tar.gz,2024-04,benign,b84ce3839d73b3a6ee21cbcf200d0f2f09e153ecaa42b6542c3e56eb064fadc5,YmY3MjRlNTMyNDhjYjgyZTZkYTZlMzI5MTZiMzFlZWM6MTc3MzcyODAzOQ==,pending
botocore-a-la-carte-codestar-notifications-1.34.85.tar.gz,2024-04,benign,742e0d253feca3c3de86bc581f87aa36547bb025e1fd97c32b3d51ac8f331b41,MzQyOWE0Y2ZhNWRhYzBiZmI2YzA2Y2M2YzYyMDU3Mjk6MTc3MzcyODA1Nw==,pending
yeref-0.10.69.tar.gz,2024-04,benign,e4d9beb5678cd99e25525a12239aa982c221962e65fd140594d4758a87cb46d8,ZjkwNTVmMTkwYWMwZWVlZDllODZjN2EzOTUxM2E2ZDY6MTc3MzcyODA3Ng==,pending
robocorp_windows-1.0.2.tar.gz,2024-04,benign,393054b4bd11273d6260e05140ee7eccef29d76522d8c84857adcb1068e74285,ZjdhNDVlNzk1MzgwYWU1ZTI3OTA0OWI0ZGVhMGYwZTk6MTc3MzcyODA5NQ==,pending
kolo-2.22.0.tar.gz,2024-04,benign,8bbf641b1ea373b5202cd9cb5e5413714e100bff6faee4a779439b0d8da0345c,YTAwNWQwODhhMGI5N2JlYmQxMmY1MWY3ZDI1MzU2NDY6MTc3MzcyODExNg==,pending
tencentcloud-sdk-python-ckafka-3.0.1132.tar.gz,2024-04,benign,9f3913c7e2fc8fb83811eee49f33ba442330bfde027703cd0894c36a6f29c3b3,NzgyYzFlNjc1NDY0ZjhmMzk5NzZlOTRlYzdmNmNhNDc6MTc3MzcyODEzNA==,pending
gradio_imageslider-0.0.19.tar.gz,2024-04,benign,4b7ad1d82d809bee07f369fab738a49e15a95e72b08e14c82e805ff0d139e52b,MTAyNTk4ZmQwNzFhOTY0Y2ViZWUyNGY3ZmI0NGJhMDM6MTc3MzcyODE1Mw==,pending
botocore-a-la-carte-kinesisanalytics-1.34.93.tar.gz,2024-04,benign,a9c4106a47c96f1a57da4bba033544941d6727bd274067db14378422469fe611,ODEyYzZmZTdkYzIyMjRhNDRlZWY2YmVkMzllZDk3OTE6MTc3MzcyODE3MQ==,pending
tencentcloud-sdk-python-iotvideoindustry-3.0.1132.tar.gz,2024-04,benign,7fd6d4160a2d1e6970b6d36ed3afb8f3b45d838edcde8519febdacd4150b059b,YTZiMDVlZWJkYmVmMDUxZDVlYWE5MWE3Y2ZjZWJlNmM6MTc3MzcyODE4OQ==,pending
tencentcloud-sdk-python-vpc-3.0.1133.tar.gz,2024-04,benign,6acd4bc4b25dc138d3f8e90f472a442a4de548f88700ff1c89c55e02937bfd9c,NTQyNjRmNzhlY2QwM2YwMWZmOWRiNTVmYTE1ZDgwZDE6MTc3MzcyODIwOA==,pending
types-aiobotocore-timestream-write-2.12.3.tar.gz,2024-04,benign,6519d5f0015f7264fe0b86ea355f85b72b6b66a44363ac9dadad307479f8040a,ZDgzNTZhNjU0OWExODM5OTNjNGMyYTJlZmQxYjYyOTQ6MTc3MzcyODIyNg==,pending
tencentcloud-sdk-python-smh-3.0.1134.tar.gz,2024-04,benign,974f0c9452a0940dba978ee3a1204c39ab251fefb9e7476bc1168a19fed59a99,MTJhNjZjYzZmMzhmMzNlMTE5ZDdhZTdlNGE1OTU3YWI6MTc3MzcyODI0NA==,pending
pyiqa-0.1.11.tar.gz,2024-04,benign,5ead5cbee5ca7070f7f893f2e0c0ed025b8ab1d14c7918130b5fdc64a951760d,NDYxMDVmZjI2YjZhNzhjN2M4ZGUyYjBjYTg2NTAxNGU6MTc3MzcyODI2Mw==,pending
botocore-a-la-carte-customer-profiles-1.34.80.tar.gz,2024-04,benign,e9d2e2529ae64e81b6000a3ae3bc5ccecd0ae56a02b2a94227da729e4e1ce2e0,OTg0Mjg4ODAwZDdjNzU5MDY4YjQ0Nzc5NzJmYTJiYzk6MTc3MzcyODI4Mg==,pending
tencentcloud-sdk-python-cls-3.0.1139.tar.gz,2024-04,benign,db48a564527e513f5b14ff2b9a17ae160f329852ff68d1e313ee79d181f42426,MTQ0NTIyOTk4MDRhZmVhYWY3MTNiOGU0ZWExNGJlMDY6MTc3MzcyODMwMA==,pending
whylogs-1.3.31.tar.gz,2024-04,benign,d112f006233bb8fd0c34807929c79aecd1aa6b71db7144c4fe233c73aed44165,YWZlNTU2YmRiYWQyYzY0ZGQ0MDYwYjk1N2JmOTkxZjc6MTc3MzcyODMyMA==,pending
mo_dots-9.600.24114.tar.gz,2024-04,benign,2fdc0e5d1a63b4ee86a46f90e138739c1df832927a57c7c5ba13a8367167f8cc,OGQzMDYxOTg1MDA1M2NmZDE5YjJjMjFlODM1ODRiNGY6MTc3MzcyODMzOA==,pending
pulumi_kubernetes_the_hard_way-0.0.21a1713826115.tar.gz,2024-04,benign,e439721c31f82388fadaef623ca08e0bbf6343783f01653648cacf18a80ab0f5,MDljMWRiNDE1OTQ5ZTE5MGI1ZDQyZjM5MjRmNmRmMWI6MTc3MzcyODM1Nw==,pending
jgtutils-0.1.49.tar.gz,2024-04,benign,059cfd4c237f0ad36843ceb05c76b0447a47d2c1f1a8c748f6bb03c3d86f056f,NjRkNGVmMmNiNWI2MGQ4NDY3M2Y5ZGFjOGMzYjFiNzM6MTc3MzcyODM3NQ==,pending
aliyun-python-sdk-slb-1.0.0.tar.gz,2024-04,benign,4eccd3969537d8fb3aa659eab88844d24f0657ec023ff21ae611694fa70061dc,NTc0OGExMWIzM2VjNTE5ZDE1NzA3OTI5NGIyODc1ZmY6MTc3MzcyODM5Mw==,pending
jgtutils-0.1.55.tar.gz,2024-04,benign,2960c1c5a1564cb6fdaab3f529f450d3e4aa50a10a8572ff1e2da039f14a9489,NzA1NzlmZGQzYTYxNjU0NzRiNmM3NzJkOTY3NmRmZGI6MTc3MzcyODQxMQ==,pending
flytekitplugins_pod-1.12.0b7.tar.gz,2024-04,benign,964896c3af2127c42db525c37efa70240031ca4667de154e2b4dac993d85925d,NDViMDlmZDVkMzhkYjlhZmQzMzEzNjdlOWRjZWIwZGM6MTc3MzcyODQyOQ==,pending
botocore-a-la-carte-timestream-write-1.34.88.tar.gz,2024-04,benign,dc9cd054ae8209066cc1f552a848b19cf1d4959432e79df47f92f1879289b016,NmY5MTk2MzA4OGI4YjVkY2Q2YTE1Mzk0NzQ2YzZhMGE6MTc3MzcyODQ0Nw==,pending
cdktf-cdktf-provider-google_beta-13.14.0.tar.gz,2024-04,benign,153eb13fc0b7abb61940d11ee86841749655d73583917779fe1dc9f9558de32a,YmJkNmEwNzZjMGE5MWMxZjJhMjZiNjA0M2M3NmQ4YTU6MTc3MzcyODUwMQ==,pending
hypercoast-0.0.3.tar.gz,2024-04,benign,f3deb126f2b330b74030fcc07a3e8f4355a152282a8ba14f164f8d3e60d3d4f5,YTA1YmQwMTE1MGI5NTk5ODViM2FmZTM1MDA4OGUyYzg6MTc3MzcyODUyMA==,pending
poxy-0.17.0.tar.gz,2024-04,benign,eaca502d8268e733b79d12015776bb2f871725f2bb31009f056f176f03a3f3a9,YzA3ZWI2YzY3NDhhMzA1ZWMzNTNkMmIzYTUzMDI4NzM6MTc3MzcyODUzOQ==,pending
broadlink-0.19.0.tar.gz,2024-04,benign,8bdf068fb7a539e2ea544ffd752266b8a6bb7d99ce20b0a3327acbd22cc59805,YjA5YTMyOWI4MzIxMDQyMzE0MjIzNTRjYzAyMmMyNWQ6MTc3MzcyODU1Nw==,pending
cloudpss-4.1.1b9.tar.gz,2024-04,benign,a42a796a6da5436087586e786f881638b716a299b79954d880b7c87bd25f6394,NmQwNTE1ZWI5ZGI4MGQwYWE4NzI0NzM0MTUwZTQ0OWI6MTc3MzcyODU3Ng==,pending
botocore-a-la-carte-mediastore-1.34.80.tar.gz,2024-04,benign,c27de3c90336d49b17198f5ffd15cd5e2e05771d5541961b8c2f27ef9a364174,MzE2ZDNjMGI2YTcwMWY0YmQ0MmFhMzhhYWIwMTVhYjA6MTc3MzcyODU5NA==,pending
botocore-a-la-carte-rekognition-1.34.89.tar.gz,2024-04,benign,100930a5d9263227a9022aec4d43070ec14e588ae3ac193c865bf0785b5c95b3,ZDQ4ZjQ0MDcyNzAzYjA4YjZjNjM0YWMzM2MzNzYxOTQ6MTc3MzcyODYxMw==,pending
botocore-a-la-carte-bedrock-agent-1.34.81.tar.gz,2024-04,benign,28f5cfb7aad5ef28ed816a0bf170c7b3dff3d4e227ddebb5df0f2c7de79ec953,NWU0NWE3YjRiMTkyMWVkNTVjYWViYWQyNmVmNTA5YWY6MTc3MzcyODYzMQ==,pending
figaro-1.6.3.tar.gz,2024-04,benign,940a6b4051cecbcbaa9f331a64532d4facb50534a963e4bfa28f3ecf81292118,ODkxNTYwYzg3YzE0NjVkMWI4NjJkODQ4ZmM3YTc2NTM6MTc3MzcyODY1MA==,pending
botocore-a-la-carte-dlm-1.34.83.tar.gz,2024-04,benign,84b659b52e37c925d9cb8325af8044bfc2e9d90e7c8a1123b6ce285d84af4ac1,MzdiM2VkYzY3MjE2MmJkYWRiOTIxMWIwN2IxYzgyNWI6MTc3MzcyODY2OA==,pending
pulumi_kubernetes_the_hard_way-0.0.20a1713756038.tar.gz,2024-04,benign,701e1c6856fe70eeae453d12692efc8217d6cf000bc06bfc3743274efd2ca1ed,Njg4Nzk5YTI0MDQzN2JmZGFjMTg4MjQ4ZDZkNTQ3NTI6MTc3MzcyODY4Ng==,pending
pytest_embedded_serial-1.8.2.tar.gz,2024-04,benign,62b4d7def1becd9f34b07347d1e1fdb797274fe72b5d3014370a0c72480ffc35,YTJhNWMwNjhiMzJhOTc5MGViODUzNGQxNzk2MDFiOGU6MTc3MzcyODcwNA==,pending
websocket_client-1.8.0.tar.gz,2024-04,benign,916158598dd6735fd895cd0c5298901b3066128ba058bead4c8e2eced918ce6a,OTVlZmQ1NzNmODBiNjI4MDdhMmFkMTljNzVkZjRhNmE6MTc3MzcyODcyMw==,pending
tencentcloud-sdk-python-gpm-3.0.1129.tar.gz,2024-04,benign,9c23b1d3976a8c2f407edfe0068d6bdf67fe28f2d12e0385538afcaeacb959a4,M2E0YjM0NTc2Y2QzMzZjNDMwOTM2OGQzMzBkM2ViOWY6MTc3MzcyODgxOQ==,pending
homeassistant-2024.4.4.tar.gz,2024-04,benign,a5abcce37d27f1e5c4a708aecbecddb2a00c8b7b73d195ac7bf5d99eb0ff1e19,ODc1OTllODlhYTA2Y2ZmYmM1ZTM4YTQ4NzlmMTdmZmY6MTc3MzcyODg1OA==,pending
syntaxlight-0.1.38.tar.gz,2024-04,benign,82bb8616d6f1317594b621bfa92b8905e9b25aa5f1663ac43e327a5883d0a2bd,M2NiYzFjODM4OGU1YWRiNmYyZTk2MjU0YmZkM2IzNWI6MTc3MzcyODg3Ng==,pending
botocore-a-la-carte-macie2-1.34.85.tar.gz,2024-04,benign,7bd95a7de59f52c3f581c33142733f81a219458c59f6a8c6542a295ee6393f9d,ZTZiY2QxNmMyMjdmZjA1MGRiNmVlNjdhOTIzZGJiNzA6MTc3MzcyODg5NQ==,pending
SQLAlchemy-serializer-1.4.11.tar.gz,2024-04,benign,523e71d7fcf158a2c25ba10603ab2479a22ba7c8418bbd2f5968d2ee8eedd892,YzUwOTAxN2I0MDE5MGFmZWQ2YjQ3ZGVlZDc2NWQ5NjA6MTc3MzcyODkxMw==,pending
winrt_windows_devices_haptics-2.0.1.tar.gz,2024-04,benign,17dfefbb8291fe0a7ff4c68f0ec16f1784276d5c0a9889ab62af78399e66585f,ODdlNzZhYTk1OGZhYzBiNDI2YmI3Nzk4ZGJhMWYyN2E6MTc3MzcyODkzMQ==,pending
botocore-a-la-carte-redshift-serverless-1.34.77.tar.gz,2024-04,benign,e6b86e4dc205d8809742b573c83f23d2085722b92c3a9d52b9d372bb15733397,OGU5MGVmZDY3NGJjYzk0ZWNjZGZiY2FjNjI1YTQyYTI6MTc3MzcyODk0OQ==,pending
botocore-a-la-carte-s3control-1.34.88.tar.gz,2024-04,benign,69668acaf843c42ff09a0a18adb281f2fb3fc24f85c10ca4e7e499cda617daae,YTFjMzJjM2QwZjdlNWVkMWJlYzY3ZjYzMTRhM2VjYWU6MTc3MzcyODk2Nw==,pending
botocore-a-la-carte-tnb-1.34.85.tar.gz,2024-04,benign,560bc141ba71eb71ba250525f868c6883895f87d355c1c18054f5d981cfaf8f9,YjUyN2I5YjQ1MzMwMzIwMmUwMDkyMjZiNzhlM2NkODY6MTc3MzcyODk4NQ==,pending
tencentcloud-sdk-python-tcss-3.0.1128.tar.gz,2024-04,benign,ae48686c232b06c2455354fea21c3c0152f74f2b957d180e559f333d558d0c52,ZDE0ZjY0NzRlODgyMjA2MTBiNTkzNDk5NTFiNDU4ZmY6MTc3MzcyOTAwNA==,pending
tencentcloud-sdk-python-3.0.1127.tar.gz,2024-04,benign,cfc51d037ada5db9234b6c8653eabc84b8aaa28fd0ac3d906344073130553265,YjViNmU0ZTM5Mjk0MzNiM2I4ZDhhODJkODEwZGJlN2Q6MTc3MzcyOTAzNQ==,pending
botocore-a-la-carte-sagemaker-1.34.89.tar.gz,2024-04,benign,5915f4983b5ff0715736eed528ef8c50784d991b2ac1a8392c61d48a0646cab0,MmNlMzMxODdjYTJkM2FiODQ0MTRmNzgwZGIzNTFlMmE6MTc3MzcyOTA1NA==,pending
trame-client-3.0.0.tar.gz,2024-04,benign,9d4c8ed86f49c79341c0e16f68ee5b4f4dae2fc387d72d531cd8a798e549cdbf,NDcxMDM2MTNjMWQzZTI5NDZjODJhMDViN2Q5MjliMGY6MTc3MzcyOTA3Mw==,pending
nbsite-0.8.6a2.tar.gz,2024-04,benign,1320b0a790bfe624f1df93a1120ce432bf64b9226152a2ef0bdfa859030826ef,Y2IwMTU0Y2NlNDVhNjYwNjJkYzcwYzlkYzY2NzE4Mzc6MTc3MzcyOTA5MQ==,pending
aws_packages-0.0.22.tar.gz,2024-04,benign,921ed934af277f508a964030e23af2405d87c831cfb1dfb5e885a694f5009ee4,MDFjNDkzMDAyNzE0Y2U1YWE0MWY4NzJiZmUxYTVjZmM6MTc3MzcyOTEwOQ==,pending
meross_iot-0.4.7.0.tar.gz,2024-04,benign,1da2d21fd69393eb7a27513fcbe8a3390005871aa7cc55b198a56dfb3b30d2f7,Nzk0NzAzMWRlODJjNjc0MWZhMTU5MTI3YTYwMDFiNjM6MTc3MzcyOTEyNw==,pending
jupyter_ai-2.14.0.tar.gz,2024-04,benign,bd1de8b3ac29e1e1c3f7f3c0f72fcb7c098bfda7eca7bc4d0b4640e25a0eaed5,NWI2MTkxOWQ3YjY3MjU0Yjk4ZGQ5OTYwM2JlNGI3MWY6MTc3MzcyOTE0Nw==,pending
tencentcloud-sdk-python-memcached-3.0.1128.tar.gz,2024-04,benign,af72bbf2d62d6b433ca72aacf67c4ddbed57866b0f8afc0d97d9c7c0a3895151,Y2Q4Nzk3YWZiZGM4NGQ3NjAyNWVkNzc2Y2I4MDNlZmM6MTc3MzcyOTE2NQ==,pending
css_inline-0.14.0.tar.gz,2024-04,benign,75a1e55a915aafa270213acea005d16097633c69b303757d39cc0a86cdf8ae30,YjZkMzJiMzg2MDMzZDJlNGY5YjBhMTQxODRiMzBlZDI6MTc3MzcyOTE4NA==,pending
nrobo-2024.38.0.tar.gz,2024-04,benign,5acbdf9f7658955267b169ad8176de5521443c67ca79e41e07fb8b18f62e4ef6,N2Y2MjIyNDYwNjI4OTJiNjQyODZhZTRkOThiOWE2NDE6MTc3MzcyOTIwMg==,pending
surfkit-0.1.82.tar.gz,2024-04,benign,2c3b2baf2761b16b15107c0f5d21345bcf83857f63235c6f8699e5632226ee40,MGU1ODAzNzU5YmI5NDg1MTAxODM3NTE1Y2Q0ZDRmMGY6MTc3MzcyOTIyMA==,pending
esdbclient-1.0.21.tar.gz,2024-04,benign,7658c13795c99d7b22ba672567f4762d79800a83ad6ab4248bdae45c8de2c08a,MDJmZmMyYzAyMjFlOTMyOTg4NGY0ZmMyOThhNjExM2Y6MTc3MzcyOTIzOQ==,pending
openai_to_sqlite-0.4.1.tar.gz,2024-04,benign,89a43b8ef35912d19502852b7e404189b8f1f0071808bd5ed947808fc50beb4c,YWQ4MWQ4ZTUyZGM2OTk3ZDY3ZWQxZTE2ZTY2NjE1ZTk6MTc3MzcyOTI1Nw==,pending
composio_autogen-0.2.4.tar.gz,2024-04,benign,06689105e993781eb45fe15c1f218d3a071b6f195ab18b33b7090420eb59ac09,YjI0ZTYxNWIyOWNkY2I4MGZlN2ZjMjdlNjVjNWIyYjA6MTc3MzcyOTI3NA==,pending
pyodide_mkdocs_theme-0.1.2.tar.gz,2024-04,benign,2592f75feb41d26db9512160a519b85fd81c45cd99c0c8b7a4583f3d2ff99044,ZWFhYTk0ZTBmMmZlNWJlMTY2NDEyYjY1OTUzN2ZlYjE6MTc3MzcyOTI5Mw==,pending
curies-0.7.9.tar.gz,2024-04,benign,48531de268382c655537677472d040ea5a5ddc76e9cdbc3b59a36d4a97fed0db,MDY3MzYyYmEzMDMxZTMzNmNiOWEwYTFmOTc1ZGJlNTA6MTc3MzcyOTMxMg==,pending
vantage6-algorithm-tools-4.3.4.tar.gz,2024-04,benign,a04c6f0bffc8703facda142a94e826080a296e8da534040de130ad3177d343d2,MGU0MjA2OTA0OWUyMTA4NmZjMDM5NmJhZjkxMDRhZjA6MTc3MzcyOTMzMA==,pending
parea_ai-0.2.138.tar.gz,2024-04,benign,7568d6932a8ebc2e4f8a781a576ac4444cefa5436e2c3bc68373bacd409c65df,OWRiNDI1MjEwOTZlOWUxMzNjYjkyYzZlYjk3MDYzOGQ6MTc3MzcyOTM0OQ==,pending
capellambse-0.5.57.tar.gz,2024-04,benign,f7df0f1d30a4af63e442bb6a38f2eba1a0b7d4835d41b329ecff72e2ce57fa8c,ODFiYTcwYzNkYTM3YzFjNDc5NGVlMzk4NWM5YmVhM2Q6MTc3MzcyOTM3Mw==,pending
kaggle-1.6.12.tar.gz,2024-04,benign,3517116e8b9d9628b212e2bad9619e8def5265e6499da76f25e1b59c52e37037,YmQxNTExZDU4NmJkNThlNDRmZjdlNDQxZDFhODA0MDY6MTc3MzcyOTM5MQ==,pending
tencentcloud-sdk-python-mongodb-3.0.1133.tar.gz,2024-04,benign,c119dfe61fcc7652964facabe48bdc370489809623999eda0ea5707b3f964651,YzJlYTdkYmVlMWI2OWQ1MzMwNWE0MjJmYzJhMzBhNzU6MTc3MzcyOTQwOQ==,pending
satellitevu-4.6.0.tar.gz,2024-04,benign,8ff773107b035bb46e40250ac23795ae2f285e4dce6f117098bd5b1675a03ed3,M2RiMDVhMjUyODRhMjQ1ODI4ZThmOGEyOTkyMzk5NjE6MTc3MzcyOTQyNw==,pending
netdata-1.2.0.tar.gz,2024-04,benign,a360da748c9b68218df2e2d26c93533eb62fd8b1f102a22b358cd3efad1fb12d,MzMwZGU2MmZiMzRhYzUwODJkY2E0NWE5YmJmMjRhNWY6MTc3MzcyOTQ0NQ==,pending
ophyd_devices-0.29.1.tar.gz,2024-04,benign,86ce81a513e4ae3492ed858edd62deffae8672b36fdf50a804dec9febce96f80,NmNlMTZjOGUzZGU2OGU3YWM5NGYyYWI5MDI5NjI4NzY6MTc3MzcyOTQ2Mw==,pending
elevenlabslib-0.22.2.tar.gz,2024-04,benign,34b00e6dc0dfd7681cb41972d82bd1ace71ecfb97e3c543b7dedaacd3a0943bb,NmRkODE0YzFmMDJiYzQ1NGE5ZTEyNzMzY2ZjN2U1ZDk6MTc3MzcyOTQ4Mg==,pending
langchain_core-0.1.39.tar.gz,2024-04,benign,30bc29430420b75f8d5e22821c5a2021cdfee42d73f9495ba9d8fe411d3cd819,YzMyYjUzNWUwYTdjZGJhMjIwNzJhNDNlYTQxYmE0Zjg6MTc3MzcyOTUwMQ==,pending
pulumi_external-0.0.4a1712727133.tar.gz,2024-04,benign,0f79c172b2efff3950e6790e94e6ab1bd35f6b34b50a3c1673c54cd5b6dc8fa0,NGRjNDJlNTA0Y2I0NGZmNmU0ODA3NTgyMGM2MWIzMDI6MTc3MzcyOTUxOA==,pending
pyjamas-rfglab-2024.4.4.tar.gz,2024-04,benign,aa77370d1186c2e988823a6712ecc89781f7d6e0ad53aa4cc2521fe3abe2141b,ZDQ5MzQ3ODk3NTc3N2VhMDFlOWExZmYwZWQ0NDFhMTI6MTc3MzcyOTUzNw==,pending
mlflow_oidc_auth-1.3.1.tar.gz,2024-04,benign,3e152dbbb7af7d768d2a3ce5d6bdaa341f7318ab2c8b37469c9a0322f0a03157,NzEzZjNkMjgwM2EwYjMzMzgxNThiOWM1NTY2MTliN2Y6MTc3MzcyOTU1Ng==,pending
botocore-a-la-carte-s3-1.34.88.tar.gz,2024-04,benign,da68884033c4a7f5688364b2d5e497142a6edea4da57fd03923d37b69744b6da,YWZkNzc3ZDYyYjU3OWFjMGFiOTU4MmQzMTU0YTYxZGU6MTc3MzcyOTU3NA==,pending
cdk8s-awscdk-resolver-0.0.89.tar.gz,2024-04,benign,1a225277c1ba51c2edc3889940b18341770f56ef31478ad94696e6db28f5b461,ZDIzMDU2ZTBmYzUxMjk3YzE3MTg4NzI0NzJmODFhZTQ6MTc3MzcyOTU5Mw==,pending
sunholo-0.39.1.tar.gz,2024-04,benign,d995e13c687b0353cc3bd7e93b99f7e65d0b5f326bd1a3c7805b92032692adea,NmRlNTljZmRjMWI1MGY1MDM2MDEzM2E4NjgyODU5NGM6MTc3MzcyOTYxNQ==,pending
