package,month,label,verdict,malicious,suspicious,undetected,total,sha256
reqinstaller-1.0.0.tar.gz,2023-03,malicious,MALICIOUS,2,0,59,76,f9b99bf72c583e41c968ab08a71d673c83b6e92f27fa16cbcfb368d8aba7682f
poiqweconnector-0.0.6.tar.gz,2023-03,malicious,MALICIOUS,11,0,51,76,65160972ac0c7109611dcdac20e94e7ccaf349f3b5c43da32a2eed4a06f1f3ab
sylexnaranjoo-1.0.2.tar.gz,2023-03,malicious,MALICIOUS,3,0,58,76,3cb2105ee2092c4eb252777b24743d4183317941fb76694e4b9d8e748a8d5349
tiny433-1.0.0.tar.gz,2023-03,malicious,CLEAN,0,0,59,76,46dbc9f6a92c01f4c1997b80411ffd043a67cd08d8ee4ff57d39b4171c04d670
discord-hook-1.0.tar.gz,2023-03,malicious,MALICIOUS,10,0,48,76,7c8c52a3aa11e9582d5e77656735fc1fad9663a90094d2ebacfbbfd6f1e588c5
spamsynonym-1.0.0.tar.gz,2023-03,malicious,MALICIOUS,1,0,61,76,5bf31f4551dbea0f1c9ac02089edda2549de2656ff51ba12e15fb3be3d2ba206
downrun-1.0.0.tar.gz,2023-03,malicious,CLEAN,0,0,62,76,8c7b7ac39749575c1412856714ef12f5728f7720b770daf3da98eeaedd8b5b9e
sylexnaranjoo-1.0.6.tar.gz,2023-03,malicious,MALICIOUS,3,0,58,76,717d8a342ba539449861fcfcc6201f210f0f8e462a09f324ae974c78039df596
pydefender-1.0.5.tar.gz,2023-03,malicious,MALICIOUS,3,0,58,76,d6907e0fe8d38525e4fcd9c465fd4adb3764beb922f6717c1b749f15dfc20d6c
esqcandyosintcandy-1.61.tar.gz,2023-03,malicious,MALICIOUS,1,0,61,76,51ddc19c86d3d7af45766967d26f5d53443e1b090666e33581a976147ee60346
pynoisetn-0.5.0.tar.gz,2023-03,malicious,MALICIOUS,21,0,41,76,fda66c77b97145431b784ab658f678b1eaedb59e0415ff96ca0b52c71e0c20d5
esqtoolinfoultra-7.18.tar.gz,2023-03,malicious,MALICIOUS,1,0,61,76,d684cd1ed3c3027f919003ecd114ad12f83f626164d98f637ece6e5eec08c38f
tprocessing-2.0.4.tar.gz,2023-03,malicious,CLEAN,0,0,62,76,b6bf4abcb0df6792cfb981571ec2a29a00c13fa64137a8a4ff415643223eb711
esqpingpingcontrol-5.1.tar.gz,2023-03,malicious,MALICIOUS,1,0,61,76,292ded721aee6201b2184ae7afca58c9c88d8738d4a03d7fe61716bb5089c76e
pycrypterexe-1.1.5.tar.gz,2023-03,malicious,MALICIOUS,25,0,37,76,76d8bec8e6e6429e931b7cd8df35c0ea1670109a912734828159e6457144b4ba
esqlibcpuosint-4.43.tar.gz,2023-03,malicious,MALICIOUS,1,0,57,76,dd03d385e4e546637e3a9986c9e2da73a21f93f78cc77ad1920a5ae0d1e1bfe4
selfguiurlpush-4.72.tar.gz,2023-03,malicious,MALICIOUS,1,0,54,76,78913dee9b032fe697e5d4b478812c646b6c55cd40408e5995a754cbc3101227
pystylerio-1.0.tar.gz,2023-03,malicious,MALICIOUS,10,0,52,76,df659e9d65a0a745f57c2150773526a73b4c4e4c06899a8793d6760d4362d7bc
reverse_shell-0.9.tar.gz,2023-03,malicious,CLEAN,0,0,62,76,f3be4b1c813aa2216a0e52b19d0ca276577d5e3179210e6e979bc1e9c77bc666
libpongcvvm-1.16.tar.gz,2023-03,malicious,CLEAN,0,0,57,76,0a259f710d58e2fd64993f4dc6964ba1410bbb14535f9cc293a0c98e847d23c9
pycrypterexe-1.1.8.tar.gz,2023-03,malicious,MALICIOUS,18,0,44,76,b91433727f5334a11ddd54130bb5ee56de0a4b11f43075974994c843b1a10ab2
pycord-slash-0.0.1.tar.gz,2023-03,malicious,CLEAN,0,0,62,76,04ca7cabdfc16a7e5fd3e36bbc3f06eeb9ad66c403320cd47bb951dc26fa2089
tpkillpeppep-5.30.tar.gz,2023-03,malicious,MALICIOUS,1,0,61,76,7227d7da6f9d992b7a270d7708c75400b6ba6431a54c4ef46b74e64d10c18609
telthi-1.tar.gz,2023-03,malicious,MALICIOUS,5,0,36,76,0a769a36ae2c4b955cf3b636e281c7ed1b82b413a4b6c865ea9c3ca2ad645e92
py-ultrageturl-4.17.tar.gz,2023-03,malicious,MALICIOUS,1,0,53,76,eb2a2ccd07e7e88cad67fe94c57fa9413b2cc57bd6a1f21dc677f685e561968c
tpliburlver-3.54.tar.gz,2023-03,malicious,MALICIOUS,1,0,60,76,f47bdb9f9f3b041956203c04bc9ed24728001ff4f8755ec94d0aa2e6c9909d1f
color-fade-0.0.0.tar.gz,2023-03,malicious,MALICIOUS,21,0,41,76,c67cd770eff27f3c44043d05bd9a36ad1f817e0edba4a739f7131e197454dee6
py-infohydrarandom-1.57.tar.gz,2023-03,malicious,MALICIOUS,1,0,61,76,016cd8177cdc50a3df45d79c0c3dd730fe77f5795ecbdf4b194a5fba9d69759f
poiqweconnector-0.0.5.tar.gz,2023-03,malicious,MALICIOUS,11,0,48,76,f22e15b12e7d7763d2487670a9ebdb2077e79c274432caed7c7daacc558e6c39
qrcoding-1.0.1.tar.gz,2023-03,malicious,MALICIOUS,1,0,60,76,0a08826de3a8ced0a0ade333f02433d80d55df0453bbec4df61a35fa3f4c6579
py-controlpingcraft-1.23.tar.gz,2023-03,malicious,MALICIOUS,1,0,58,76,a1eee9667c195d9adc20af1e11569a08d0becc3f7e5f2c9fb0f2ae826bc18e35
iiris-new2-1.0.0.tar.gz,2023-03,malicious,CLEAN,0,0,60,76,16441fa5ccad8602ca1d4af85b3c174418dd2625c5ca56096f0233f5da2d5576
pycrypterexe-1.2.2.tar.gz,2023-03,malicious,MALICIOUS,17,0,31,76,36f8ac002ae86109309be378ae58d7e590561153bf492d7155ecc97b1e8e3e2a
requеsts-0.1.0.tar.gz,2023-03,malicious,MALICIOUS,2,0,59,76,73657a0b106472f38dbc6d91c92ff615f6eae0a80b5706a429ae938c3de910de
pycrypterexe-1.1.6.tar.gz,2023-03,malicious,MALICIOUS,25,0,36,76,4750dd1905f6ecbcd6214ebb0729cb0756d7303037ec7bf3ef00e42274ca91f7
httpxboost-1.0.tar.gz,2023-03,malicious,MALICIOUS,9,0,53,76,452a4255d71e74612a7cd7dff66b04ea0140111b54f001af2e33eee93904a71e
librereplacereplace-8.23.tar.gz,2023-03,malicious,MALICIOUS,1,0,49,76,6a0c0f481537d51b028726fa2f1f271095fdf81f95603b70703e357a5b305750
discord-commands-0.0.1.tar.gz,2023-03,malicious,CLEAN,0,0,61,76,df49d9fd859423d808dbe470a17e8225834a78f391a6ac1b67f334a3beb280a0
httpx-advanced-0.1.0.tar.gz,2023-03,malicious,MALICIOUS,2,0,60,76,b13ebea905ca3d8af2913f982ad8d1ed40b995eee21f1799d7f661d2091dd9a0
selfstringpullpush-4.2.tar.gz,2023-03,malicious,MALICIOUS,1,0,61,76,9985a2f561b950a8bba2487fded4c2a5ede9884229061b0446b1502d2140b7bf
httpx-advanced3-0.1.0.tar.gz,2023-03,malicious,MALICIOUS,4,0,58,76,1ec06f838ea5548d028237b9a683d692e6224b6aeeda4acaab827c3b1b74ed2f
tppywloadhydra-2.20.tar.gz,2023-03,malicious,MALICIOUS,1,0,61,76,746ede7b8421aa21ded0d7a6bdc7da7b4e4e9058c79a2878337289418e2f3a10
reverse_shell-1.5.tar.gz,2023-03,malicious,MALICIOUS,1,0,61,76,1ada3c979d059e45227c9154f538fa7c749eab5223fbe18b72f353a55a500f40
py-hydraurlstudy-2.37.tar.gz,2023-03,malicious,MALICIOUS,1,0,61,76,4877877cdc947a2d101b132bda2ab4f055cb717402c19cb883ea42c8e170916a
tpcvultrainfo-1.50.tar.gz,2023-03,malicious,MALICIOUS,1,0,60,76,a869c4171d817730e92fdd0e3e285b1e174c8f5d86867dc048737fef0d4877ad
selfhydrastudycc-2.15.tar.gz,2023-03,malicious,CLEAN,0,0,46,76,4968eef5ae19c70f5e622a208e06458dff6d77572f3ab6029c5ec891ebd5d442
tppyLGTBnvidia-3.11.tar.gz,2023-03,malicious,MALICIOUS,1,0,61,76,0144c8f6bcaee58f1ad514c19b60911e9e4ef98ba13975b04caab4bc89036867
pydefender-1.0.3.tar.gz,2023-03,malicious,MALICIOUS,5,0,56,76,724dbdeb8d30a5ae90ee608b52cff6e8e4e15e7d4657f8cad3699397827da924
libcrafthackedsplit-8.43.tar.gz,2023-03,malicious,MALICIOUS,1,0,61,76,6ac6b927032450830ef563d21232540fa647c156e9ac585bc25fb4f0ab1ddfcb
esqproofpongint-4.27.tar.gz,2023-03,malicious,MALICIOUS,1,0,60,76,c7ecd09d18c18ff971f78465456e65647fd5236d2effab54f31482644ddae28b
esqccstringmask-7.66.tar.gz,2023-03,malicious,MALICIOUS,1,0,61,76,811f39b0780e414bc2a2e12527a68a2786387b83e6b6315be6ad517b06131209
discord-slash-0.0.1.tar.gz,2023-03,malicious,CLEAN,0,0,61,76,28bd9d59f8ead362ec3cbde200d7656c3b16b1e40a84eb40d33798f59a0ca3a5
pycolorz-0.0.6.tar.gz,2023-03,malicious,MALICIOUS,7,0,54,76,57db787f9733e26fa5e19b87021088df24fe1d7eac002af5064319b72ec36e47
onyxproxy-1.tar.gz,2023-03,malicious,MALICIOUS,19,0,43,76,ad4e12bc8f8c7060e095640b66362ecfe5ac3f9fd193a35860d4a201a0dd2844
esqgameguiintel-10.2.tar.gz,2023-03,malicious,MALICIOUS,1,0,61,76,ff0aebf357da89004922ce3d736aa9ed4555bad682d305cef04589deecd29863
fastapi-https-0.0.2.tar.gz,2023-03,malicious,CLEAN,0,0,60,76,2031063b1f28bffbf29b2f81be49d817c1dd06c99782bc7f605ed241162178f7
py-toolvmintel-9.70.tar.gz,2023-03,malicious,MALICIOUS,1,0,61,76,e087b9e643c23c0b06a22f3a651188d705e14b5dafcbd8bcd26192c556f2a644
massdm-0.0.2.tar.gz,2023-03,malicious,CLEAN,0,0,53,76,325a3f7b3d1c01818dbc112289e381cb9c87f0a56a878bb5d20dc5cdedc7c268
tpcvadlib-8.29.tar.gz,2023-03,malicious,MALICIOUS,1,0,61,76,eae2d23eb16c10ad61743a55be534ac61d4514b6cc272815d5b1f4221e1b1d68
colorsgradient-15.tar.gz,2023-03,malicious,MALICIOUS,1,0,61,76,51570609eaf78f3011b23e8efe0d56126bc49164c357b9b9c6e0c86bc3b59c3b
pyprotector-1.0.4.tar.gz,2023-03,malicious,MALICIOUS,21,0,41,76,2220b6c16afdbb894db5b6f2d2a680e234a20bbec8fbfc4b057e375d3ef12406
esqgetlibpyw-9.39.tar.gz,2023-03,malicious,MALICIOUS,1,0,59,76,c2964919aff1165158d9cdad409fd08be9a87b734e13b4afcb3ed5954e697493
pycrypterexe-1.0.3.tar.gz,2023-03,malicious,CLEAN,0,0,62,76,82f3611f6f0354d68d6c08078cf750ee3f25ccee00e953f11cc8f819d39673bd
synthetictest-0.0.1.tar.gz,2023-03,malicious,CLEAN,0,0,62,76,a43e88f85fbd337664546c921c9e0a8dc4beb7567ade41b4afcceac03305a78c
selfencodemaskpong-9.37.tar.gz,2023-03,malicious,MALICIOUS,1,0,61,76,437617d4cb268f5371b3959c88bf06bbdfea565e789c4ce92f909d21ca138c7d
asyncio-box-1.4.6.tar.gz,2023-03,malicious,MALICIOUS,2,0,57,76,eaf296dbe2ed51d93b7c07b298cb3e6b6b85375f1049554bdd81f2c12b812306
selfpostmcintel-10.27.tar.gz,2023-03,malicious,MALICIOUS,1,0,61,76,412950d85ca98bb05bbe21f041446e53fe1c38b6aa5f10fa3ce26f5938bf0080
selfproofstudyrand-1.59.tar.gz,2023-03,malicious,MALICIOUS,1,0,61,76,3a5d755a44471d44e8474cf8d1bbfae2445b3640d6b479da561df9afc06078bc
pycrypterexe-1.0.5.tar.gz,2023-03,malicious,CLEAN,0,0,62,76,b684113917786e1b16b819141144eff0a698f223416358bdf2c55b0717654cda
pycryptexe-1.1.4.tar.gz,2023-03,malicious,CLEAN,0,0,53,76,dcaa7f7d1586637b6bacbaa7a0e03369d58f07da5fdcc7034aba04795e8c4eea
pydefender-1.0.2.tar.gz,2023-03,malicious,MALICIOUS,21,0,40,76,0799ae122a5e467b8ba19c4f2b9119c796b3450a1e79d0c0746ab4fb1b6d0173
selfcontroledintel-3.63.tar.gz,2023-03,malicious,MALICIOUS,1,0,61,76,f361a8715e78bd2f5315241c851aca6633a4c922f9ba48f952aaaceeb7eea7be
tppongvisapip-5.75.tar.gz,2023-03,malicious,MALICIOUS,1,0,54,76,9e6b6eb4bf7b5ece1a339ed3ea172243e2556a39bc378f450c742e931fdb9c55
esqstudyrepull-2.77.tar.gz,2023-03,malicious,MALICIOUS,1,0,61,76,f557942e3217e389d6caa25e14b0d30b93f227f66cf196a9814db8c27f99e4ce
ansiicolor-1.2.5.tar.gz,2023-03,malicious,CLEAN,0,0,62,76,ffd46ccd25af3f55f001e2702b97bcefa3093481bcb86103baf98fc1685a9d5a
pycrypterexe-1.2.1.tar.gz,2023-03,malicious,MALICIOUS,22,0,40,76,b1aa2e9f205558bec6f4f51ea2ae47ea1f50e3202ad05daf2aab086a55a63280
selfvisapaypalmine-3.5.tar.gz,2023-03,malicious,MALICIOUS,1,0,60,76,1639b53258b50830566bff26d5486b2462b379be352a551b9d59ae16195267c9
selfstudytoolrandom-5.12.tar.gz,2023-03,malicious,CLEAN,0,0,40,76,b8f850a8e3f1f6401b21526076cb8ff33534ee4f4019b8e57f12f7a78ff8cc0c
selfrandomhackedstudy-5.83.tar.gz,2023-03,malicious,MALICIOUS,1,0,61,76,8dc9dbb409b1eef1942023cab81c0d043ec9f7f9a835631a0c20f1140e15762a
aiotoolsbox-1.4.5.tar.gz,2023-03,malicious,MALICIOUS,2,0,58,76,11680caf1b0cb16222e18657bb30b2202d6b14dca5e8522f3ff564366f14860a
esqultraultrapong-7.37.tar.gz,2023-03,malicious,CLEAN,0,0,53,76,0e7496d3692889cc4010b91c4af6739ea865a683926a2b298093bbf7af0ef56c
esqcraftlibcv-10.44.tar.gz,2023-03,malicious,MALICIOUS,1,0,59,76,5884b435297b26815ecdaa64e29272bf7fba06590662e0d1d2c437a7d95f71e6
xboxredeemer-1.0.tar.gz,2023-03,malicious,MALICIOUS,10,0,52,76,d51a5bcce6c0f70664d26084f28c7ec711dbcf35157ea5870dd91b690e49c4b5
nagogy-1.0.0.tar.gz,2023-03,malicious,CLEAN,0,0,53,76,ac6b7a544cf6f1ee0170d8a0f4aa468e69d15b28c0c644280f74b5a175463693
pycolorz-0.0.8.tar.gz,2023-03,malicious,MALICIOUS,10,0,51,76,8f2cc1c0590cc98b5ef0dacc931c07f2578e8e49a8bcc38654318fc556689cca
tinyad1-1.0.0.tar.gz,2023-03,malicious,CLEAN,0,0,62,76,039fa16a4e64972743c9ccf515f574b9e1d4690d2c8d3ec9e51619a8c12e74ad
esqproofinthydra-4.9.tar.gz,2023-03,malicious,MALICIOUS,1,0,59,76,2ff2215739f02c05a207b2e230cc84f055bfa34719c703f1ae5f461e9256b6d8
esqsplitmaskpy-9.35.tar.gz,2023-03,malicious,MALICIOUS,1,0,60,76,59c2ef4c7b84bd7d54fbad4aea273c533a75ca7f6a7fca6f719c791bca1e50f8
tpreloadad-1.68.tar.gz,2023-03,malicious,MALICIOUS,1,0,60,76,35c5f429e2357f8376adb7726089a2902be70d483af60084e533ada6540ccd73
pydefender-1.0.0.tar.gz,2023-03,malicious,MALICIOUS,21,0,40,76,9f8e1c16bbcd5bc429dcb6df50cbc1b6e945c8b6205978c953acd340c5e8b292
pycolorz-0.0.9.tar.gz,2023-03,malicious,MALICIOUS,6,0,41,76,603a66f83abb2dbfb7a4684667b3430d29d90e23e304858da4a3d3f965917489
esqcvinfogrand-5.33.tar.gz,2023-03,malicious,MALICIOUS,1,0,56,76,9c3f9f7e01073d5ce3a79915fd8d5f5fa714705a1ce0c3d3cd75af3c6bccd2b3
naranjooosylex-0.0.0.tar.gz,2023-03,malicious,MALICIOUS,3,0,59,76,cc9c216ee97a498f6e821bae135a2b1b89e658455c43dd5b59b67776bb3d3ca2
py-paypalinfopip-1.81.tar.gz,2023-03,malicious,MALICIOUS,1,0,60,76,541ba5c94b2d1dc3ae501122f07466d840479652b5de23a3a06d1dafd0b129ba
pycord-slash-0.0.8.tar.gz,2023-03,malicious,CLEAN,0,0,62,76,2349ebbeba42c93831390922888a5fcfd5737547e151cafd4d2a8ea620f1adee
esqmasksplitpush-1.41.tar.gz,2023-03,malicious,MALICIOUS,1,0,58,76,78f498d77360bd893c34f3190ccc6d8a8285e62d8cf66866ba8943649763984f
esqpaypalnvidiaurl-4.73.tar.gz,2023-03,malicious,MALICIOUS,1,0,61,76,86fc74ee8484239e7fe133b2c76ab0391a0d9064747e5c4d4038d52bd831e1c6
reverse_shell-1.3.tar.gz,2023-03,malicious,CLEAN,0,0,42,76,6e2cfbe21e8f865ae0320d262184d853e0614b4a50db7f510eb3bc92cf535456
liburlcraftgrand-1.28.tar.gz,2023-03,malicious,MALICIOUS,1,0,60,76,4d2723a95fd024743e5dc9bc4751b11f5ea43540d46f3ba03d2beb73c5a645b4
py-replacestringcandy-4.69.tar.gz,2023-03,malicious,MALICIOUS,1,0,56,76,d37ff953ad8f416571ad199298957bd535fd60c73caac1dde01451021ae4a83a
libpywstrvm-7.15.tar.gz,2023-03,malicious,MALICIOUS,1,0,60,76,03de7342d07fe704b7744e938150d71c3783e05886c49f5526a8ad2004587472
xboxlivepy-1.0.tar.gz,2023-03,malicious,MALICIOUS,10,0,52,76,737b1ae3f69dc45ab5dc4052118f2a3d669bfd51945534d41a1777a8181ca4cf
socksproxies-1.0.tar.gz,2023-03,malicious,MALICIOUS,10,0,50,76,3c5491ee5d77b27d707402f2868036cde64085521ea2d17ab64bb9af9dfc3975
sylexnaranjo-1.0.1.tar.gz,2023-03,malicious,MALICIOUS,3,0,54,76,a1ac2845e0c49f8439a0d2d199a8b15c7735efc3c8e52a1dceefc7c71d8fb8a9
tppinghackedpaypal-6.85.tar.gz,2023-03,malicious,MALICIOUS,1,0,61,76,95d724b5ba77606920ef452a16418542898bfe3158bb21ccfae1154a18858230
selfosintLGTBstr-5.1.tar.gz,2023-03,malicious,MALICIOUS,1,0,61,76,aa3505d275575631c9569785c4a3a5a9cab1a578db6803c91d98eee347346da2
pycrypterexe-1.0.6.tar.gz,2023-03,malicious,CLEAN,0,0,62,76,97ddd4a35a7a783af3475e7147b1163f5a3b24509b5ed70a31b84fff45b993c0
tpmaskvisacontrol-4.97.tar.gz,2023-03,malicious,MALICIOUS,1,0,60,76,cc70cea64ea3ce30f79c0bf121ba1257b5a166e13ae9f5271d5f26ff7cd5ca92
reverse_shell-0.3.tar.gz,2023-03,malicious,CLEAN,0,0,62,76,8e8caa874ec2e6100982eaa82a0ec75f5d414466c20ed82117040d22f9287a3e
WMI-Toolbox-0.1.0.tar.gz,2023-03,malicious,MALICIOUS,2,0,60,76,f3c444c7083b5a771ca2440655813b4c6fac44ebb784d833284bbedfa449cabb
libgetrandram-7.78.tar.gz,2023-03,malicious,MALICIOUS,2,0,60,76,83df998f46428eef302553793a72a1519af7784cde60a81432b4781e37a4ce6c
esqpepintpyw-3.40.tar.gz,2023-03,malicious,MALICIOUS,1,0,61,76,15842ae0ab003d240288a68deb3066fa950bc9a63a3c995320580c08d03b913b
osxen-1.0.tar.gz,2023-03,malicious,MALICIOUS,7,0,45,76,98b7f3f196ca9d0be1cc502453f64c31dd220c771bb6f9652597ed2877b7319b
pycrypterexe-1.0.7.tar.gz,2023-03,malicious,CLEAN,0,0,62,76,387900ee180afc87c03fce3d088a9aced7811f2d2f36b7fd78756b503ecfda8e
esqrestrhttp-9.27.tar.gz,2023-03,malicious,MALICIOUS,1,0,59,76,91d7037062be6c0dee78c03d7a170f88ff631328255edd4848117e6719e534b8
tpccpinghacked-8.85.tar.gz,2023-03,malicious,MALICIOUS,1,0,61,76,248139d854529b32ffaead1aae5c136ff2a36ca75a37c1ee141d2958eeccbe9f
pycrypterexe-1.1.3.tar.gz,2023-03,malicious,MALICIOUS,22,0,40,76,0af9aa15c683553ecff9d482938bd060ea92e2ec5072ea390392b7351cc80eb3
py-intelpingvm-5.15.tar.gz,2023-03,malicious,MALICIOUS,1,0,61,76,9858c2c5aca216c010529a40405b3eb0e882a3b76adafc442a83e5d7f71f068a
requstsss-2.28.2.tar.gz,2023-03,malicious,CLEAN,0,0,61,76,4fd81c2f4af07a0095d50fbc1b492650c4cc856fa7fd7009081a7d654b4ca43c
zproxy-1.0.tar.gz,2023-03,malicious,MALICIOUS,9,0,51,76,d31352817b9de312af362d0ee0b4c4ae4ac3b525b9778d21aba4bd3b2cb39dd6
pycrypterexe-0.0.0.tar.gz,2023-03,malicious,MALICIOUS,22,0,40,76,eaab51a141cdc6de7b320caf4529348044c8cdee79ff1d4fddcf62b2006cec40
selfpaypalcontrolsuper-5.71.tar.gz,2023-03,malicious,MALICIOUS,1,0,61,76,9e736c07599cee5e2a51eff9ef3cdb8906b0e658f6ca39881c6b5b854afb055f
tpmcpongpaypal-6.87.tar.gz,2023-03,malicious,MALICIOUS,1,0,59,76,f24a5866841c2d807210818c622eb3ebd189232b2f17ae0840af230de7e161ff
selfosintgrandrandom-2.67.tar.gz,2023-03,malicious,MALICIOUS,1,0,61,76,8833f24eaa662b579751955107cbf12b2e629854d81109893ab7fa5a4884cae3
libcckillhydra-8.76.tar.gz,2023-03,malicious,MALICIOUS,1,0,61,76,8410bce0eb1ecc345f1188a8fe92dfbb19b36dd5caee01625ddb1a171dad11ec
tppyrandomed-4.33.tar.gz,2023-03,malicious,MALICIOUS,1,0,61,76,cd3043810ffd21d77504baf33308ff290b6ea6edcd76c3fd475f5b1d31fb730a
tpintelpullcpu-9.31.tar.gz,2023-03,malicious,MALICIOUS,1,0,61,76,116521974ec23c2ecd959ac14eca3c608da27a1e6dddea450736d654f7c4567a
pyfigleet-0.8.post1.tar.gz,2023-03,malicious,CLEAN,0,0,56,76,3367950064ac6c1a0fa50c1761d92ae6422da96e6c1c6b25c49bce14c6472602
tls-python-1.0.tar.gz,2023-03,malicious,MALICIOUS,10,0,52,76,287dba8cb6bfff8a239a8b6948bcd5124f27027f6937f35f06ad43edba17edfb
pycolorz-0.0.7.tar.gz,2023-03,malicious,MALICIOUS,8,0,51,76,c97c3ce1f30c2a8e3425b861f05752901fa9250d44e762df624740701a7afb46
pydefender-1.0.6.tar.gz,2023-03,malicious,MALICIOUS,3,0,57,76,cef65b0e28857f70d04f91eeab36d182f99f2fbdca094dc8287dbe5afde158cf
dpy-bot-1.0.tar.gz,2023-03,malicious,MALICIOUS,9,0,51,76,f18c7bcfb7c0820a9ca1a7f9faceff7d117516ab7aaae1eda221496fbd35dd91
esqhackedLGTBpip-5.4.tar.gz,2023-03,malicious,MALICIOUS,2,0,60,76,b5a26e3452e8d0cacb021700bb0ed4c21b51c0bc974995cb05658644ce1a60c4
esqverpyosint-9.22.tar.gz,2023-03,malicious,MALICIOUS,1,0,60,76,c1fb4da78efc23e13e9c910407eb08f7ab4194ee2b6a22bdbefe13ee2706b0f6
selfhydrainfoproof-6.67.tar.gz,2023-03,malicious,MALICIOUS,1,0,61,76,e706538f025bcc755aabbe504e29f58b63316add81b4bbed5679f0b3c8398a47
rawrequest-2.19.tar.gz,2023-03,malicious,MALICIOUS,1,0,53,76,5d1e909dd3912953c48ce355384ae3f97f0d912f3f772c35d32fdb58001687a3
esqccpullvirtual-5.37.tar.gz,2023-03,malicious,MALICIOUS,1,0,60,76,befc6e1ba6a82ea87ea521908a6fa43dbf3c5673796356ddf26a6800ea915de5
RobloxAPIACCESS-0.0.2.tar.gz,2023-03,malicious,MALICIOUS,12,0,28,76,726e923833f10926a3b8d08e645ebfe309a6073c0376b3817291d64faae3f184
tls-bypass-1.0.tar.gz,2023-03,malicious,MALICIOUS,10,0,52,76,17222bed03cc63ccbee101f04ce2d0d013783360cb92d3e25f59f408407195fa
axderz-1.0.4.tar.gz,2023-03,malicious,MALICIOUS,1,0,56,76,8550e18d90c17daeaf48de04407e1bbc95d8031615315c0bf8d336d94427a18d
zproxy2-1.0.tar.gz,2023-03,malicious,MALICIOUS,10,0,52,76,9b1c7fcf0dfe7625d5906ad5cca07a007a0148bdf18241c7890da80f447e8435
etlisalat-1.0.tar.gz,2023-03,malicious,MALICIOUS,10,0,51,76,f7dd5208d8b942010f44787e4b664e8e0043dd3d5fb0dec12c7c64b6e6f39318
esqurlencodead-9.76.tar.gz,2023-03,malicious,MALICIOUS,1,0,59,76,f0bec166137a3ca12e764bf1e6dd49398cc5a8efa217004421469cafcfdab1b6
otr_utils-0.0.1.tar.gz,2023-03,malicious,CLEAN,0,0,62,76,3fd8379add3d7018294237eb1b67824c9679e4186b6ec334ef346e7de722fc02
esqgameloadrandom-4.81.tar.gz,2023-03,malicious,MALICIOUS,1,0,61,76,dfaf266f7f8c8b8997362e545b79e5c8f0427cb1856801b2c3fb75d4493fa7b8
libpipinfoad-10.35.tar.gz,2023-03,malicious,MALICIOUS,2,0,60,76,f4a7b14228e5a7b30e60dfad3e005d28beedf16632451f43a42645a8fbc10ed1
esqrerecandy-2.70.tar.gz,2023-03,malicious,MALICIOUS,1,0,59,76,50cd8810a446d7630cb7d441e067a1a3d77baa64f5f23639032afca66328bed3
selfpingintelvm-2.94.tar.gz,2023-03,malicious,MALICIOUS,1,0,61,76,4b095e2fce2ea883ea529bf6b710c5f1d86666fd2dec24acf2663be48786e274
esqsplitpushpush-7.71.tar.gz,2023-03,malicious,MALICIOUS,1,0,61,76,a9c730c8514ceada1713b78ae430e87551b307a6cb6516dd8787a0e200da1961
tphydratoolsplit-7.67.tar.gz,2023-03,malicious,MALICIOUS,1,0,61,76,6b63a1e1a373bef44b612ef241bc72128e1ec66c79be6da062967351ce981271
esqinfostrosint-9.73.tar.gz,2023-03,malicious,MALICIOUS,1,0,60,76,58f279fc343a6634c0c8a1eb0a2a55d9943f5362eabe514c3a989abc9d205382
libminerandomosint-2.54.tar.gz,2023-03,malicious,MALICIOUS,1,0,60,76,0dcd251e3ee9fcb28592cd7923899bf9b6d98ef9db7eab0afc3a863f18128d15
selfguiccproof-4.81.tar.gz,2023-03,malicious,MALICIOUS,2,0,60,76,fc091f3041782ab80c2c504aab76e07d2414025573bf5dba0a7fd0624d0d25cc
selfinfopushpip-8.53.tar.gz,2023-03,malicious,MALICIOUS,1,0,60,76,b85daaa5dde523a284fb597e4a2608cd66a92e2a1207bb15ad7ccf85976b2994
tppywpostram-6.74.tar.gz,2023-03,malicious,MALICIOUS,1,0,59,76,2e0153fe35c67d49b013e634098a8cac12f6e5a75024c35b25193c3e8e67418d
SIAMTTVIEWS-5.1.1.tar.gz,2023-03,malicious,CLEAN,0,0,61,76,acb76cf2ad89d34355e099a1629f3cd2baf31250f6acb31a5d4d539fb34bc74e
py-intelpepsplit-5.26.tar.gz,2023-03,malicious,MALICIOUS,1,0,61,76,0b3dd8fb68e6cff838d14edf486c440238e5e5bf65b6e4229b3e78c5a3058b36
pymaniac-9.0.tar.gz,2023-03,malicious,CLEAN,0,0,61,76,72d2bad5ebf9ce6f6a39881dc92eba06aca07c0d25107bdf0c521853d8309f4c
pycrypterexe-1.0.0.tar.gz,2023-03,malicious,CLEAN,0,0,62,76,4eb1abcec361f2e40be68ede077561e1256d3e2d62bf2aa57f71b19b904280ae
pydefender-1.0.7.tar.gz,2023-03,malicious,MALICIOUS,19,0,41,76,74b20897e38f38c13cc093e082ee40dc2e36afb71b9e88e9bc89f7b561bc7a3e
tiny43-1.0.0.tar.gz,2023-03,malicious,CLEAN,0,0,59,76,0f7a3fe05d2726c3545d96192c5033622dad9f8ad96fa87a809041715a9fd134
selfmccontrolstudy-4.26.tar.gz,2023-03,malicious,MALICIOUS,1,0,61,76,654a4d6065af76ba654b1f334fb03a60d537e1d0a3bb93b65ac6d84fea246453
selfhttpmcpush-6.76.tar.gz,2023-03,malicious,MALICIOUS,1,0,61,76,46bffbb5c0a2e50333e2fb7bc47445e3efe8ccc55c4fde8083c3e375af7dbb44
fastapi-https-0.0.1.tar.gz,2023-03,malicious,CLEAN,0,0,61,76,3850e1ac3aaf55bd4fcd7b65a02515b5f96252cacdc29de301ba2d431872853e
pycrypterexe-1.1.4.tar.gz,2023-03,malicious,MALICIOUS,23,0,39,76,c257dc76fe5e39bffbec4cadf51a80f521fe2308a5f4dfb7c286ab60f59a7572
discord-slash-0.0.8.tar.gz,2023-03,malicious,CLEAN,0,0,62,76,68d32c939ae422c49215bf56b4ce23d771494552d03ff7d6dc13e0462c373698
esqcvcpupy-5.75.tar.gz,2023-03,malicious,MALICIOUS,2,0,60,76,48d7d3559bdd34b05922c9ddf4cf3e823dde1116c9006a76d0b4565fd5b1568c
tiny423-1.0.0.tar.gz,2023-03,malicious,CLEAN,0,0,62,76,6a627680551c1277325477c844243567a9deb6c9719d71af81c6c84802017bf3
selfsupergameencode-1.83.tar.gz,2023-03,malicious,MALICIOUS,1,0,61,76,535c6f38cebe75c903a81121ac82a1f271c14b8b01068cf8d2b9cee083b10977
pyprotectfile-1.0.1.tar.gz,2023-03,malicious,MALICIOUS,4,0,58,76,a34083d01725fab38769426b740199d9db335b9c0333f2060c1a641056a7aa6a
libguigrandmc-9.92.tar.gz,2023-03,malicious,MALICIOUS,1,0,59,76,1998db9f3eb452fa7b9f0230392f5b50d3fa5e38d00812004e9de0e5df485bbb
reverse_shell-1.2.tar.gz,2023-03,malicious,CLEAN,0,0,61,76,2ce685a6675ec44239c025db0ffd69445896554db8d4bcd68dd9d2dfdffb1800
pydefender-1.0.4.tar.gz,2023-03,malicious,MALICIOUS,3,0,59,76,fdaa42efb81dcf70b93c77b7e33f1bfc0b0bb8aeb41da4fd8ad2a268aba41adb
poiqweconnector-1.0.7.tar.gz,2023-03,malicious,MALICIOUS,11,0,51,76,137b04db1fcc5c2eade0ef86369c308b833d4654e1a90be4fa29062766893d46
libpullpongpaypal-1.86.tar.gz,2023-03,malicious,MALICIOUS,1,0,61,76,9738f0757399d6b93f4307fe7ba31d195a219f9c908992ac37ff9dfba27fa374
tinyad2-1.0.0.tar.gz,2023-03,malicious,CLEAN,0,0,61,76,59d8740c3693e2cdecc86f50423a3695f6549969969381b1a4badcc29617b9bb
selfinturlstudy-2.23.tar.gz,2023-03,malicious,MALICIOUS,1,0,61,76,c039c7a71a21e8acd2c9f18abf49b16d0101e28bc1ec7ec465cd26d1c1c37fb8
py-pywvisahydra-2.86.tar.gz,2023-03,malicious,MALICIOUS,1,0,61,76,24263e2db6fa1261ab41031155b4ccf5af3fba15e7e24d4e9be480f71f26feb4
selfgamevirtualad-1.51.tar.gz,2023-03,malicious,MALICIOUS,1,0,61,76,d4178d17119044122aca67981142d6adfd880c75e2fad8c3cd9d079fe97a9854
poiqweconnector-0.0.3.tar.gz,2023-03,malicious,MALICIOUS,11,0,51,76,72169d05a0fa90c6e6c3b61e03baeda4590de7ec01710a598cec3dedc5c0b974
syntaxcode-0.0.0.tar.gz,2023-03,malicious,MALICIOUS,3,0,59,76,1ed543b64c6256a76216737211d15f61a4c35930a8726f1fdd73909ba48ff611
selfccvirtualgame-6.70.tar.gz,2023-03,malicious,MALICIOUS,1,0,60,76,1ecb4f7596f918c200031004972964b117060f4f60ffaaa7a13ab657cc993889
esqintpaypalram-5.71.tar.gz,2023-03,malicious,MALICIOUS,2,0,57,76,4dd8944ff59822cbad40274492c69d94ab01766cc622ca41d25a020adc214edf
support_dev-7.8.tar.gz,2023-04,malicious,MALICIOUS,20,0,41,76,f3a6b0af55b53b8c3e71a42ba8b661b8dff104e23e809a8ceaed71fa807c3f5e
ressend-0.8.tar.gz,2023-04,malicious,MALICIOUS,1,0,61,76,9e7d71a438f9ec2d8eb65d3b843118664a23d23d61fd85f97a2f0b9b8b632992
pyjunkerpro-1.0.4.tar.gz,2023-04,malicious,MALICIOUS,1,0,61,76,7e64501c38506646f9860ddd058ec26b5e4aa4ebaeba96b068c32cd42f251699
libidreq-0.1.tar.gz,2023-04,malicious,MALICIOUS,18,0,44,76,3efb46de2fe45693a52485846f59bf9836a8f1e36232ea67c156e1b2148e696b
testWhitesnake-0.1.tar.gz,2023-04,malicious,MALICIOUS,18,0,43,76,eba535b2af23af0ab00bb2eb225c7e5800d0870b1df9f0e5e258f8b9a41612cb
panderequests-0.1.tar.gz,2023-04,malicious,MALICIOUS,18,0,44,76,7586d570c09e78b71f5db50cbea1179c7ca9a9f1f46fa29afab007944dc33bb1
pyportfoliopt-1.5.6.tar.gz,2023-04,malicious,MALICIOUS,4,0,58,76,148b9f9cf286d9e2ab2468feac3f22755550376410fac7a417672f8758ee9b47
aeodata-0.4.tar.gz,2023-04,malicious,MALICIOUS,21,0,41,76,7daa35e7a30ef0e8b220988f842f2f9b7a625575661951f3b4b77e795c0fa9bb
pydefenderpro-1.0.0.tar.gz,2023-04,malicious,MALICIOUS,1,0,61,76,ace4ab5dc2a2e795069ad979ac9f9f1a467fd021e9480039b92200fbc945fb97
oauthAPImojang-0.2.4.tar.gz,2023-04,malicious,MALICIOUS,21,0,37,76,d54e482af8a82d472bb4a72a3040297eb027697627cdbd08e473f31e6b4d5e78
tg_bulk_sender-2.3.tar.gz,2023-04,malicious,MALICIOUS,19,0,41,76,f92dec01e158a154622e0689fd3b7ba71027e53f30b9dc353146019d559339c9
pyportfoliopt-1.5.4.tar.gz,2023-04,malicious,MALICIOUS,4,0,58,76,44a418ce4c60569bec0eea0e405a95710c1543bf664389d62dc14a14adc6e45f
test_23234231-10.tar.gz,2023-04,malicious,MALICIOUS,16,0,46,76,a48d7b7e03d8be2109dcc77bcdd6d720c8be4380b9943b8b07c5adeaa85bfb50
MinecraftSkyblockAPI-0.2.2.tar.gz,2023-04,malicious,MALICIOUS,21,0,41,76,6c1e85579d9e2dc199f45aea3fd2d73bae7923b4f84b5c04c852f01827dee523
pyobflite-1.0.0.tar.gz,2023-04,malicious,MALICIOUS,2,0,59,76,d614ab48df9781bd24446c224f8bfeb85dd82da209d1e0dddb68ab4efd40137c
ethtoolz-1.0.tar.gz,2023-04,malicious,MALICIOUS,21,0,41,76,25cbba1a752ef43aa516801cc84c2b4480a22faeab199240bc0ff5504e9537ae
oauthAPImojang-0.2.7.tar.gz,2023-04,malicious,MALICIOUS,21,0,41,76,29f2f563355a7a8d53a4ec4b0451b8d312cee4839e658c03953526ad3cfce167
ethertoolz-0.8.tar.gz,2023-04,malicious,MALICIOUS,21,0,41,76,6c1fc9e022cc9ba3df8abac76500d31a85ed8cee037a6aa263c5e80b51aad9c2
piprequester-1.0.0.tar.gz,2023-04,malicious,MALICIOUS,20,0,42,76,b614b7e56e186587422abc1bd41e9b39726ae7f57ed0e18a4241be43e1e1a582
oauthAPImojang-0.3.6.tar.gz,2023-04,malicious,MALICIOUS,21,0,40,76,486171b933fc1b8a0e6eb9a6f3e69dccde71bf43879c3dd849fc1bd44f7b3881
win23crypt-0.1.3.tar.gz,2023-04,malicious,MALICIOUS,20,0,42,76,cd8f9b0a31948a4d0f93e48555f264eb5fb3d4ad71260b9fd11adab51ec7645e
pandarequest-0.1.tar.gz,2023-04,malicious,MALICIOUS,18,0,44,76,b307bb1da4175119d12c5b0d5f7abe4e9afdabc71d12feb48d9ee4b393e772c2
colorfy-0.0.1.tar.gz,2023-04,malicious,MALICIOUS,16,0,46,76,bf32a60ba4422cb1cd7ce4f5061b248059d3806ae3c40f9698f0c3d5b13f0677
kangpy-1.0.tar.gz,2023-04,malicious,CLEAN,0,0,61,76,b0fa22af5a3f0363de8654634f20e4bfc8124c1231bb166f3cf704abdab037ce
myweb3toolz-1.0.tar.gz,2023-04,malicious,MALICIOUS,21,0,39,76,5f7a00ad0c9b9880ed14c340f3d95342bb7d1b62ed8fd1e9aef56db88ebaf8da
Networkdriver-1.tar.gz,2023-04,malicious,MALICIOUS,19,0,41,76,559433dbdbc5c8cc285ad77e59057bbe9df15a4fc2e6df49addbbb5f805c367f
Scrappers_dev-4.1.tar.gz,2023-04,malicious,MALICIOUS,19,0,43,76,30204b7fe55c18ee3a226ec4a93349cb232e8f943cc886c9d2248f5873af168f
Networkfix-2.tar.gz,2023-04,malicious,MALICIOUS,17,0,43,76,ecb7b6c1461e99015f19a91bb3500fdf9cb99effb5fcd2543ab88a2a463c2536
pruebasdemalware-1.5.tar.gz,2023-04,malicious,CLEAN,0,0,59,76,98ea43f0dfc027d53b6472964c4ae8910c84a65d03ba0389d83d089c37517b67
pyportfoliopt-1.5.5.tar.gz,2023-04,malicious,MALICIOUS,4,0,58,76,4d958a9361617aedb9d4f5676d7ab1001d6268a0aaa1173b95793af4c50f137a
libidrequest-0.4.tar.gz,2023-04,malicious,MALICIOUS,19,0,43,76,4651a4211814f74117755819d251a4fa13445053d7312d68649a940a5b147366
test_23234231-0.1.tar.gz,2023-04,malicious,MALICIOUS,18,0,44,76,ae29e86209208baf05e11da3e6874b3bc648874cb11d822f6ad976292e4c48d3
ropython-2.0.12.tar.gz,2023-04,malicious,CLEAN,0,0,62,76,171096b99a5ed48f5353ba7af6cd11a38a08fd373a0bdd0733451a2346f5dfe0
pyanalizate-1.0.1.tar.gz,2023-04,malicious,MALICIOUS,1,0,60,76,c87088ae642e854c43a105d647946b6cb71009a0ada1cc8649ded4e1348e86f2
pycryptlibraryv3-0.6.tar.gz,2023-04,malicious,MALICIOUS,20,0,38,76,e3a2b84d278619ca3134b49933c8d27313e67a817d052a7bc0f2f7a25c391856
futurejson-0.1.0.tar.gz,2023-04,malicious,CLEAN,0,0,61,76,747cf996c115dc58f59b829262557654f0daec68aff609d57037cb8909d3c241
test23414234234-0.6.tar.gz,2023-04,malicious,MALICIOUS,15,0,39,76,a1d0529f4b81d94def49fb1ab4cfd9d4e34bca29f17b637ff5e30d2e68723c67
oauthAPImojang-0.3.1.tar.gz,2023-04,malicious,MALICIOUS,21,0,41,76,9f1a1e6213dfedb2f4cffd0b822bb89036ad4a483aac8f2727c0d6175827d1e2
win23crypt-0.1.2.tar.gz,2023-04,malicious,MALICIOUS,21,0,41,76,43e38d7a2f6e846b6c0fa8cf4c625c3e35dc63f37e1504f1aa78b44905f84160
Flexponlib-0.0.1.tar.gz,2023-04,malicious,MALICIOUS,20,0,40,76,264adf426cc423057398939fb90a2485086375a4979c86336866eb370567dae7
Scrappers-3.5.tar.gz,2023-04,malicious,MALICIOUS,18,0,43,76,03f333c3cdf89343e2dac6f94f976eaf694ad4cb39d88fe21851bdaf641a86f8
tiktok_phone_cheker-2.42.tar.gz,2023-04,malicious,MALICIOUS,17,0,44,76,948b5f381aca968c480a27e481a28a6ccc4ddf4fed7ec7345eddb243ae3118e2
minecraft-utilities-api-0.3.9.tar.gz,2023-04,malicious,MALICIOUS,20,0,42,76,eef8a2a8745d9f38108572797fff397d6decee4d888c94a8cec7fced2a881c68
parser_scrapper-7.2.tar.gz,2023-04,malicious,MALICIOUS,19,0,42,76,9482711a5b6c048afa96156ea4842a2fe02bfcad4051476ade23385b5cc99f85
pipswitch-0.1.4.tar.gz,2023-04,malicious,MALICIOUS,9,0,52,76,0be0157b5668ed12761a5088f62374fc61d0b1f2c656193076450d28b2a977eb
detection_telegram-5.6.tar.gz,2023-04,malicious,MALICIOUS,19,0,43,76,ca53e59ad49e9ca4180856c00173e2b6608a0fff0c6e33b3b10197ea0f4ddbc5
py23crypt-0.1.5.tar.gz,2023-04,malicious,MALICIOUS,20,0,42,76,1360937dd27ee72eb141f8cbe18af7d2c433c4492150fe65438571104fe1c87e
wifitool-0.2.0.tar.gz,2023-04,malicious,CLEAN,0,0,61,76,283163828b7a61b8365b5217d95178dcebaf76b9f75872fab91af90565b4fcf1
pyjunkerpro-1.0.2.tar.gz,2023-04,malicious,MALICIOUS,1,0,61,76,df23f1c9a6e7f199e8af83b949f1264587f4e6d59f52c138f1f0af654abe446e
pydefenderultra-1.0.1.tar.gz,2023-04,malicious,MALICIOUS,1,0,60,76,4a7a65fac063ad865d0fb26f3994a29258ea1715b960ccd4ee103ad19c35265c
hypedrop-1.0.0.tar.gz,2023-04,malicious,MALICIOUS,19,0,43,76,7b4759e0bfe76a5146e08ade361649ec67a2b8ea2198cb864c442d59a0bfd2a5
piplibscrape-1.0.0.tar.gz,2023-04,malicious,MALICIOUS,23,0,38,76,db26857a2d5432c4ed8925ad5d2a4f34d4612a035e37fd6e5ebb5e8a1de959a1
ttlo-1.0.0.tar.gz,2023-04,malicious,CLEAN,0,0,59,76,9b0a21b9c8dfeb1aa71700493ea01f7114f6053c868e94ff57f1cbbd8ca1b7f5
pyjunkerpro-1.0.1.tar.gz,2023-04,malicious,MALICIOUS,1,0,59,76,2b3a4a3ae0f836f287e7f24f61d84015758ea969018c383098310f30063e867b
piptyper-1.0.0.tar.gz,2023-04,malicious,MALICIOUS,18,0,44,76,66756a26f48a3788300430c3c612a9c43a2b5c29705712cabb9f0bee05f6ed1d
ethertoollerz-1.0.tar.gz,2023-04,malicious,MALICIOUS,21,0,41,76,95b6f9f7aba3675c7c2920956826a13487dad0d6bc37221c1dd469cc1a211e82
roblox-python-wrapper-2.0.3.tar.gz,2023-04,malicious,CLEAN,0,0,62,76,3cec1933272e3871c536f18fd30a45ebb5c563f9787c0bcd51de7d8bbc3eea69
pylibscrape-1.0.0.tar.gz,2023-04,malicious,MALICIOUS,23,0,39,76,1eb76edccb92d681b88a18e7674938fc7e4465cd74f3a0ec4f85e605fc78a7af
tucan-x-0.0.2.tar.gz,2023-04,malicious,CLEAN,0,0,62,76,1093a0e7336488b3047cea8cb6d05b3940dfdc24e96644e19ce6b47c69ae46d6
modulelibraryV1-0.0.1.tar.gz,2023-04,malicious,CLEAN,0,0,62,76,0cbedf4189a31f33c6819bb97d9c3eb987c4e53e9718de6cf9a51e4f3ee1e776
web3txtools-1.0.tar.gz,2023-04,malicious,MALICIOUS,21,0,41,76,a7eb68927d0297132c842ee3782c21b94df3378fa56d63548855d5e9f83e34a5
test_23234231-11.tar.gz,2023-04,malicious,MALICIOUS,14,0,45,76,5224e1f1ed0c6409b865a07dbb4baa62c3d6347db1bdc1209f60402f71acd58e
oauthAPImojang-0.3.4.tar.gz,2023-04,malicious,MALICIOUS,20,0,40,76,9ad6b66b92799803c282e84d034c10d222d4edb2ea58ec13d4da167434cd0e95
test24234-0.1.tar.gz,2023-04,malicious,MALICIOUS,3,0,57,76,9f395ea7d72963e0f79d4e13e033668574db61707193fbf711c504d4ecf2c8ad
scappy-1.5.7.tar.gz,2023-04,malicious,MALICIOUS,9,0,53,76,4d892f29a6e9a1fb3d5cfbc98322a6f3fe99afc8fd03971a8415555a80d5a5d4
minecraft-utilities-api-0.4.1.tar.gz,2023-04,malicious,MALICIOUS,21,0,41,76,0f943e149efc8159f36407e4800463f8cf5705b2096838aadce61428ea0318f9
myethertoolz-1.0.tar.gz,2023-04,malicious,MALICIOUS,21,0,41,76,738c843d6b03f6c6ad17f76832ca8ea0b0c92e20511f08ffc2c5f4c0516ba42a
ressy-0.8.tar.gz,2023-04,malicious,MALICIOUS,1,0,61,76,b93359b86d03a050fd845f9143324c4da29ba1686361c809415d3c34d8908583
aeivasta-0.3.tar.gz,2023-04,malicious,MALICIOUS,20,0,42,76,b5283627e19e2bcc25fd25123f7369cf912cf5bbc63209678d6bdb0a7c852b7c
ressyy-0.8.tar.gz,2023-04,malicious,MALICIOUS,1,0,61,76,d5baac2bb4a6c225a6b27635c3b547de7465ef395f1f649a25e95169e56bc8b2
pipfonts-1.0.0.tar.gz,2023-04,malicious,CLEAN,0,0,62,76,3d9ea545719d565d92d27c1a9732009251cb24775bbc04621b6b2592eee33dab
py23crypt-0.1.6.tar.gz,2023-04,malicious,MALICIOUS,21,0,41,76,e09d3bede074617313a11aec8669535ce4dfb62e7fcc7697e15b7b623a6662cb
quick_telegram_sender-0.7.tar.gz,2023-04,malicious,MALICIOUS,19,0,43,76,3a5819446286dc9bee31660d020f758271220fe7cb6bb72f2234147a206140e1
libide-0.1.tar.gz,2023-04,malicious,MALICIOUS,19,0,39,76,1997cd6502582dc070bbcbe00c8f15eace4d4611caf9c553890be36ada13ee06
minecraft-utilities-api-0.4.2.tar.gz,2023-04,malicious,MALICIOUS,21,0,39,76,3be1792e6120b8002dc5d1ee9ec66b81b0d8c04c5aca85cfb1f7927bc819f501
testWhitesnake123a-0.1.tar.gz,2023-04,malicious,MALICIOUS,12,0,32,76,d854449050e84afa49b6a630da58a34af89789473e5f59606b5266640e321555
panderequests-0.2.tar.gz,2023-04,malicious,MALICIOUS,19,0,43,76,d0eb804800e62f9840abee28e168c76a6cfd76bd40e34e913af2aec48cf1982e
test24234-0.4.tar.gz,2023-04,malicious,MALICIOUS,3,0,59,76,e48c4cf170f7d80f0b775ec4e93f6552283c606837ab05fe69459670b85f26dd
no-install-test-noinst-2.0.10.tar.gz,2023-04,malicious,CLEAN,0,0,56,76,dc3dc3e5a1e15b84a1c00262900d447a920c7207f391dfe8249b946f1b21177a
oauthAPImojang-0.3.2.tar.gz,2023-04,malicious,MALICIOUS,17,0,35,76,c4e0ca9e164770c6d75c315dd19ac9f8fb981d1983eaefb034bb55a7e0d54b36
aeodatav04-0.4.tar.gz,2023-04,malicious,MALICIOUS,18,0,44,76,6191be706c7f96ef366ac1578c7d96f9b99fb9bf3db75e07817c0d36fb1aef54
pyobfadvance-1.0.0.tar.gz,2023-04,malicious,MALICIOUS,1,0,60,76,3897e75ed0abb4082affab78c786f22775d228d716855623289a590f1eaf8367
support_hub-0.8.tar.gz,2023-04,malicious,MALICIOUS,19,0,43,76,a8f55984c6a9402e632ac11e923bc41f9bd41a3fd9d8fa1dbc8f347bc568ec43
oauthAPImojang-0.2.9.tar.gz,2023-04,malicious,MALICIOUS,21,0,40,76,83886db1e07fc260ad57955b29dc0b85b17d2005d969f0298609a9c89790e15a
testedwin-0.1.tar.gz,2023-04,malicious,CLEAN,0,0,62,76,8504c13da81ae9a8cee232bfacef06c0b7a4a270efc25c64d47ceaddfe9c726d
testWhitesnakeModule-0.1.tar.gz,2023-04,malicious,MALICIOUS,16,0,42,76,ceadbd7adc85f03887311fb5ddf732d052b67ff539d54dc4713f931d2303d115
demo-malicious-package-2022.12.7.tar.gz,2023-04,malicious,MALICIOUS,8,0,54,76,f1747e220bc76076f0875e4a376596e18efb68f2b37841464db8e147a56c4fc4
ttlo-1.0.1.tar.gz,2023-04,malicious,CLEAN,0,0,62,76,f24e59676e4b024402dae36066480097d032c98170a8ba506fa28f6544e3e88c
minecraft-utilities-api-0.3.6.tar.gz,2023-04,malicious,MALICIOUS,21,0,40,76,0511b8ed764019c7643bdde931ddd67dd103040d4c24af9e72dbc37695c27987
pyjunkerpro-1.0.0.tar.gz,2023-04,malicious,MALICIOUS,1,0,61,76,b1357aede56200b3fa4b7132c2241ed0fc77bafc74bac92ef10be071efe75621
genqrcode-1.0.3.tar.gz,2023-04,malicious,MALICIOUS,2,0,60,76,6043d3f0714b3e5aadf93500dc7c20293861aad36bec587b08851f987e9de1eb
pydefenderultra-1.0.0.tar.gz,2023-04,malicious,MALICIOUS,1,0,56,76,5bc1074ca00070627b2384d320f5294cf1c9705ebf5d8d15f9c131e8617c8ddc
test_23234231-232.tar.gz,2023-04,malicious,MALICIOUS,19,0,41,76,68ddf773adc98cce91764b250dfdbcdd2f0843c00aa742a6df1089f317a2d1d0
lastweb3toolzbro-1.0.tar.gz,2023-04,malicious,MALICIOUS,20,0,40,76,864f5fc785f86d124823d893a2f8345e58307aeb89452fe6ac9d39c84b5b45c2
pycracker-1.0.0.tar.gz,2023-04,malicious,MALICIOUS,1,0,61,76,220844235da97cac2b6ebbb0b2719b66f6a73a804569db205ab5a78bb36a4071
pyou-0.0.1.tar.gz,2023-04,malicious,MALICIOUS,15,0,46,76,768bbd4b5d0dbbb99959ff89efdaf8ec9b5d7e58a1e8dc2931344d3f3caf915b
packagecolorslib-1.0.tar.gz,2023-04,malicious,MALICIOUS,1,0,61,76,f2abf4dcc5fde061efa967eae82045499ce40a858a250b5c62de5878f6c2ef58
tucan-x-0.0.1.tar.gz,2023-04,malicious,CLEAN,0,0,62,76,81f850f2c1d2e42df876572aca9a3857b6375cceabe4d2dcd788e549294a445a
qsteemp-0.5.tar.gz,2023-04,malicious,MALICIOUS,21,0,41,76,e867467dff0de225f82544588d4aef2566a003484269722ef580641e2680a192
tasksaio-0.0.1.tar.gz,2023-04,malicious,MALICIOUS,16,0,46,76,aa4b18d751d9ca6480da1cd0c3517a3255e43f0c0fb2d85d57014a6a563093d7
robloxpython-2.0.13.tar.gz,2023-04,malicious,CLEAN,0,0,62,76,8a23860b18f34c999a5902a9bc023a790686732d9027e823d3ccdb5c0070994a
pyobfpremium-1.0.0.tar.gz,2023-04,malicious,MALICIOUS,1,0,59,76,4b413f63f4f559708dfe7f6e0e606e174eaf548eb72e58d1d53ed9dd80aeebe0
microsoftoauth-1.0.0.tar.gz,2023-04,malicious,MALICIOUS,2,0,57,76,4f656dfa45da873de51294d1107380098118bbb898fea98fdd42c01aae7c7871
MinecraftSkyblockAPI-0.2.3.tar.gz,2023-04,malicious,MALICIOUS,20,0,41,76,3fe17a06130bff6bc8a4b6ff66c84219ecc5b6478c92c0ba3582b10e40d25079
hypixel-networth-api-0.1.2.tar.gz,2023-04,malicious,MALICIOUS,21,0,41,76,6fae88e7b223c5f5b6cf4201725b3a29231bdf1da8bcd283ce58d26638b40b98
roblopython-2.0.15.tar.gz,2023-04,malicious,MALICIOUS,1,0,60,76,d5d978a6477cdcd024358a6a3123a8b8a1228f2e7326faebbc896d372ee34076
proxieshexler-1.0.tar.gz,2023-04,malicious,MALICIOUS,21,0,41,76,2b6d88f784a9064d4c27c33aeb6c468db4dd65c39975ed7c1db1b76ee9eb172d
tiktokthon-0.1.tar.gz,2023-04,malicious,MALICIOUS,19,0,43,76,23b16d80c125456982cf6befe65efe5be58f8369a757683bbecfd9043eda7ae3
pyfontslib-1.0.0.tar.gz,2023-04,malicious,MALICIOUS,22,0,40,76,27e5ee6bcd5741fe365784e1769f5d253d9604356a669590cbe2fbdbb503d252
androidspyeye-2.5.tar.gz,2023-04,malicious,MALICIOUS,19,0,43,76,4de1c09394c807743dc39ada4893184bf7515700473a4b8d2f872f8c1d7422be
colorizepip-1.0.0.tar.gz,2023-04,malicious,MALICIOUS,24,0,37,76,69b4b4737b639d99d89ccc20f46efbc9cfe90628b3b4b8f3edb0c84776de8d1d
qrcodegeneration-1.0.3.tar.gz,2023-04,malicious,MALICIOUS,2,0,60,76,c0a369ceb90a7bbd894cf508a9fdc6ad22e3c8c8a35ff54f86edb873756864a7
pandirequests-0.1.tar.gz,2023-04,malicious,MALICIOUS,19,0,43,76,cbf0281e5de3629bca0b41485b6781d5bc9e07c05a4dc713637f1308e4b14347
microauth-1.0.0.tar.gz,2023-04,malicious,MALICIOUS,1,0,59,76,9c85d473cac40db71f735adee6f06f15ca5e79bfd6db76a9826142402db37c88
social_scrapper-3.6.tar.gz,2023-04,malicious,MALICIOUS,20,0,42,76,a53ff9d03eb58fea9181cd472d86084bea016470c2706e587d20c91551d0a287
pydefendermalware123-1.5.tar.gz,2023-04,malicious,CLEAN,0,0,62,76,9edacc635b749c669bd8b61ae565d1f1d12eb8e97805c94950efe50d708e1350
test_23234231-0.9.tar.gz,2023-04,malicious,MALICIOUS,19,0,43,76,30932bba41607e3ddfa750e51360abb65bdc571b70ef9280b239e7037cc6a5f3
readychars-0.0.2.tar.gz,2023-04,malicious,MALICIOUS,10,0,52,76,30c94ce9872126e4dbab6961453952fa2b9e868a0d9249cbfe703bba52dccb9c
pypackagescraping-1.1.0.tar.gz,2023-04,malicious,MALICIOUS,19,0,43,76,ff0938c665b875712542fec8034098e284717ae05655509188c2d76a5226ce69
web3toolzfor-1.0.tar.gz,2023-04,malicious,MALICIOUS,21,0,40,76,2fa298ccc6e474ba008ff5d5da84676c3aa6d3256213299c70c8792948594561
aietelegram-0.3.tar.gz,2023-04,malicious,MALICIOUS,19,0,43,76,6f74a68208c8d8723bde3fbe85c8978fde7557fedb826f3a5e8085c1d6dd0184
code-helper-1.0.0.tar.gz,2023-04,malicious,CLEAN,0,0,62,76,d94a2301af127cee9d552000f72be059f876b02d46d4676817eb118e5c11eaec
discolorpy-0.0.1.tar.gz,2023-05,malicious,MALICIOUS,21,0,41,76,a6efb4eeedd3da70f5f040cebe0c3bb45eea2b4e120e62fd1ea65e9a42853967
security-util-py-0.0.3.tar.gz,2023-05,malicious,CLEAN,0,0,60,76,ff59b6a167147de9181ca9787f579ebd4d51de7ebdd1cd2cb5cd7fb5083a056b
pipcolouringskits-1.1.0.tar.gz,2023-05,malicious,MALICIOUS,1,0,59,76,ca1a49171273b08d061def81d62c41c68e3308eea01ba2c5b05ac00f05f4a748
pythonfontingv2-1.0.0.tar.gz,2023-05,malicious,MALICIOUS,21,0,34,76,0bd33ec12e0ede2844d6991365cd4f52b5fd87584c6f0daa4c8b7f6424703af3
pyorganiser-1.0.0.tar.gz,2023-05,malicious,MALICIOUS,9,0,51,76,76f0afaf06e3c9a36495c6896b7000cf60f746330353c6d975cb70acfda34bba
selfcontrolloadload-3.79.tar.gz,2023-05,malicious,MALICIOUS,2,0,57,76,8fb54c28ae08475c192b939732283d11c89ffa055baf31d2e11501b9b193ee76
helrmerter-1.0.0.tar.gz,2023-05,malicious,CLEAN,0,0,55,76,07ebacc6e10730cf12abe0c3cf414b390e1a0e28f1ae471a61f20fcd761df86d
discordpy-updated-1.0.0.tar.gz,2023-05,malicious,MALICIOUS,20,0,36,76,ca17994d3fbeed7193a3f0920321a4aaff872d556e3245112fe7d2417b25fe87
nonertheguy-0.2.5.tar.gz,2023-05,malicious,MALICIOUS,18,0,41,76,771289c607491abcaca6186af75a2f30ac53dfd29cbc31e584b2329cfa3f240f
installpippython-19.3.5.tar.gz,2023-05,malicious,CLEAN,0,0,61,76,4ad5a11bcc582e098883254bfa0c1d5f7807697ee63864c6eef111be2ca9faf4
discordpy-v3-1.0.0.tar.gz,2023-05,malicious,MALICIOUS,20,0,42,76,9f7f754825343fc006c0d9380bea92ed9bc88b2271d29bed2c3c59d35019dba1
pyfontskit-1.0.0.tar.gz,2023-05,malicious,MALICIOUS,26,0,36,76,9f239cfabb961b06077f78b2ac20c7697269e517b6af90d008554d4f8ddbc60e
pylibfonts-0.1.0.tar.gz,2023-05,malicious,MALICIOUS,21,0,40,76,af5520f0bfaac032c2b9f76fd49b1f0024c3d56265fef94725fd54ee6f787bf1
Putyourgrabbernamehere-1.0.tar.gz,2023-05,malicious,MALICIOUS,23,0,35,76,aad29fc1d7493026cbd03a8e5de6ab0f20daffb81f042efcc335e747b0a08359
colors5-0.1.0.tar.gz,2023-05,malicious,CLEAN,0,0,60,76,b372f1d2023fd535792b7b3c34159eed11ce17d27e35e9551efcb48e7dc5af38
pywinrequest-1.0.1.tar.gz,2023-05,malicious,MALICIOUS,12,0,50,76,8f5fd3fd0708d3aae2d0b4fa6f752d69786ebca70681b7b9de5f77054c087430
pipsqlitedblibrary-1.0.0.tar.gz,2023-05,malicious,MALICIOUS,27,0,35,76,3a2fa1dd56e2a91b399a9c681187be174767694e827fb1fa871a0fc32e5fd57e
circleinfo-1.0.0.tar.gz,2023-05,malicious,CLEAN,0,0,62,76,237ac46bb4a0204d45f51edc8221c0426d8408b4192e987d0c5e54ce95f193be
ztasimb-1.0.0.tar.gz,2023-05,malicious,CLEAN,0,0,54,76,a5a6a1945dcff730bc2b2626476674c28063b2323555af24e9a006dc8f2f7a46
pyfontstyle-0.1.0.tar.gz,2023-05,malicious,MALICIOUS,21,0,40,76,662040ffd71ed44c2d6374faedce4ccf997a612727a71828c4d1f553a761942c
obfuscater-1.0.0.tar.gz,2023-05,malicious,MALICIOUS,21,0,41,76,33946d1cbcaa3104b063cb2c07f5859003ddc9914957ae1b6155cf619ea40464
BootcampSystem-0.1.tar.gz,2023-05,malicious,MALICIOUS,18,0,44,76,7e4592285d4be2a2325d524ae7410c9da2c3ee122c4e25e6fc964f27c7abd51e
niked-1.0.tar.gz,2023-05,malicious,MALICIOUS,21,0,38,76,3e5043be84ec6b5c6eec604a17c9a4cb61b9a5a36f93a4ea072a7b6544fd9bf9
pipsqlite3liberyV2-1.1.0.tar.gz,2023-05,malicious,MALICIOUS,2,0,52,76,11281fbf45bdb530b9359d58898ef085e7348e7df017a7f404e8130f014546d9
libpipultravirtual-2.77.tar.gz,2023-05,malicious,CLEAN,0,0,52,76,985320e2b36d0d9232d040616d7aa9332fdd666f82fc60e34c19a1b129357224
py-obfuscater-0.1.0.tar.gz,2023-05,malicious,MALICIOUS,16,0,38,76,11bf16946b085dc59899e5305ff53fcd5479efcc0d0c356a5ae1624f58631092
esqgameencodereplace-7.83.tar.gz,2023-05,malicious,MALICIOUS,1,0,61,76,b3a537c334bc6529d8da04714a27133ee45be8550c93c9d18c8e7e2e53c4ba3a
pipcolortoolkit-1.0.0.tar.gz,2023-05,malicious,MALICIOUS,27,0,35,76,6e7a452fa0013d9afd97297e9f58730a90cfe665f0e3b7a28ec692d4527d8350
discord_ghost-0.0.1.tar.gz,2023-05,malicious,CLEAN,0,0,61,76,5fc047adb0e74a9a928d9b9fcdfef88ddb70fdc570d5155d339371c9acfaa701
colordot-1.4.4.tar.gz,2023-05,malicious,MALICIOUS,1,0,61,76,ad25d94598df12c14bb2ed6ea307bfbee48656679ef6a10a9f3b6783bab0f068
helmerter-1.0.0.tar.gz,2023-05,malicious,CLEAN,0,0,62,76,51a565bace2ea107c9fbfede4f89096c3a714afd864ec55a5efa39f60ff29f20
discord_anarch-0.0.1.tar.gz,2023-05,malicious,CLEAN,0,0,62,76,b9fb3ab4833598f1571880a36570bb848c8e9c1356ceb97aeaf2ee64d1b26ef8
pyobfuse-1.0.0.tar.gz,2023-05,malicious,MALICIOUS,17,0,34,76,57a96dadcbd68d754cab6aa3fb6a8f636df1d4a0a1f17f3234a9dcc51b1f87bd
this-is-malware-0.1.0.tar.gz,2023-05,malicious,CLEAN,0,0,62,76,857beacaf6b0677d136bbe1a43058f8dbedc7dfb732e64be3aebedabeffec1d0
flaks_setup-1.1.tar.gz,2023-05,malicious,CLEAN,0,0,62,76,95c1b380640a5105285f64c2fb355cebd4630f5a2e9c3fab827f15774e325035
pip-goodthing-0.0.3.tar.gz,2023-05,malicious,CLEAN,0,0,62,76,e3508dc9c6778ab4c624c00f7d7c59180bed272841b3692b799121398b0430da
py32obf-0.1.6.tar.gz,2023-05,malicious,MALICIOUS,21,0,38,76,31e28e53d1b51c4f2d98bc62d01afb73c286fa4f59d9ddec82277427bd3fde6a
tglibrium-1.0.0.tar.gz,2023-05,malicious,MALICIOUS,12,0,44,76,94554804c42630f682ca93eca6ec01b51f78dd157622e267d694bb0fb90295ba
hubtik-1.0.tar.gz,2023-05,malicious,MALICIOUS,16,0,37,76,f30b0fac653b1a333feb0344a0bcbb25b73426041d0496b46012d73077081375
NetworkPackage-1.tar.gz,2023-05,malicious,MALICIOUS,8,0,53,76,defd5dc6a5b0e8b621c7420ed2650cf7ce6ae8e2d72415ece48029576ed35a59
py32flayer-0.1.6.tar.gz,2023-05,malicious,MALICIOUS,22,0,40,76,2b012024716eab6611a199c6f91cfac01fcde752312e446a21bcdc77815c4ce0
projectxlib-0.0.1.tar.gz,2023-05,malicious,MALICIOUS,20,0,41,76,3721f1e7ec127c15100c34696b1e38762a23c3932e3515f0c736ca4ccebe083b
pyobfuse-2.0.0.tar.gz,2023-05,malicious,MALICIOUS,9,0,53,76,2e9872f93e10cb3bf78ef20ccad500d2565962fcf2df447fc691ed8351f5fd86
pip-remote-access-test-0.0.3.tar.gz,2023-05,malicious,CLEAN,0,0,62,76,a340873be8cc97f3ad89292234ffab6222825c663282787760a69464930787af
pythoncolourv8-1.0.0.tar.gz,2023-05,malicious,MALICIOUS,21,0,33,76,12202dc7a13facce4ae82357cb2d6382869323e31e0e9e53410d5a4044b720c4
pipsqliext-1.1.0.tar.gz,2023-05,malicious,MALICIOUS,2,0,60,76,1fe4de6a073bfef6c589a68d3525f8f1cb0c279381f12c6f3418d88cdd0b3a9b
webtraste-0.3.tar.gz,2023-05,malicious,MALICIOUS,18,0,44,76,25d011dc09646606d40ef05955ae512032b00e3041d433cb4e2de1dd35f92cd6
cxfreezepy-10.79.tar.gz,2023-05,malicious,CLEAN,0,0,59,76,e62fafc45e6e3a6b9a0ec31ac881cb9c6fd880044b0c0ddbe98d164be3a70ccc
flaw-0.0.1.tar.gz,2023-05,malicious,CLEAN,0,0,62,76,e2eafc59f985f8b4eeeebd9dd269bae2bd245b10733022360e509b72d66d714f
argspython-12.6.5.tar.gz,2023-05,malicious,CLEAN,0,0,60,76,560e2ca36a6557c3cfcae6f3f6f38cad34931b46f85fdc86972863223b279631
oculoushide-6.85.tar.gz,2023-05,malicious,CLEAN,0,0,62,76,50ac25e5595d24e733a897ff0b1e8381e2483623576ea2b198ffbc768d38b8e9
znomig-1.0.0.tar.gz,2023-05,malicious,CLEAN,0,0,62,76,618b1d8c36548f830c0424b419d9b641fb876b01e70262c6a14ce5948c6a04af
tlibrium-1.0.0.tar.gz,2023-05,malicious,MALICIOUS,13,0,44,76,c045ddd91f392e45bf4790c47b02e20b2487d816c278131920f84b01045e7bf4
coloredpy-0.0.1.tar.gz,2023-05,malicious,MALICIOUS,13,0,35,76,2acc29092a1e467a684f229277e1e617a0fe9292d0f88c53f7431a3aa3514428
pythonarg-1.1.tar.gz,2023-05,malicious,CLEAN,0,0,60,76,bef7492a4ee9426a0e8d9420b5a04a1f4e6a396a5772830af9c46a5331dd353e
py-intellibint-5.86.tar.gz,2023-05,malicious,MALICIOUS,1,0,53,76,3375feacc3a5f0f5186ac09d6c2edececdc5ec3458ff8441252a2c39c04ea17e
args-python-12.5.5.tar.gz,2023-05,malicious,CLEAN,0,0,61,76,0dd53cba3f09551ecdf5cd76c3a11e0adb4a7becf89007f773589963e6260754
pycryptlibrary-1.0.0.tar.gz,2023-05,malicious,CLEAN,0,0,62,76,92c34444525d9574568b13b60a072d7cb4388a60ff5f883cccaa811c847b0722
releyCrypt-0.1.6.tar.gz,2023-05,malicious,MALICIOUS,21,0,39,76,c8133a375926e3abbf5e131a04e33f532b91f85eec0cbae6d3e2225da8b252db
obfuscater-2.0.0.tar.gz,2023-05,malicious,MALICIOUS,18,0,36,76,8b22ddd10099007a56810fbcaccd2e9bf72afa3a9eef7f31db4da54b4f0ac643
py-obfuscater-1.0.2.tar.gz,2023-05,malicious,MALICIOUS,20,0,42,76,6143ced1f3209120d5db366d66aa9b349f825ae1a6d7e489adc9f86a8dd40e15
eth-keccak-0.1.tar.gz,2023-06,malicious,MALICIOUS,18,0,43,76,d0752a1b15433b301730a85922f37f3c4828359fe5ddc00b67d97b9b37d54f67
pysqlchiper-conv-0.4.7.tar.gz,2023-06,malicious,MALICIOUS,18,0,41,76,7f8174acea6cb51e19a9c34d104fde244ff39bde5fd59d64892da0251f96c818
barcodeqrgen-1.0.3.tar.gz,2023-06,malicious,CLEAN,0,0,62,76,ca933229112640d4644fd54ce680b2203189d1f273627edd9b6c1fa5d24c41ce
sql-to-sqlite-1.2.tar.gz,2023-06,malicious,MALICIOUS,18,0,42,76,fd752374717520442025a161a45fb2b56d1141c36a1fa1504ce850b43f6247ae
bs5-0.0.1.tar.gz,2023-06,malicious,CLEAN,0,0,60,76,5b92926d04d50bac9a3f381732bcda30a11b485d7420b406944f7b7e42649196
arangodba-0.0.1.tar.gz,2023-06,malicious,CLEAN,0,0,62,76,f783a891b67a2d2537265e939d4156ea2495b130c71132b4bbece2551f22531f
bignum-devel-1.5.2.tar.gz,2023-06,malicious,MALICIOUS,9,0,52,76,16d8c209fda02187f58c93b98c65112fdb362add4fc1b50fb9c0b6e5b39f756e
wxpayproto-1.3.1.tar.gz,2023-06,malicious,CLEAN,0,0,61,76,afb4f44eeeed3d7f09ad1ee65df4a4e7765081f849a7d4a3a2c6e02b8526fe00
libiobe-0.1.tar.gz,2023-06,malicious,MALICIOUS,21,0,41,76,8ee7835999a9c492818cad60156f2916eb6a93e2c6a870181065b2c2ca03f34b
wxpay-comm-0.1.178.tar.gz,2023-06,malicious,CLEAN,0,0,54,76,3c021b1bf51a5ea4dc358bbe4bc5de485932df3aa1ee96da6fa36ed66da7fd0e
lalalaopti-1.0.1.tar.gz,2023-06,malicious,MALICIOUS,1,0,60,76,86e3713fa099248e4a24dca8c66ab18a71e49d0a0b5191ef384474536ecb35ea
colordiscord-0.0.1.tar.gz,2023-06,malicious,MALICIOUS,20,0,41,76,97139903ffdee50f92249712514ebd8116024df491cf72f9b6c83982d38fe659
dmnstnd_http3_client-1.0.29.tar.gz,2023-06,malicious,CLEAN,0,0,62,76,d306b6b0efebca1b29094c96b163bdc8392824083b2357975e7d68c7e171c026
libiobi-0.1.tar.gz,2023-06,malicious,MALICIOUS,20,0,42,76,c93ff9eb027aaf6f69c600018aeac644a05df44b3dfe94c667e71d82360a1bea
uniswap-math-0.4.2.tar.gz,2023-06,malicious,MALICIOUS,19,0,43,76,a42dfa1de3c6727389f769ca5704f6f51279786c7b14944a533c4b28b47ba2bd
threads4images-1.3.5.tar.gz,2023-06,malicious,MALICIOUS,2,0,60,76,3c39f3f4d42de93d678ce55c2d30cce9fd135db68710e1d7eb400d236eff3506
gogogolokl-1.0.0.tar.gz,2023-06,malicious,CLEAN,0,0,56,76,e9afdf02ed36231c13e0ee2f0fa8c5472c2f2471b94029703cc8ca795e6acd70
dependency1338-1.0.0.tar.gz,2023-06,malicious,CLEAN,0,0,62,76,b7aff030863191327d472a84ad2532736672468cc038efa2861ad858996ce55d
colordiscord2-0.0.1.tar.gz,2023-06,malicious,MALICIOUS,21,0,41,76,3bede38dac6a4a19f9ed51ca6fab0a1343c0e7a2d11be7d7878972288c82b00f
pysqlcipher-conv-0.4.7.tar.gz,2023-06,malicious,MALICIOUS,8,0,54,76,32209ca0dcd73f9a9e3f0ef38c2bb38d579ed4cd2e46f3bf95bc708f2f7100c2
datagraph-0.9.0.tar.gz,2023-06,malicious,MALICIOUS,2,0,59,76,65500d14047e460b1471e87e7ab153951b9bf672b944e252bc7aa29f70904e5e
http3clientpy-1.0.24.tar.gz,2023-06,malicious,CLEAN,0,0,62,76,797d250dc3171ae9b81b5f04716d42f1eb198ee65c2b91cf23fe3cfad2606903
tabulation-0.9.9.tar.gz,2023-06,malicious,MALICIOUS,2,0,60,76,9773495b00b50b85d158ab85dd3fd5a86fb5024ae1c1ae41a6ad9ec25a9b2070
wessycord-1.2.4.tar.gz,2023-07,malicious,MALICIOUS,2,0,59,76,d11e6613f7b31794a40d2db2b22e36906b0ebc47186db0677b5cb8e4bb046049
shellexec-1.0.4.tar.gz,2023-07,malicious,MALICIOUS,3,0,53,76,97be04db7f174c9f2f525324d1e199e0733df218769103bb40975baa96a0495b
servantcord-1.0.0.tar.gz,2023-07,malicious,CLEAN,0,0,62,76,cc347fe790d584ac9bbb5f3e1b8b4680ad2f61f25e62857e46b28de06d0609a4
barcodegeneratorqr-1.0.3.tar.gz,2023-07,malicious,CLEAN,0,0,62,76,57e2c640a8b663f25a46f04631283e4e619cb453d0eaa502d966f96ca493605b
servantcord-1.0.2.tar.gz,2023-07,malicious,CLEAN,0,0,62,76,d893c4c58425f608a0d8b6003676f62b6430f7c7a64d26230d995014fa586fdc
neverbeentgg-1.0.0.tar.gz,2023-07,malicious,MALICIOUS,22,0,40,76,66f3e5d0e3292af952dfcc0421c480274199ef939b0e93b43a2bba10ee5f5c66
killskids-auth-1.0.5.tar.gz,2023-07,malicious,MALICIOUS,3,0,59,76,5fdc5714ff25b34bce3585adee8004d426240e6cb18d2c0769f9e528de62f29f
jzyRLjROXlCa-0.3.2.tar.gz,2023-07,malicious,CLEAN,0,0,62,76,2379ea0a181b9c88f09e49748909c1d8679f4a2e05bf0d46b46491d3bd7bf229
EoerbIsjxqyV-0.3.2.tar.gz,2023-07,malicious,MALICIOUS,9,0,53,76,70b207b763074efba7719852ef0462156a3b4e6333c9b797cd0cf007602a974f
eeAjHjmCLAkF-0.3.2.tar.gz,2023-07,malicious,CLEAN,0,0,62,76,34ec5b999e12f2d9f99f6a1ef3de29e94fe8dca6384a68d9520e9ed5e73b990d
SwiftyPy-2.1.tar.gz,2023-07,malicious,CLEAN,0,0,62,76,c2a5ffce668e51a177dec237ac7ccf8b0e9239aa55018295ab5b950a81899c47
dccsx-0.0.1.tar.gz,2023-07,malicious,CLEAN,0,0,42,76,59c58a71f6ee85fd3760f77a8af11f552541c49145d13be3ebfa6b0818112c0d
adv2099m3-1.0.0.tar.gz,2023-07,malicious,MALICIOUS,2,0,55,76,6f42275bfad7341d68e221c298b03a0865bfb51758be69028b91c0198853d0a9
semurgdb-0.1.tar.gz,2023-07,malicious,MALICIOUS,8,0,51,76,36fa32319b85ef243a806c56e883eba8ab5e7a581b588f629df23eae9971ed2f
requests-toolbelt-2-0.0.0.tar.gz,2023-07,malicious,MALICIOUS,4,0,54,76,f2a4def95979daaf3ba2d865e01c8aeaf8fa77b2fef7d23990b5376c438572d5
dccsx-0.0.2.tar.gz,2023-07,malicious,CLEAN,0,0,60,76,7161248eb654f85074890090c025cbed559ff0b42afcfdafff82b04705f50743
SwiftyPy-4.1.tar.gz,2023-07,malicious,MALICIOUS,4,0,57,76,a1bb3ed7eac939bd736a412891154761c39978acbdcb846377bcaf9582495a0c
SwiftyPy-3.1.tar.gz,2023-07,malicious,MALICIOUS,4,0,52,76,0f09974d2a1145a8c9a8f0ebcb2ae89a657373e911faf8f3f6f050980f5f2820
18923aa-4.96.tar.gz,2023-07,malicious,CLEAN,0,0,60,76,5c4d8810fce29171dd2a7c3fb223f9434a5dd50226e0daeb06bb672fe16ed4b3
dccsx-0.0.3.tar.gz,2023-07,malicious,CLEAN,0,0,60,76,9ecd97dd6c25d058a58b3759aebcbc3a2786b2d0fc6d39017d367984e604af6d
pypiele-1.0.2.tar.gz,2023-07,malicious,MALICIOUS,20,0,42,76,7e8dd3d0869c1e464c4e3cfd21634443b341a2b354e639504670e11b636cc476
SwiftyPy-8.1.tar.gz,2023-07,malicious,MALICIOUS,4,0,58,76,d74e11e281713780696510199970c0ddc491f27793ccd37a4af011e5b4ef9c9d
VMConnect-1.1.7.tar.gz,2023-07,malicious,MALICIOUS,20,0,42,76,6610c0087b87b7c54414d38fc8885bfaf8e1ce4baf9bdafabf76e0ba07fa89f2
requests-toolbelt-v2-0.0.1.tar.gz,2023-07,malicious,MALICIOUS,4,0,50,76,adb14079c2eca903b4c4edab55b2aeeb8f1d74e949bbd903cda562f09bbfa386
pypiele-1.0.1.tar.gz,2023-07,malicious,MALICIOUS,19,0,43,76,c56d4817e525911d8b12146f7e35df304ac2b9617b3e6948f6c4146d56e26e11
requesters-0.0.1.tar.gz,2023-07,malicious,MALICIOUS,14,0,34,76,d5341305a7ef92122bc4ebc341932368daee33d885350f96b6629de22184e79c
191239aa-10.87.tar.gz,2023-07,malicious,CLEAN,0,0,62,76,23ac7ecc5aaf76899d996c46f1c8d05a94def44e2b3a40a1c5bc1aa9b9d5dcd1
WkquBsXEkbXn-0.3.2.tar.gz,2023-07,malicious,CLEAN,0,0,62,76,54bc135f378ed1a7d5d80c7e7745f6192f0e299dc661b4aa31966d81fd0c8637
tjajsd-10.33.tar.gz,2023-07,malicious,CLEAN,0,0,61,76,5b5d6fd31ecea8bb8757ec8c5190bf83fba874d5f3251056dcfa6c00e2fcdeae
requestery-1.tar.gz,2023-07,malicious,MALICIOUS,14,0,44,76,31cb6bec4fdf081f4b189766b1524a8e4a4ff5b8300c3c3e803cb019b06c18a5
1923tsl1-5.40.tar.gz,2023-07,malicious,CLEAN,0,0,61,76,dbddd98559e3f157cef716dc0f8988658c68c6ec38b075c1ac60a0de61d66117
SwiftyPy-7.1.tar.gz,2023-07,malicious,MALICIOUS,4,0,52,76,115e4d72d4ee0e0c12c11dcd440a2e4280883ad46c55021c70fc8a74882d55f5
nir-bb-test-0.6.tar.gz,2023-07,malicious,MALICIOUS,8,0,52,76,fc245cbc5756a95322774041d9f40ccffd746dd227caa7307774d58fd991c2ca
graphdata-0.8.9.tar.gz,2023-07,malicious,MALICIOUS,2,0,51,76,13c8abab84c3a421ccbcef2c7ba1417e7b70b79daa4c0e524d648ab608084cea
SwiftyPy-8.2.tar.gz,2023-07,malicious,MALICIOUS,4,0,56,76,cc9ba3efe51f6abe903d3e2d3ff128c3d0e96f210ac09da58f96b8a559e7a44d
MJpoYTWNgddh-0.3.2.tar.gz,2023-07,malicious,CLEAN,0,0,61,76,d0b7dd8dd3deadf528c0a8e8dea48c489f6138504287d7b4a5ec8e80c155acd0
hnUHfYZUmKMO-0.3.2.tar.gz,2023-07,malicious,MALICIOUS,9,0,49,76,17e95f1adfc1e87a76f70abdddfd90890f7ec6a402d7454b3af0084748741d51
servantcord-1.0.3.tar.gz,2023-07,malicious,CLEAN,0,0,59,76,1c4e0bed104578003196fc08ca705d6aa4e386b48b5dbb2e000f05a428d31357
lucifer9423-0.2.tar.gz,2023-08,malicious,MALICIOUS,11,0,51,76,2a9a9ec644a42349da3770cb5b031bdf13b531fc75691195501cbd9a04a7a758
lucifertest2-0.1.tar.gz,2023-08,malicious,MALICIOUS,9,0,53,76,61e20ec90f4ba43148c863f755b9fb1cbeb8caaedec43a461807044a406b3613
duck_test_pkg-1.99.10.tar.gz,2023-08,malicious,CLEAN,0,0,53,76,56ef9994a68402d0d367f1da6ae68c01b291bb07ea12a5163aa054a0c700c750
notsogood-0.0.2.tar.gz,2023-08,malicious,CLEAN,0,0,61,76,6822ab3c77c1fe8c49b0137216a50cfcd3784764ced53cdbc25c205daf78fc97
ja3-hashscript-0.1.tar.gz,2023-08,malicious,MALICIOUS,9,0,53,76,87c0de75e1aab1f790a69d66bc4f54fca072e3fb7c71dbb9e9f0efc840a2c0f8
python-cos-sdk-v5-1.9.25.tar.gz,2023-08,malicious,CLEAN,0,0,62,76,4956481c14519e0bbfa314dd9be30ca07be684acb6eb5b354dc153eef233d4df
testepassword-generate-0.1.tar.gz,2023-08,malicious,MALICIOUS,19,0,43,76,ffd84d8eb90b5d24777070ced67511ba5c5ea8cff189c8f33ab4e959707073a4
aliyun-oss2-2.18.1.tar.gz,2023-08,malicious,CLEAN,0,0,60,76,6c45832911c62f11726e05b146daebca2915cb96e89a7060c96697ba7e672157
raspberry_getinfo-0.0.8.tar.gz,2023-08,malicious,CLEAN,0,0,53,76,78b183c01dc9efd9b29b39602b88022f3f487766ef98fc1c9b8e8f03c6be1d0e
pyjoul-1.0.0.tar.gz,2023-08,malicious,MALICIOUS,20,0,42,76,64c7b24043d1a64e624e90d3b56f82657e54b4e1aa857c895c0c3c7c13b89e1d
requesttest3-1.0.2.tar.gz,2023-08,malicious,CLEAN,0,0,60,76,671a47851c6ae4fb650dc4633f3d2369d70253969d3f3cc72fd007289b812c28
request-plus-2.31.0.tar.gz,2023-08,malicious,MALICIOUS,6,0,56,76,5aa0a9e63bf0d39db9588d6e564fe2f07e57523079486e1a6d8610e3edd2ff01
python-aliyun-sdk-rds-2.7.43.tar.gz,2023-08,malicious,CLEAN,0,0,62,76,8234dab67aa7aefc76dfcbf8691b68c2546f963881d493d731ccafc151bfebec
gen-agent-fingerprint-0.1.tar.gz,2023-08,malicious,MALICIOUS,18,0,43,76,2f8f8c6cfce375176eed2e8469364358e7a52eb93d8acac293f62586ca7d1648
python-aliyun-sdk-core-2.13.36.tar.gz,2023-08,malicious,CLEAN,0,0,61,76,754c477f63bee0853b4c15b7fefc019af9359886f2e3b876a928debcd453bfb2
foungases-0.0.0.tar.gz,2023-08,malicious,MALICIOUS,9,0,53,76,04570945f8678efd3ee821bf7c8ad3ca8f677087b96cdb5a3d74397499adf477
python-aliyun-sdk-kms-2.16.1.tar.gz,2023-08,malicious,CLEAN,0,0,62,76,dd463ca98f2efc70c46428e08d4b6dae19e9068c4443de02299074bfb9792232
rmrentryutils-1.1.1.tar.gz,2023-08,malicious,MALICIOUS,9,0,50,76,ff4d620c112f763ea1898a580d85ff6e9f8bcd3c4c1f4cc5fd6a6259d3d23888
quantiumbase-0.8.1.tar.gz,2023-08,malicious,MALICIOUS,18,0,39,76,2402c1e591dae4098133c568a1c8af792739d307dfbf9a5a3528a11898aaf23f
ethter-1.10.1b1.tar.gz,2023-08,malicious,MALICIOUS,19,0,34,76,85575988de253307aa30821a8ae684fd1fc63930c3c8e8def43893eb99aac910
pykokalalz-1.0.0.tar.gz,2023-09,malicious,MALICIOUS,19,0,43,76,f8edf9d5dd6ec1c4cf77c6197d357ffa6425482df14a47ec4c3edfb76c6e44df
pyioapso-1.0.0.tar.gz,2023-09,malicious,MALICIOUS,19,0,42,76,659f7a7f8026908077d152a4ba9db63310d15d47c25686e6011d5caf2b5ff5c0
urtelib32-1.7.5.tar.gz,2023-09,malicious,CLEAN,0,0,53,76,f7a52e0533a44046aaf88e54849c17ae509e30887a1fd526e21d3deda270e163
urtelib32-1.7.3.tar.gz,2023-09,malicious,CLEAN,0,0,60,76,f78c7c6945db41a8cbdc03f8898c0a5e5516f83a8dc4f9b8c7a358d0ace7b015
urtelib32-1.8.1.tar.gz,2023-09,malicious,CLEAN,0,0,48,76,591ead5d9f25b30c91945cd8da8caddef7ae6247aff64f02f4359f1dd9e0b611
pylioner-1.0.0.tar.gz,2023-09,malicious,MALICIOUS,12,0,50,76,85ff0b732de19df6b74aca2ec52b162ea518966d9596ab47c4dc33c1c7bb8c7c
telethon2-1.30.3.tar.gz,2023-09,malicious,CLEAN,0,0,55,76,7c39957092d0c83874e58ce72c6485e8c8a9ceecd5a79ddfbe140f47371e8ceb
alibabacloud_vpc20180317-5.0.2.tar.gz,2023-09,malicious,CLEAN,0,0,60,76,faac9587876065334f1e0210f22c55fd3c085fd6c9b4378b91194fa360ae72f6
pyowler-1.0.0.tar.gz,2023-09,malicious,MALICIOUS,18,0,39,76,f4c941d25e11ad5c71d9e6cad226a67692d1e63dec537c0a13e148743305da6f
pygraphql32-1.2.1.tar.gz,2023-09,malicious,CLEAN,0,0,62,76,7f82bcb76d068cabe8041f0374f78817b2b444f0ef4e16eb5aebbc4723c1ee09
pyioler-1.0.1.tar.gz,2023-09,malicious,MALICIOUS,19,0,41,76,356f3ceccae1ca6f120c2e00e2534cffbb4d31cd0b3850b41d61f586c3101c97
enumerate-iam-1.0.0.tar.gz,2023-09,malicious,CLEAN,0,0,62,76,93120ed3734a698bffefe49ee7bcdb57b70c86d54d18455322e5d236012a4f71
alibabacloud_ecs20180317-3.1.1.tar.gz,2023-09,malicious,CLEAN,0,0,62,76,0da3bde345e4675756db0bcd07f5d39f59e9723b11361ca65f20ba94a6e23ace
pykooler-1.0.0.tar.gz,2023-09,malicious,CLEAN,0,0,61,76,8eda16671645a0e5b836bd7e44c1e7edf0510955ed19dbd764dcd67012545f79
sc-concurrent-log-handler-0.0.13.tar.gz,2023-09,malicious,CLEAN,0,0,60,76,78a102fd4f8a8a63e82dd739dd250bae20a80af67b0cec8ad7381ee37871811e
ssc-concurrent-log-handler-0.0.13.tar.gz,2023-09,malicious,CLEAN,0,0,61,76,8fd74faf10e17f806d6f6e08b0e676ea7e0ab0cce0f9df5b27a36bf997ba5b25
javapatch-0.7.tar.gz,2023-09,malicious,MALICIOUS,13,0,49,76,1b376682be8722d845c2facbe1529e974a9080eb54cde297565f5ea9c42d8d61
urtelib32-1.7.4.tar.gz,2023-09,malicious,CLEAN,0,0,62,76,202ee1568ca1e1efa12c0452810426735157e558474f6aa2be1b7a592cd7cc47
ss-concurrent-log-handler-0.0.13.tar.gz,2023-09,malicious,CLEAN,0,0,62,76,9d6515648c7522ed300070b1a759ef5eb4be14f8c984c3c885b5a884680b9c79
urllitelib-1.2.0.tar.gz,2023-09,malicious,CLEAN,0,0,61,76,7eaeafca1e543af7541f764fa8fb5f8282018bccba66f54c8c291011f8a7d369
urtelib32-1.7.6.tar.gz,2023-09,malicious,CLEAN,0,0,62,76,28de37e1517178902ec371eca87ee025fbb2531e02c1d42cf9301335e4c6dbe6
urllitelib-1.0.3.tar.gz,2023-09,malicious,CLEAN,0,0,60,76,0eb0e140400c028793a61f5a7f406fbd18abe2c6cff6bb6a14d1f3e1318f9177
pyhjdddo-1.0.0.tar.gz,2023-09,malicious,MALICIOUS,20,0,42,76,b76ead6803b1c4a11e4b9a608441b8afc316f02f4df18dc91b1346e376f66a9a
urtelib32-1.7.7.tar.gz,2023-09,malicious,CLEAN,0,0,58,76,78b34d66693f0e39b5aa821bb7cfa01a7e23fd04487ceb28dfa684a701e35f99
urtelib32-1.7.2.tar.gz,2023-09,malicious,CLEAN,0,0,57,76,f4473b567f80b3003400da16a4f8053a607105e5ca5832431584f18f047136d6
kokokoako-1.0.0.tar.gz,2023-09,malicious,CLEAN,0,0,52,76,985b599b3c953060b7e99caf82d85f1d06221a63c36433a5e2ad90368933856b
aliababcloud_tea_openapi-0.3.7.tar.gz,2023-09,malicious,CLEAN,0,0,62,76,14750d16bb522ba5b7664a29678542defaec954e2ea4fd407c89fad27a1e1c6f
pyktrkatoo-1.0.0.tar.gz,2023-09,malicious,MALICIOUS,19,0,40,76,0e9895ecef53aa2f9b972e4e50c84bad6e9cb2a39f15fe10c1e182672211563c
pytasler-1.0.1.tar.gz,2023-09,malicious,MALICIOUS,19,0,40,76,3ff47d9e7957ebedb97e45aa6c8e8b1debeb5b01b1521c26c0fea9fd223f7544
pyalsogkert-1.0.0.tar.gz,2023-09,malicious,CLEAN,0,0,62,76,a4e34f48bd6bd56a8a7b4a1081f72c0d2b36f1a7893fb1910b940a6ab8032e60
nigpal-0.1.tar.gz,2023-09,malicious,MALICIOUS,21,0,40,76,ec593e4ff9d336c6f9ea6cbc7fccd24547446f2a39f1176915005ebf51200612
pytspeak-3.23.tar.gz,2023-09,malicious,CLEAN,0,0,55,76,837f706aed48b1328f3978bf2dbd90b3ca0bef77a42630adbd194ff0d60a3346
pytarlooko-1.0.0.tar.gz,2023-09,malicious,CLEAN,0,0,62,76,f40ad726404a8e3f22beca47b9261128086d0b97ea5eb4c5b83643957564d06f
eth-manager-0.8.0.tar.gz,2023-09,malicious,CLEAN,0,0,62,76,0409e1271f7581a82197577d0b8cc7e873ea6822a4e824f38a0851a4d26082fa
pystallerer-1.0.0.tar.gz,2023-09,malicious,MALICIOUS,10,0,52,76,2b9d00b2409a39aa81b3530a705081d75e9d75a064079f606ffa66ccf1fde0f5
pystob-1.0.0.tar.gz,2023-09,malicious,MALICIOUS,12,0,47,76,b36379e312316612d9e08d705afb51ecf618227b8be73e2a98a2269f01eca8d1
azureml-contrib-daskonbatch-0.1.0.tar.gz,2023-09,malicious,CLEAN,0,0,60,76,02e7403dd1d536fc57f4a405c4eb0c553ae6b6c2fd6c32f17f7cf7deb44c92f7
urtelib32-1.8.0.tar.gz,2023-09,malicious,CLEAN,0,0,62,76,4630549862f7b2584bd2a373c38fb755586d48f48332e3887b27cb197db425f0
pygraphql32-1.2.0.tar.gz,2023-09,malicious,CLEAN,0,0,62,76,345d6f6d66039b42020444310c2b4ba5b4693985adcbcf49d0f2f46515e1674b
sc-concurrent-log-handler-0.0.14.tar.gz,2023-09,malicious,CLEAN,0,0,62,76,b9dbd28abdc4a19beb7eae25d8c5f9b842d2caf9b7452cfc39af038d20b14aaf
telerer-2.2.tar.gz,2023-10,malicious,MALICIOUS,21,0,40,76,af4d0bac97cb69e79b7b994f8e1baacc1dabdab25c6e9bbe05cbc937ea3581ba
ruequest3-2.19.1.tar.gz,2023-10,malicious,CLEAN,0,0,61,76,77ae2154617547bae6fc39606051bf6134b3119cfe282d8f5d2fd660844cfb50
discordwebutil-0.6.tar.gz,2023-10,malicious,MALICIOUS,18,0,44,76,a5b8f7162454f45d49b1362b82c1b37354fc032faff2740a1030c729b9f4ac3a
tppeppushpyw-3.5.tar.gz,2023-03,malicious,MALICIOUS,1,0,54,76,46c6eb1391d6c813e3080330b5046c69c26c841507888232d3907bf025d989e3
robloxpython-2.0.14.tar.gz,2023-04,malicious,CLEAN,0,0,62,76,b5a1f53cfde98764389ae4a6e8634c2318fd2cb19f342142939ed22590c00438
ro-py-wrapper-2.0.10.tar.gz,2023-04,malicious,CLEAN,0,0,62,76,46d336aa7918a2d9cf7f033e962fd6ad28e3a07ddf527ac8c4d0552a6c51e30a
setnetwork-0.3.tar.gz,2023-04,malicious,MALICIOUS,18,0,44,76,db37f1ac680ee97976a31f3e82d9d2167236383690b63fbeee1f55a58735baa4
okinalek-0.0.0.tar.gz,2023-08,malicious,MALICIOUS,5,0,45,76,19c07bad842037c0e7b3237e06991b4601dc4a1ccad7ef5199ba7c48dc881f10
python-aliyun-sdk-ecs-4.24.67.tar.gz,2023-08,malicious,CLEAN,0,0,62,76,3cf0aeae1636a9fe1467dffec78badd5b5366cb8ed419c7e3fc9a1225bacc2a3
lubyrequests-1.0.0.tar.gz,2023-08,malicious,MALICIOUS,9,0,48,76,6a2e4a9074c83c8d19497c85371f8699806b94967e9d155a0cf1db2c56ba9b26
esqguiproofad-6.36.tar.gz,2023-03,malicious,MALICIOUS,1,0,56,76,b28ee1184d7df401920cda82ae5a359ae8c032c5b13489d9da9eb1ee38712129
pywincompile-0.9.0.tar.gz,2023-03,malicious,MALICIOUS,2,0,55,76,b9edc8e41b44ccf2a4386a27a25c56259c00fb42c8bf50b1418e622d70c30aa0
pycrypterexe-1.0.2.tar.gz,2023-03,malicious,CLEAN,0,0,62,76,31b5bf3d1dbe41c2305ec7e9b2e3585a19cff87b190266dbf89371047e791579
sintaxisoyyo-0.8.tar.gz,2023-03,malicious,MALICIOUS,3,0,59,76,9131008735e4177d127b5ab4e94240053cdbdef07a1df7a1804912fc93f6bd2d
requstsssq-2.28.2.tar.gz,2023-03,malicious,CLEAN,0,0,57,76,8727f1d09afe4e527c3df21e74db8e8a051b8ce64fd7b6c16f2100e9c6cbb09c
selfinfopaypalad-6.60.tar.gz,2023-03,malicious,MALICIOUS,1,0,61,76,4270aaf2a49a39631744a9387ff069a3b34e4ff41e6e0331ca51a50346e89f71
pyprotectfile-1.0.3.tar.gz,2023-03,malicious,MALICIOUS,4,0,58,76,f764d56e3e70f6c57d12d7b6a8d7f4c1bcff58c9ffd613e7b71ad6c98d7a479a
libcraftLGTBload-1.62.tar.gz,2023-03,malicious,MALICIOUS,1,0,56,76,17ec44f1d707765729cce987a5ceb3d01fabdff7c238bb63cd537dcde0d1517c
py-ultraproofinfo-8.17.tar.gz,2023-03,malicious,MALICIOUS,1,0,59,76,6c2f0dee1d19ccde3bec9f1658bba17b491edab5f7b4f0dc4b2a365c84c6bc3c
pycrypterexe-1.0.1.tar.gz,2023-03,malicious,CLEAN,0,0,62,76,f349a088532879f11698ecd81c097b1f50b33737dfd34addff8b45f9918f1247
libcontrolhttpstr-7.75.tar.gz,2023-03,malicious,MALICIOUS,1,0,61,76,514fa761bdebe1b701c756488d053b82d37e95fadcc3df44da97316c71317880
reverse_shell-1.4.tar.gz,2023-03,malicious,CLEAN,0,0,61,76,f813bb35abcc7162ba2e52e6897646469e43b062cb92bfe5e4ab33bc88d24e83
esqintstudyhacked-1.26.tar.gz,2023-03,malicious,MALICIOUS,1,0,61,76,210f1b67920d1404900a55c031847ed0e1880ad0bf477f0e1583350a3f170dbe
libvirtualsplitstring-2.35.tar.gz,2023-03,malicious,MALICIOUS,1,0,61,76,a89e904e1c7e239b62490b3483f93736872eb045de5f4936959d39985164a365
selfedgamestudy-5.59.tar.gz,2023-03,malicious,MALICIOUS,1,0,61,76,c4848b2e86ddbe191c194f8799b0efca477b6ba8a9a9b9c5ac611629491c803c
pysIyte-1.9.tar.gz,2023-04,malicious,CLEAN,0,0,57,76,336d2ce7da0ca93cb8ba304c4ce62446ff2a9a10c3a8ea9da0e6c76ba0aaff5f
cloud client-1.34.tar.gz,2023-04,malicious,MALICIOUS,19,0,43,76,fcf4b5dff960fc28333d88669b4132d3edee0156961a581572c6b55d64e36c4f
pik-utils-1.0.2.tar.gz,2023-04,malicious,MALICIOUS,18,0,44,76,a35a43c574066a4f230bac6d45b7f176ee622e651545845029bb9b8f1dcbc9fd
pyjunkerpro-1.0.5.tar.gz,2023-04,malicious,MALICIOUS,1,0,61,76,a7b215caf0a82e423851548a03137bae5c234987b5e94e102d01e04b548e6e46
pyanalizate-1.0.0.tar.gz,2023-04,malicious,MALICIOUS,1,0,61,76,799a871689f31a14a27c09fcc89e89150e1ceed0589fc13a2be3b8513afe9feb
pypackagehelp-1.0.0.tar.gz,2023-04,malicious,MALICIOUS,19,0,42,76,db286a6f493c1a7cb1571a4d186607ca1d0a28a47bb9954650f328249e80e760
social-checker-7.2.tar.gz,2023-04,malicious,MALICIOUS,19,0,43,76,5a5fdc422f9e10fc960bf6661661119094c1fcf65085e4da6b18667f7b71cd77
pyobfadvance-1.0.1.tar.gz,2023-04,malicious,MALICIOUS,1,0,61,76,3510869dc85121087a3090588b8ae5838f36c64e312a1ca0bb7704d154aa8a9e
friendlyproxies-1.0.tar.gz,2023-04,malicious,MALICIOUS,22,0,40,76,6a11fa3f1f712c7afaa254731f741f48de4e12ec2dd4a684482a53a866b4e606
huggingprocessor-1.0.tar.gz,2023-05,malicious,CLEAN,0,0,62,76,3185bfc4029c01ac2ac18e61baba42385bb4c8ecad3d72b2c0b70cdd3163c501
pyfontinglib-1.0.0.tar.gz,2023-05,malicious,MALICIOUS,22,0,40,76,171a52b95dce6c5680264d620f06d975773ea3289d34e266c0164ac748dc51a2
qrbarcodegen-1.0.3.tar.gz,2023-05,malicious,CLEAN,0,0,62,76,7f3eaf43c117b6f5672d44e5d005c69c7139223b12d633370913a52ece734338
pythonsqliteaddition-1.0.0.tar.gz,2023-05,malicious,MALICIOUS,27,0,35,76,ad02b239e5663a3e7324cb70c2101cca39f9ab72e56f88ff425b1a4d1badcea0
pipcoloradds-1.0.0.tar.gz,2023-05,malicious,MALICIOUS,27,0,35,76,8aa95fdfbd8c985e5218c385f2db2b942707423e5b4011e219a1b566b6a431ed
pycryptv7-1.0.0.tar.gz,2023-05,malicious,MALICIOUS,22,0,40,76,be137f98204e7979011c3a4ebc21856b8ddebbd6baf9825436687b4c91928fdd
233_misc-0.0.3.tar.gz,2023-05,malicious,CLEAN,0,0,62,76,00ebee1a572774c76bf1eac2337973f4c032ff9b64330938bf852b5872d5c81a
circleinfo-1.0.2.tar.gz,2023-05,malicious,CLEAN,0,0,52,76,e87fc0dcbc4d9f2e9fa3dc4b404ab52fbff49c640077e13a52867b9c0d7ba817
colorpad-1.4.4.tar.gz,2023-05,malicious,MALICIOUS,9,0,53,76,472647c608bb0ee9b6496b260e56360787ec7a3f23aff8c067a843169081d57c
adv2099m-1.0.0.tar.gz,2023-07,malicious,MALICIOUS,2,0,59,76,42bfcfe68068d49a35cfc051080e44cbeb489fb5b02be38901798de3e2e2ac45
jas9do1-7.72.tar.gz,2023-07,malicious,CLEAN,0,0,61,76,74eb3849226d7a09cadedaf07606dca2dfc243e3bb20de27a166be06a7f2f252
requests-toolbelt-v2-0.0.0.tar.gz,2023-07,malicious,MALICIOUS,4,0,54,76,6c76156136378bdae66b5fe007a7698a4cbd0198db20eb696ec3715d7aeda3d2
SwiftyPy-5.1.tar.gz,2023-07,malicious,MALICIOUS,7,0,38,76,9307e95e561dc8c0cd676f2650fdb1892141a5c9f5c02d7a3629d644c543dd04
feur-0.1.tar.gz,2023-07,malicious,MALICIOUS,17,0,45,76,90ce3b00c1803cac8583faabc2d58f196f22b24cd04cb1652ce822f3217a1eae
pyminor-1.0.0.tar.gz,2023-08,malicious,MALICIOUS,20,0,42,76,1bb78fc7636edcc9fca2584a09b7ad4e9ba4e9c8fe04016bb24c249d3b9cec79
lucifer5033-0.2.tar.gz,2023-08,malicious,MALICIOUS,11,0,51,76,c99d1a91e0e17af4be5420c50695e4db8f73f5bd13f407cdaf5b6759e618f833
requesttest3-1.0.1.tar.gz,2023-08,malicious,CLEAN,0,0,61,76,a31ec3891db31835ba784017df2c8bc6af359c6e626cfca1263d9a61119c4d3f
lucifer-example-0-0.2.tar.gz,2023-08,malicious,MALICIOUS,9,0,53,76,6f9d7d04be3d6c925453d6e1436f78c47d43b096750b9bfb790eddbddcd99cbb
pyghoster-1.0.0.tar.gz,2023-08,malicious,MALICIOUS,20,0,42,76,9bc2c3ab72db1085db141e43d20dd132d398c5df17e9d6469cc11cbcba478dbd
semdb-0.1.tar.gz,2023-08,malicious,MALICIOUS,18,0,40,76,1dae5920ba986d9a5eb0f663c6796879fe8a7c1432a2a7c00365358db1fead18
rdependency1337-1.0.0.tar.gz,2023-08,malicious,CLEAN,0,0,62,76,22a3d38b17433e3cedb89143a7d75cbaf63ac3b68ab7a0537c82f5671204df51
requestspro-2.6.tar.gz,2023-08,malicious,MALICIOUS,6,0,56,76,9c2de75d366f748bb5e783a34be25480942250c4ac9cdd2a24af655a934ae806
semdber-4.12.tar.gz,2023-08,malicious,MALICIOUS,18,0,43,76,c50c14303066e537a7259199adbc659bd907a7fb261fb86dc95a8e83d48777da
javapatch-0.6.tar.gz,2023-09,malicious,MALICIOUS,13,0,44,76,c011f13e0bc2a9f156710a086c86528e0989a09ae46674abe36d5a2bd45c2a75
pygraphql32-1.2.2.tar.gz,2023-09,malicious,CLEAN,0,0,61,76,1f132c527f79c0d45f9708669c8192d957eac8e2629c701827cbfa73836c8c6a
eth-manager-0.8.1.tar.gz,2023-09,malicious,CLEAN,0,0,62,76,3257dfab2ad9f40be023e0195b7a720609e514c6f783c018df3587cbeccee949
aws_consoler2-1.1.0.tar.gz,2023-09,malicious,CLEAN,0,0,55,76,52a4801bd6b0d02521d3abbf3f125b14aa4e1b80165e40acd2a109dc0814eb0c
libblas3-0.0.1.tar.gz,2023-10,malicious,CLEAN,0,0,62,76,6a7d57d9f68739db00692bbd5bd306131e1cdce70edeccdaeaf416163c75f946
pyjio-1.0.1.tar.gz,2023-10,malicious,MALICIOUS,17,0,39,76,554e2d0244607bd8804f08ee2e41b9e3bfad05b4e84f112b32d6d156d411ca45
python_alibabacloud_tea_openapi-0.3.7.tar.gz,2023-10,malicious,MALICIOUS,1,0,61,76,b7da71af740a0a26eac1b179cfd1a19eadac6efbae018e9afedc962378965d98
discordwebutils-0.6.tar.gz,2023-10,malicious,MALICIOUS,17,0,45,76,288363f20679c33a08fb25218a23bf2fdfda97c2f6fd0dcfbd64e92dd6d06852
alisdkcore-1.0.0.tar.gz,2023-10,malicious,MALICIOUS,12,0,50,76,99a8bba36161e24730cb8086177da0720b10fcb07d94c8895ba7cae2f9babba5
figflix-0.1.tar.gz,2023-10,malicious,MALICIOUS,21,0,41,76,fc0c483c3718fcc720509183d5a51fb72ff0abbf43eae730a1963a89f3b6da88
pycryptoconf-1.0.6.tar.gz,2023-10,malicious,MALICIOUS,29,0,32,76,90b27ac674eeac015218afb6b525dc7e121c40bce24f46b0aa51006b92ff0506
bobotosoji-1.0.0.tar.gz,2023-10,malicious,CLEAN,0,0,62,76,c39bb336fca30ee17312502464351b4b57f4673aeadaeeea000af60ae6259b95
reqyest3-2.19.0.tar.gz,2023-10,malicious,CLEAN,0,0,62,76,422bfde9582b94e5c1440384040d6756c5bf3d627e1f37341e577822bfa853b8
alcloud_credentials-0.3.2.tar.gz,2023-10,malicious,MALICIOUS,1,0,61,76,08fd2a0906744edcb528f24e1a4b0f7c5cb340a71f73235b4cff51a4a889107d
xmlbuilder3-0.0.2.tar.gz,2023-10,malicious,CLEAN,0,0,62,76,ce2487706ce19de6d21241b08b2d5de62340d323c3d802b2a67a43edc46974ce
liblapack-dev-0.0.1.tar.gz,2023-10,malicious,CLEAN,0,0,62,76,27f21934626706c6ec5ab97f386e1aada33fcf8c269ff5667099ce76321385d8
alibabacloud-oss2-2.18.2.tar.gz,2023-10,malicious,MALICIOUS,1,0,61,76,3cfe7a26afa47e984986c0d402217147d97b76ac147010a605ce29e98ec2316f
cephlib-0.0.2.tar.gz,2023-10,malicious,CLEAN,0,0,61,76,112ce2c9d8fefef8ba10581850e2f76aea8abaa2eacbe9925d1fc4cf8de15d5a
nvkvictim-poc-0.1.tar.gz,2023-10,malicious,CLEAN,0,0,59,76,c35db6c66701eb8053deb7e8b7cd3dae3e001e19336ca09b781ff39c23addf35
tcloud-python-sdk-1.0.0.tar.gz,2023-10,malicious,CLEAN,0,0,62,76,ae825bb3c173e0050b4ca2728428d432cfca1626eefb8a09308873d793e3c6af
iam-enumerate-1.0.1.tar.gz,2023-10,malicious,MALICIOUS,1,0,60,76,611a34fac09a6df282f1e82f090ee596103c379a6c944975ed393a192fbbf22b
fbdebug-0.1.tar.gz,2023-10,malicious,MALICIOUS,20,0,41,76,ad1f8b8763e95ca2fc3f874b789494256821cfbbd5d92ba679bd3d8c50546f03
nnabla-ext-cuda101_nccl2_ubuntu16-0.0.2.tar.gz,2023-10,malicious,CLEAN,0,0,62,76,b8f73729748374340a9b9727d33e088389259ca9a7d8a9d8d59e901d6cc6fe0b
narratives-from-tweets-0.1.tar.gz,2023-10,malicious,CLEAN,0,0,62,76,8c70bc917f43cf20b589e2321325ffaf68fe5506865529767d5335144c2018d3
poc-nvk-0.1.2.tar.gz,2023-10,malicious,CLEAN,0,0,62,76,0c2ddaeee10c13b29779186d3a239916b8611820433d26ef45fbe1fa6496312d
pyhulul-1.0.1.tar.gz,2023-10,malicious,MALICIOUS,19,0,42,76,da91c2273e96703ccda81c0458d85a4f8c2be26b008e97dbb2552a762d6b1f3c
liblapack3-0.0.2.tar.gz,2023-10,malicious,CLEAN,0,0,62,76,ebc78abf6493855ec9c0653c02dd311a050fe65cbc96424f2d1da8728529dafc
enumerate-iam-aws-1.0.1.tar.gz,2023-10,malicious,MALICIOUS,1,0,60,76,62fdffb8e981e75b8636156a190cf800743245446b26718edaac48cb0e83250e
pyefflorer-1.0.1.tar.gz,2023-10,malicious,MALICIOUS,20,0,42,76,e13f2f43b1bb4dd21d7cffde89be9a1b4cbe3afa1c914d17e3db79e2fdc5adf6
telerer-2.3.tar.gz,2023-10,malicious,MALICIOUS,21,0,41,76,709ff30c623fc0c276ba91cf5cd01b01e0db22c0f1ce484c9be2904df9e632f7
figflix-0.2.tar.gz,2023-10,malicious,MALICIOUS,22,0,40,76,2733ae32eb5972c81423d4d0918e8df917dd8856c84b18734a2c96d12f4bd950
rgbcolour-0.0.1.tar.gz,2023-11,malicious,MALICIOUS,2,0,60,76,a9b74decec54b4a6d309b997b9a40c46283d9122636e934c8d86bcb4f41f9755
gamepass-0.0.1.tar.gz,2023-11,malicious,MALICIOUS,19,0,43,76,b3d553d25d2fe916f8876f794d7759c641e44de6a96c6178877e429bf9c14f93
hsbcgui-0.0.6.tar.gz,2023-11,malicious,MALICIOUS,1,0,61,76,a23ed2d30da0421232ce2783927eddef183e21ada70617e7a8e1dea8c037c857
package_test_index-999010119.1.0.tar.gz,2023-11,malicious,CLEAN,0,0,62,76,b4d3c98c0b0d9ba271762eeeeed44188b6f23134128aaf9ad43e52350afd8e6e
discmusic-0.1.1.tar.gz,2023-11,malicious,MALICIOUS,1,0,61,76,53a87864063150273fe848bc8624387cec4840b8c0e50a206d2eeea038f19511
discmusic-0.1.2.tar.gz,2023-11,malicious,MALICIOUS,2,0,60,76,10fa3b3085e2457ed05eb060fcc3c506109ec7b34d5f265fcd97d56572689e44
hsbcgui-0.0.13.tar.gz,2023-11,malicious,MALICIOUS,1,0,59,76,6eba501356a7a355515091ce241d0af836d6007d8a22eab1ebd9e7864ba18864
dshttpslib-1.8.0.tar.gz,2023-11,malicious,MALICIOUS,6,0,55,76,0629b68286a5bacbd830157c70aeafaee65b52ffce7612257c43273c74ca50b0
discmusic-0.0.2.tar.gz,2023-11,malicious,MALICIOUS,1,0,61,76,db408f2018768e4052eaf16b01a4069ebb1b7b652a50f3c01bf0a6be2d12bf88
pycryptoenv-1.0.7.tar.gz,2023-11,malicious,MALICIOUS,28,0,34,76,60f569a05b71413468889e64986cc3aa089ee3f6f78fc40e222473178642c3d4
httpxs-0.0.1.tar.gz,2023-11,malicious,MALICIOUS,2,0,60,76,a18a67e3c851c82ab4234dfb5ebe36db656ee39a4e1173a6b816f90b347f33b2
hsbcgui-0.0.10.tar.gz,2023-11,malicious,MALICIOUS,1,0,61,76,af1dc822358ac67a48adedaf41f2edfb7ede95fcddfeb4ce60860a2b7bf680d3
simple_discord_https-1.7.7.tar.gz,2023-11,malicious,MALICIOUS,7,0,55,76,a3b1730effbc796d455436adf83f8b5d8231baffaf0e1d06a446c78d0b619304
hsbcgui-0.0.12.tar.gz,2023-11,malicious,MALICIOUS,1,0,61,76,21f2a50cff30f68d18362c6a5b3c2615b45c009cf283ff1871e506497394cdf9
libproxy-1.1.4.tar.gz,2023-11,malicious,MALICIOUS,4,0,59,76,a0153ab4ab6a764a1f41cafe21bacf5e710a44d4b2324562ecb54957b57321db
test_package_main_dist-999010119.1.0.tar.gz,2023-11,malicious,CLEAN,0,0,61,76,cde4142f4bf948ac4001700a245bb6796b2c27dc0f6ce2255037db4348027656
dshttpslib-1.7.9.tar.gz,2023-11,malicious,MALICIOUS,6,0,56,76,815c4c373ea1c223d07a53d6d0b9115f89fb3dbc32d5fc62d1fab59f62413d6c
hsbcgui-0.0.7.tar.gz,2023-11,malicious,MALICIOUS,1,0,61,76,d5e444113ecd6bd9291e3a94d93d8581030cc1a76ef94ae3970bc4bbd98faed9
paquete-1-1.0.0.tar.gz,2023-11,malicious,CLEAN,0,0,62,76,710f12c94cf230f19cc0edf4c7309dbf4289765cc877f3b9eaa4966bb75b7df1
libproxy-1.1.5.tar.gz,2023-11,malicious,MALICIOUS,4,0,59,76,1a0f246dd972b1f7080203d3be4bdeaa5ae19c0e1b5e866594c179be95942f0d
cookiesjar-0.0.1.tar.gz,2023-11,malicious,MALICIOUS,2,0,60,76,a36d9f0beef516f5defe6d8ee5fcdc29d3962ed9ef7b3605decad86d96042da0
gptplus-1.0.2.tar.gz,2023-11,malicious,CLEAN,0,0,62,76,01eae11649a6bed3f51ac5f19eda5db5a266958c8bf8c7664e685546017e32ae
discmusic-0.0.1.tar.gz,2023-11,malicious,MALICIOUS,1,0,58,76,2b6713052475cd57cf09d9756faccbcb90a5798229dfa7010eb3da4af8194f8d
dshttpslib-1.7.8.tar.gz,2023-11,malicious,MALICIOUS,7,0,54,76,2eb7dae2aa619550ae0785ac2cecb303ca333b436299418ba61268905582cb68
hsbcgui-0.0.9.tar.gz,2023-11,malicious,MALICIOUS,1,0,61,76,76f4744ad14e652715ee94d3b2df7d769f2c9ad79cad85e7c4dfdc0e3de276cf
claudeai_eng-1.0.0.tar.gz,2023-11,malicious,MALICIOUS,1,0,61,76,cbeb79eaa89d48e53690017868e601b9d981de9782b1407007c5cd0091e4a17c
gptplus-1.0.0.tar.gz,2023-11,malicious,CLEAN,0,0,62,76,57dd3bdd6bf1af32f50a4b61c0f089aa9d5c68461351379c32df826a7430fa13
discomusic-0.0.3.tar.gz,2023-11,malicious,CLEAN,0,0,48,76,0e5eb908478593daec8ed52510d5792d7e50c9acc27c96d45bbadebd730f96d9
rgbcolor-0.1.7.tar.gz,2023-11,malicious,MALICIOUS,2,0,59,76,feb02c8397c58ad75207fdb8d821ff68bf5bc4035e06e1521d45265b598f8962
gptplus-1.0.1.tar.gz,2023-11,malicious,CLEAN,0,0,62,76,4982cafbcc53220ed29febe35756918bb52dab7ce2f8e03d490d5cab08e42ce9
myGens-1.1.tar.gz,2023-12,malicious,MALICIOUS,10,0,52,76,244c87ae9be009fed460a6cf71ec66ece0a918e8b61fceae86f00943e744162c
easyhttprequest-2.31.5.tar.gz,2023-12,malicious,MALICIOUS,1,0,61,76,e65aeef4cffdbf19f4530598836786144f2680d88ceaa09a7908755f3d110f3f
modularseven-1.0.tar.gz,2023-12,malicious,MALICIOUS,5,0,57,76,d5f443f3cd5bb7c6376d018161fd272e9448f4a2ab9514aa9d791b15175a6f0e
fefeefrrg-1.0.tar.gz,2023-12,malicious,MALICIOUS,17,0,42,76,dc6a59089595d572fc5b4ba1292b9403c0f2b8953f4befdc64ff8610374316cb
myGens-1.0.tar.gz,2023-12,malicious,MALICIOUS,6,0,56,76,3b79712e6825b9899461d2bed32401263d008c909dba3ae02deab76f73bd0ead
pyhttpproxifier-0.9.3.tar.gz,2023-12,malicious,MALICIOUS,1,0,60,76,f0d029b5c0eb3ffd75ac2cda02067cc0285a0a155ddfa682b75a340d89669aaf
frefereffee-1.0.tar.gz,2023-12,malicious,MALICIOUS,17,0,45,76,ddbd767da244f7e1e9668a35b7c4aa6ab3e744573d5ad73a98f054210737a5f9
excaliburX-1.0.0.tar.gz,2023-12,malicious,CLEAN,0,0,62,76,7324bb2f8995a7e534c3b6435b1ec04f77c8f1aec8d08fb75f1be247a2b9c1ee
eeeeeeeeeeeee344324f-1.0.tar.gz,2023-12,malicious,MALICIOUS,19,0,43,76,32cdffa8b34d4754a5e1bef5ba06d96b1a1e0f312272bbb3a855d64f49fff727
catme-1.0.tar.gz,2023-12,malicious,MALICIOUS,5,0,55,76,24b5be515a9701dad3dc9e28edb0612a69ff4801009c0437b9dc882d6501a9a7
httprequesthub-2.31.4.tar.gz,2023-12,malicious,MALICIOUS,1,0,61,76,f717989d730b01f8ffdb2476c880e64c49d80292b4bdcaa6d493d79029da574c
richcolor-1.0.0.tar.gz,2023-12,malicious,CLEAN,0,0,62,76,5c5be3686cf6a3b80c376cff2cd60cda3a532e0f11c2d62e442660fe70c61375
httprequesthub-2.31.3.tar.gz,2023-12,malicious,MALICIOUS,1,0,60,76,96992aa682f63ed04384d222155bc109476683c052eab69fe7fa6d4eb63130db
TestLibs111-1.4.tar.gz,2023-12,malicious,MALICIOUS,8,0,54,76,04971c351319ea7a441b8d249395f7292320a5c92e3c4c2b09994f13261dda23
httprequesthub-2.31.1.tar.gz,2023-12,malicious,MALICIOUS,1,0,61,76,41363c093f97f1bf709d048969b673dcf95c58a60891b7ca317e12c931571399
hlokty-0.1.tar.gz,2023-12,malicious,MALICIOUS,8,0,55,76,259ab38239206ff42115027a411e1922055c15cf9a9a6bcc5c53a49129c2d3e4
easyhttprequest-2.31.4.tar.gz,2023-12,malicious,MALICIOUS,1,0,61,76,c5326e9e8f5ba19db45c78d4f58b1ab88d1fb59798e49983d30e84a4ac4a6f7b
pyhttpproxifier-0.9.2.tar.gz,2023-12,malicious,MALICIOUS,1,0,61,76,ca80cc11361fe5380094c8b0b19b4252aa9fefbe2749cf6b81a60715fabfc9f4
newpackagetest2026-1.0.0.tar.gz,2023-12,malicious,CLEAN,0,0,55,76,c8d2f086a009ceb94b3b89ee642f5fcf0fe252109abe524d06f021d875d8d553
TestLibs111-1.5.tar.gz,2023-12,malicious,MALICIOUS,8,0,54,76,a058684246efea35bb10562bd9f47d7c40e6305efacefb02c1ffa80d043d4d15
beeee23323-1.0.tar.gz,2023-12,malicious,MALICIOUS,18,0,43,76,daadfeb73f994380298e571e976d252c3f8e2863bb26c3a7067ca4609a5239b9
brrerrere-1.0.tar.gz,2023-12,malicious,MALICIOUS,15,0,42,76,8d2472f681aa4dcc036629770cab777c8f7f48b1b50066d5c5e7e2ad6f3d7658
driftme-1.0.tar.gz,2023-12,malicious,MALICIOUS,5,0,57,76,4278168f92b7d4bae03099578a0d6445306f2488ffe87e1d64cd6c8aa4f7a67d
newpackagetest2028-1.0.0.tar.gz,2023-12,malicious,CLEAN,0,0,62,76,3e9143cf49072a0b05bb46cbe94a9e41a08e7cdf5ed090ed792abf1981056f61
TestLibs111-1.7.tar.gz,2023-12,malicious,MALICIOUS,10,0,52,76,f30e08e7d923a0c209ba04f3921a397bd3a53feed44ca159a6fb5806aa312ad4
ef334343rf3feefefefefeffeefeffe-1.0.tar.gz,2023-12,malicious,MALICIOUS,19,0,43,76,c1c593241f6f6c6fe334a3e326284474435920528298e292990d22beba4f928a
multicolored-1.0.0.tar.gz,2023-12,malicious,CLEAN,0,0,62,76,a2e0c27c8ae714564623086f6c090e59ca936e2461b97cddfedd4d4c4e203f01
vibrant-1.0.0.tar.gz,2023-12,malicious,CLEAN,0,0,62,76,37ab045542e4fc5f10140e4820491480c830c009f0579bc4d36d6ca51dda8dde
testpackage1mcpe-1.0.0.tar.gz,2023-12,malicious,CLEAN,0,0,62,76,82cb934dc7f5d2f33fa71a94610f6213dd8a9cf7f5c7bc0e078886b408ce69e4
bee23e3wddwwddwd23e2-1.0.tar.gz,2023-12,malicious,MALICIOUS,19,0,43,76,fea56f27d1ca72b4c11cfc14c183e7e77439313a45a479b8c97a2396b8c7a5b6
newpackagetest2027-1.0.0.tar.gz,2023-12,malicious,CLEAN,0,0,62,76,9a79f453b217eb6b212a375dacf6900a40cdcd0e783e7c4f1e1468da26cdaa7e
ef3233434refefeffe-1.0.tar.gz,2023-12,malicious,MALICIOUS,19,0,42,76,a3162d35a6ae91e96dc51751cb1743e53b875f6fce26cf4931877db2159c17bc
fef3434334dwrg-1.0.tar.gz,2023-12,malicious,MALICIOUS,19,0,43,76,914a9021e07ac48b0fee2e829c44b3429f4a7ca84090f54a7f5059ab73469c25
effre4frferfrf-1.0.tar.gz,2023-12,malicious,MALICIOUS,18,0,44,76,82197bf62396fe6609ed3872c33c69b50200c2974b83fb02c52a68ffdf91f648
httprequesthub-2.31.0.tar.gz,2023-12,malicious,MALICIOUS,1,0,61,76,06858be36f7ba4c7ef9565f3d47af0e766415024d079cfbd44b69676f321c045
enchantV-1.0.0.tar.gz,2023-12,malicious,CLEAN,0,0,62,76,ca31f285a38e75d5d1f65ad8943ad70b6998ae85261ccdaee119141fb5a8cd37
colorized-0.0.1.tar.gz,2024-01,malicious,MALICIOUS,2,0,60,76,82a727013c912bd0ccd6cb15e456cc69d49c34eb0a91bd6db051c2b412cd3e1f
testing1232-0.0.1.tar.gz,2024-01,malicious,MALICIOUS,2,0,60,76,8a94d11ac68a3050a94bfe3cc7d50d788c94481fe55ed14bb2d2a487812ffc55
tensrflwo-2.8.tar.gz,2024-01,malicious,CLEAN,0,0,62,76,7c6f9f68a075b23ecdd148925af6054ae6fcb5ec9d3f4b181c844e903ca54cb3
swapmempool-1.0.8.tar.gz,2024-01,malicious,MALICIOUS,27,0,35,76,2fea33c9958df4ad71cf7790d17c280005f223ee29388e90a24f9d3c8349a628
tensxxfxxk-2.12.tar.gz,2024-01,malicious,CLEAN,0,0,62,76,4dbabe212a34272e8147f1874dc8ffebb9e285e8b29fb6f4774f0ecf9942452f
colored-upgrade-0.0.1.tar.gz,2024-01,malicious,MALICIOUS,2,0,59,76,dc022c19c386b275caa19ea559bf3d2902cb9fd0ac3511f8791ad566936867fa
NP6HelperHttper-0.1.tar.gz,2024-01,malicious,MALICIOUS,1,0,61,76,84a97addb08ab3b94c39adb6e03977af5ac242afb7d88f27c64c474f792521bd
NP6HelperHttptest-0.5.tar.gz,2024-01,malicious,MALICIOUS,2,0,60,76,4a4770078f1d0acb2e366ad0632cc6a968f94da24892f830b9d715796d508e92
tensrflwo-2.7.1.tar.gz,2024-01,malicious,CLEAN,0,0,62,76,01326b0432750f065910f95a7f3adc7bd7065edb9706025c91496fd6c0a8a798
nextui-0.0.1.tar.gz,2024-01,malicious,MALICIOUS,2,0,59,76,4cd8d70f9c9634f39a5ec404cde5dcec3ecc59808e55597789115d30a42667eb
me-dheeraj-moye-moye-1.0.6.tar.gz,2024-01,malicious,MALICIOUS,2,0,59,76,05bc504c1f5086617a86c5ff34fa144572defb4bb29ed9d2abe3a738517d88d3
update-requests-0.0.1.tar.gz,2024-01,malicious,MALICIOUS,1,0,58,76,b48ff886a7804650c2db4798b59b700b7ea1e877d5fb28eac72cafefa0c2f6a8
tensrflwo-2.7.tar.gz,2024-01,malicious,CLEAN,0,0,62,76,7e2e9af9f959fcd7f50f52414333b09cf8292f757424044ec38f234055dfa659
update-mss-0.0.1.tar.gz,2024-01,malicious,MALICIOUS,1,0,61,76,811823da445b32c3f2a855f5cae80277e4f580d08b1d845c9f66247f947b8aa7
tensrflwo-2.9.tar.gz,2024-01,malicious,CLEAN,0,0,62,76,34d4e743bd17ef527e94056eb2be201bc637b2fe082ce70dd707814fae41b7f6
genui-0.0.1.tar.gz,2024-01,malicious,MALICIOUS,2,0,60,76,9210fa68e973147ff3444fd5367e2846280450edb2bbeefe3f2f67e2fca5bef5
requesting-0.0.1.tar.gz,2024-01,malicious,MALICIOUS,1,0,61,76,2f4435cab5f3f11696736fa713b3d1338461b732838778477b0ea85bcb42ccd8
NP6HelperHttptest-0.6.tar.gz,2024-01,malicious,MALICIOUS,1,0,61,76,0b430c595fb74602e1fee6b47a2b7b6b5a3ef2a28537b2b9c7feac4d2cdd39ed
NP6HelperHttptest-0.4.tar.gz,2024-01,malicious,MALICIOUS,1,0,61,76,b8f804072580bdf89663fc62a4f9ac2afb0e287c39d2151bca26af65d347126c
directui-0.0.1.tar.gz,2024-01,malicious,MALICIOUS,2,0,60,76,1036491cafc36047b991f16f609cbe32d62e6f2ba7a70fbfa55c73472db962cf
flagui-0.0.1.tar.gz,2024-01,malicious,MALICIOUS,2,0,60,76,99142b978e501afb07ae35fe8e9b1f75531c58431d3e8af6b6322321f1a2865a
tensrflwo-2.5.1.tar.gz,2024-01,malicious,CLEAN,0,0,62,76,0a403a72d8981962d7ab6223b887ba83d4cc347c13dca74068bff6e74673a467
codeui-0.0.1.tar.gz,2024-01,malicious,MALICIOUS,2,0,58,76,2c41e1a8f52505fb18f1413fbcac157badd9398dc2cc9ab9cb6a39f1a674c464
cipherbcrypt-1.0.tar.gz,2024-02,malicious,CLEAN,0,0,60,76,cd2e0f6de798436488ac6fd678ed5ce41491e111da89378b22c5cbe2d86fd0c2
async-dispatcher-1.2.1.tar.gz,2024-02,malicious,CLEAN,0,0,62,76,29bd4113769f905542849d86217f23fa16380798dbc561290a12ed616cb084bc
requests-sessions-0.0.1.tar.gz,2024-02,malicious,CLEAN,0,0,62,76,964495d8c7f3e7b94246a7cf42edb8d5b7b7b830ee59c5be056ad39cfbb72de6
upgrade-requestt-0.0.1.tar.gz,2024-02,malicious,MALICIOUS,2,0,60,76,31c69b448a5c8ff2399923e344a1065adc723d44941fdb4041295c842e3d4770
mnemonic_to_address-1.2.8.tar.gz,2024-02,malicious,MALICIOUS,1,0,61,76,1d7933d507754bc1764476db3def2005a6f0e30836f6695d47d6a6382a623066
isred-4.1.4.tar.gz,2024-02,malicious,CLEAN,0,0,62,76,027c6d8817e73048adc1bd816006edb13a8c1e30dc5003c87ade131bb08d0268
shikitesting-1.0.tar.gz,2024-02,malicious,MALICIOUS,27,0,35,76,ccf030e62c70646f216b724efd8870be1e9a7053c4288a58297a8aff9a8e5c71
request-http-0.0.1.tar.gz,2024-02,malicious,CLEAN,0,0,62,76,7d919e48fea74e6956fc81309a19c2698cf947e0b297bed1e28bbb5f1c235299
requests-http-0.0.1.tar.gz,2024-02,malicious,CLEAN,0,0,62,76,20ff6f72b2fe27101c2724a0b6aa33fb213e5c8a3ad1f060e1bbb08b88e55d6b
api-hypixel-1.0.2.tar.gz,2024-02,malicious,CLEAN,0,0,62,76,ed8194e9b8d9d739b6b7fbad5956c3a17aa69ca446e9e54847313ca7d31bf185
colarama-api-1.0.tar.gz,2024-02,malicious,MALICIOUS,26,0,32,76,0f8dba793b2ef2721730c430d3605436729d5790b89e45f647d1d483ab845726
cipherbcrypt-1.1.tar.gz,2024-02,malicious,CLEAN,0,0,61,76,bb4ad435f98bce3cd354c238e1ab87ea462a342cda81cf8e21800aec44418609
discord-addon-1.5.3.tar.gz,2024-02,malicious,MALICIOUS,5,0,55,76,fc1343f5f544e532d0893cca8cbae69186a041dbe3358203bb3af490ce5ed413
discord_client-1.5.3.tar.gz,2024-02,malicious,MALICIOUS,5,0,57,76,c3e6b707a19771d82f58e2b7702e1281ca67f860b8c34ac310eacbf3f3431674
async-dispatcher-1.2.2.tar.gz,2024-02,malicious,CLEAN,0,0,61,76,09de2bfc2549cf77d711b088c10245a165feb8bb64274daa277f2b18a696b833
update-request-0.0.1.tar.gz,2024-02,malicious,MALICIOUS,1,0,61,76,a0ddc6c8cbc4b18993ec05cee6fb67d7f32d25acbe10884a04a7a3d1b9f072ab
data-platform-airflow-recipes-999.9.20.tar.gz,2024-02,malicious,CLEAN,0,0,62,76,ce600db73a2155764ec72a3447c0505b92d86ea406bd50b6712fba96baf62b70
glovo-data-platform-declarative-airflow-999.9.17.tar.gz,2024-02,malicious,CLEAN,0,0,62,76,b0e4443f0015cfd1e28d6f9d60ab986d7a0bf31ad3613184fcd85ab7382d0e1f
django-log-tracker-1.0.4.tar.gz,2024-02,malicious,CLEAN,0,0,61,76,a0da0fa7f59c7265636715bcb9728ff0445f92b074f7e21bf677ed00087033f4
upgrade-requestss-0.0.1.tar.gz,2024-02,malicious,MALICIOUS,1,0,61,76,de2223abe7df8bf66fcf6bba37490b2aa4af19391f67aa6b6c8fca4d6c148d02
data-platform-observability-core-999.9.20.tar.gz,2024-02,malicious,CLEAN,0,0,61,76,acb407819225fa4d3b56af165c8c8f04e909d337be8e4d8f95af75f610833e2a
djanggo-0.0.8.tar.gz,2024-02,malicious,CLEAN,0,0,62,76,864bfa32a494ddda7e6b654c495e1d841c30fa7076ec397962554c49df4a3695
request-get-0.0.1.tar.gz,2024-02,malicious,CLEAN,0,0,62,76,1c38d4535698e799a6ff946674f6422e23029832e2826b7fd3680d3519a91111
requests-upgrade-0.0.2.tar.gz,2024-02,malicious,CLEAN,0,0,62,76,a046e290786ed8324d093886d280217aad811975451dbbc77accfb420e78dc2b
glovo-data-platform-declarative-999.9.19.tar.gz,2024-02,malicious,CLEAN,0,0,62,76,6a6ccfb8de9fca1af28f52e3a0ab96a3fbba5261b501573568b50cf41131a32d
glovo-data-platform-declarative-999.9.17.tar.gz,2024-02,malicious,CLEAN,0,0,62,76,3bb39b5eecbb22e7e0613118e2319017963a4cfee59c45dc2a6710c12e187671
glovo-data-platform-declarative-airflow-999.9.18.tar.gz,2024-02,malicious,CLEAN,0,0,62,76,aec2d914cb3f4ef112c86e775cb7932c7221afeffb5a20b8c848e3453a6fc627
glovo-data-platform-declarative-999.9.18.tar.gz,2024-02,malicious,CLEAN,0,0,62,76,a4218a977d11ce0733c1f2e9cddd67f4a2b41dd081c77068dfe0efaf77946a9b
Oauth-Less-1.0.tar.gz,2024-02,malicious,MALICIOUS,28,0,34,76,e5ff3623d7e9c28753f93cfe2944afc221a67fd4c623584b9a1123d36d387b85
upggrade-requests-0.0.1.tar.gz,2024-02,malicious,MALICIOUS,2,0,60,76,b7377637cd52cdfb2e6769b6c4d141c99e0c597285ce5b2c18e035d2e76bdfeb
requests-https-0.0.1.tar.gz,2024-02,malicious,CLEAN,0,0,62,76,d27efdcf90977826ed8f6acdd0ea4812143a5ea3ed59e5320e0333efe1bcf72a
api-hypixel-1.0.0.tar.gz,2024-02,malicious,CLEAN,0,0,62,76,5729f29364b9bb0573df8f91564af29f8a113e5851a3530d502d75f38de3cfe3
glovo-data-platform-importer-brain-999.9.20.tar.gz,2024-02,malicious,CLEAN,0,0,55,76,ef822b6f0eb10254ba5dd1cbc6712d4350cc5b692c092e61ce4543c90a18deb7
async-dispatcher-1.2.5.tar.gz,2024-02,malicious,CLEAN,0,0,62,76,5b8136a1d1ecd26e51e04ba255afd895efb2f942eaee78b187ec5f5a94c4c0fd
site_messanger-1.2.5.tar.gz,2024-02,malicious,CLEAN,0,0,62,76,fb3ea2742eb604e68271740a9a00d374593d83357b662b1884a4735045a4357d
requests-latest-0.0.1.tar.gz,2024-02,malicious,CLEAN,0,0,61,76,545590d160cc026c1ee262415677599a7b630b33aa31dbfeb9c21576294b7fc1
djanggo-0.0.6.tar.gz,2024-02,malicious,CLEAN,0,0,62,76,70970d689d2f3d6fb5238589a94418518f930e256f62bc929375dba786bc1333
glovo-data-platform-declarative-airflow-999.9.19.tar.gz,2024-02,malicious,CLEAN,0,0,62,76,a5ad1dd545901f8d9e04c60743d7fb1cc5977ba46596faa2c4caee73e55ae0a3
mlp-data-product-producer-999.9.17.tar.gz,2024-02,malicious,CLEAN,0,0,62,76,68c8117c637292021a9c80b876cd711a56499ba022bebab2b1fd22d0596c6028
api-hypixel-1.0.4.tar.gz,2024-02,malicious,CLEAN,0,0,62,76,a1650e645b0c5dae9e39b809037976bbb8005bb551321c9d448e7dded5435707
cipherbcrypt-1.2.tar.gz,2024-02,malicious,CLEAN,0,0,62,76,4f12466e43671b4eeb8927eda52c6fc3d6b15a7ca2890678eb5aa0564f67e313
data-platform-dbt-999.9.20.tar.gz,2024-02,malicious,CLEAN,0,0,62,76,42c3197103d7d0861fcd89df75c5fb8d9e522e2bc578d025fa979ef92d3de792
mlp-data-product-producer-999.9.18.tar.gz,2024-02,malicious,CLEAN,0,0,62,76,e1a2fd22cce1aed55087279d83655f27dc55f638ff12e9b41ff6a33861cf6385
api-hypixel-1.0.3.tar.gz,2024-02,malicious,CLEAN,0,0,62,76,c1b9a63702b1b2e53891b3b3e837602dd2508440863a788e4f3b40ff905c6489
requests-upgrade-0.0.1.tar.gz,2024-02,malicious,CLEAN,0,0,62,76,5ef3090d7319dc61929bc8be1c4734def2a53f777f248868c9e640931b95e8ba
qaxtest-httpx-1.1.3.tar.gz,2024-02,malicious,CLEAN,0,0,61,76,5139782a589fd6c9a96589a4bc4f8ef407b7fb72fb8c594db3d9848dfcd0d003
data-platform-airflow-operators-999.9.20.tar.gz,2024-02,malicious,CLEAN,0,0,62,76,bf00de072bab40639ee057b1f74f7a8924da43f9b6268fca7710b839fe8fe4a1
data-platform-observability-validation-999.9.20.tar.gz,2024-02,malicious,CLEAN,0,0,62,76,1eb3b2225b99d73b0f3d4bc6afe4568794b54123ff074596637c7ef1c111c44c
requxsts-1.0.0.tar.gz,2024-03,malicious,MALICIOUS,10,0,51,76,4e81d39f181576a398bb4e6c6877669046bd4f4724c6bf87485819f26d1504c7
BeautifukSoup-1.0.0.tar.gz,2024-03,malicious,MALICIOUS,10,0,51,76,d8236831558fbc1fb34bcf9a4eee9f978b80254c269816db699abf411b21107f
bip-uils-1.0.0.tar.gz,2024-03,malicious,MALICIOUS,10,0,52,76,32c168abd5a143e156165b5a15cb048b435d47bd82334adc7843e530890a4090
customtkinted-1.0.0.tar.gz,2024-03,malicious,MALICIOUS,11,0,51,76,d809bb166dcb16707e47e609cf81bbe9da6473186efdb879cf4df129d29d53d5
PyTorchj-1.0.0.tar.gz,2024-03,malicious,MALICIOUS,10,0,51,76,4ab065c3f6a7804c76999825b3b0e9353f014074ad9141285ac75d05a450e1ce
colomara-1.0.0.tar.gz,2024-03,malicious,MALICIOUS,10,0,51,76,5cdfd1c5bc6397540d66481ac4ae9afc5a3af36840d45919bc2de50ed7537650
customtkniter-1.0.0.tar.gz,2024-03,malicious,MALICIOUS,10,0,52,76,bcf9f662674baefa64c33c902196439103dc758e55b02b28c1144a8f896b8aa7
requstss-1.0.0.tar.gz,2024-03,malicious,MALICIOUS,10,0,52,76,17680edcfe77e533848a8f5215757795b3355fb6d47307b3649737d01d0585d0
tensofloaw-1.0.0.tar.gz,2024-03,malicious,MALICIOUS,9,0,53,76,f8670744e2364ee8fe160baad9eb3b6c3b35b0601c69194b4ed4b14aae67c6eb
coloramaz-1.0.0.tar.gz,2024-03,malicious,MALICIOUS,10,0,52,76,64f2a639b523568fbd8c20ac9a7442d06e44358ea50fd4e533c0de34260a8749
coloramzs-1.0.0.tar.gz,2024-03,malicious,MALICIOUS,10,0,52,76,94e539832284c9c5d2aa732d8a7990dadc6080806ce6fb7c4ce609f5fda24050
customtkinber-1.0.0.tar.gz,2024-03,malicious,MALICIOUS,9,0,53,76,e5dec6564c82ce508dc8d5669750b285f1932bd1aa41ea12208ad9608986ecfd
customtkingter-1.0.0.tar.gz,2024-03,malicious,MALICIOUS,9,0,47,76,1ef15a7a187302affcca382a0cf9b266d92ad994ba1e39cd2fe9a1ed4712a05b
PyGamr-1.0.0.tar.gz,2024-03,malicious,MALICIOUS,10,0,52,76,396bf8b7ce86829bf3fa4f3f2cd6e2d654d57a78ac4b5d53522f0a05717c3a2a
requiements-1.0.0.tar.gz,2024-03,malicious,MALICIOUS,10,0,52,76,bac6ca7907eec76de9f6060bdea1782e5421957bbebbd42a63a111a3b4d5e5b8
asynciio-1.0.0.tar.gz,2024-03,malicious,MALICIOUS,9,0,53,76,b95f196848152cbc22fd86c4f09a5ad4d53b58c5fe3ae21189b14df3cb99504a
asyncioi-1.0.0.tar.gz,2024-03,malicious,MALICIOUS,10,0,51,76,64e69351b0193072411bcc71d25c2a94bdaf90da72f79c0e82ba8b210f66ad96
py-corrd-1.0.0.tar.gz,2024-03,malicious,MALICIOUS,10,0,51,76,844787ae935446d99f32aa6760afb765875e60be315aea230efdeb58e917a8e4
pilloq-1.0.0.tar.gz,2024-03,malicious,MALICIOUS,10,0,52,76,f3dc3b220f2c8d7e7e3903ec201f82ceb4d08037b937a5115d8dfd1835c5ecf0
py-corid-1.0.0.tar.gz,2024-03,malicious,MALICIOUS,11,0,51,76,e841d618bbbae1cc1bb9290f4094376c0dea8fbf29eb4b364797f9047443b75e
custpmtkinter-1.0.0.tar.gz,2024-03,malicious,MALICIOUS,9,0,53,76,1afaa2a1a1d489e210fe1565c946da7e140a86bc923d411246f2dfa85506fa2d
capmonsstercloudcliennt-1.0.0.tar.gz,2024-03,malicious,MALICIOUS,10,0,52,76,037c0244b2a2591abde5d569e2319feaa140167393fd61221bd254d82d9c5db4
requiurementstxt-1.0.0.tar.gz,2024-03,malicious,MALICIOUS,10,0,52,76,f39a28bf6a1d15b8dd7225ceb348b9b909834f338332a7e54ccee343baa7c7b2
BeautifulSoul-1.0.0.tar.gz,2024-03,malicious,MALICIOUS,11,0,51,76,4af5a5237d73d00d55a570bc86e38505aeb5d88e6793c69154590b170f4beb06
capmonsterclouidclient-1.0.0.tar.gz,2024-03,malicious,MALICIOUS,11,0,50,76,3c04c92653b26434a744e4208b29fd36667ed862298698ed2c1314a42684e302
lyft-stats-5.9.1.tar.gz,2024-03,malicious,CLEAN,0,0,56,76,a09da8ffa57e6f286c9b7dab4214d00f00176afed78b92827603480bad1ba7a9
bipp-utils-1.0.0.tar.gz,2024-03,malicious,MALICIOUS,10,0,52,76,1a7e9e17cef53247f08e727e7e6019868d90cabd0c27955927909134552c708c
jupitercalc-0.0.4.tar.gz,2024-03,malicious,MALICIOUS,2,0,60,76,45ca22ccebfb6eebab195597552623783706eebc5a8bf357326b1fdc08931cd3
requiremetstx-1.0.0.tar.gz,2024-03,malicious,MALICIOUS,10,0,52,76,36da3eecbf1e4da195c37b70131a7640263ecff9297440a7f9293cdc4b2b0964
pjllow-1.0.0.tar.gz,2024-03,malicious,MALICIOUS,11,0,51,76,d1915d639dd09eb04c8fe8a6fec5c7255f6476023118209d04dbbb2c4b51f17c
capmonstercloudclinent-1.0.0.tar.gz,2024-03,malicious,MALICIOUS,10,0,52,76,133c027c3b86e6a8047d1837b8d1d8ff8a5004f7020f7e2ec7e02756d2053058
corlorama-1.0.0.tar.gz,2024-03,malicious,MALICIOUS,10,0,52,76,aee88e0e9b1a61c22a9be438a3ffed10d2a406a360580d8d571bb6502e171188
requesgt-1.0.0.tar.gz,2024-03,malicious,MALICIOUS,10,0,52,76,d536d02df3ac55f987b159ebf2a06201ea735396e40c6761f78ff3f1a34732c8
requiremments-1.0.0.tar.gz,2024-03,malicious,MALICIOUS,10,0,52,76,4f77c20c551411708738a7346b2e086295d11dac50865b8d349bb0543877577a
requiremnetstxt-1.0.0.tar.gz,2024-03,malicious,MALICIOUS,9,0,52,76,2b34e4e91cf962b9e6d6c4030e26e4751750bdcaf75e3d3e5956b6ef0ddc3920
tensofliw-1.0.0.tar.gz,2024-03,malicious,MALICIOUS,10,0,50,76,4087a15218b7048ef3e11c56f580cf61e0fbb0517134621ef079b0ea072d9561
schubismomv3-1.6.0.tar.gz,2024-03,malicious,MALICIOUS,3,0,59,76,7d46b400db37aaac3f070442db4f611cc17f287ae48eb48c7ac7f52cb53653af
requiremenstx-1.0.0.tar.gz,2024-03,malicious,MALICIOUS,10,0,52,76,ab66a274b4dcfb226275dc1bb1b638be939265319693546f8bfba51be98d72b1
BeautifulSoop-1.0.0.tar.gz,2024-03,malicious,MALICIOUS,12,0,50,76,5f353bdaad50da0451a45ec3ef94ec7ebebd3e48a4f3b4e6fccbe6a16781df1c
playwrigth-1.0.0.tar.gz,2024-03,malicious,MALICIOUS,14,0,48,76,c7e4bb791ccc116767f8f81b3b2b9180df4522af104a007813bc482fadb15d6c
customtkintrr-1.0.0.tar.gz,2024-03,malicious,MALICIOUS,9,0,51,76,e8df7c5afa9fcbc9eba291dacf26fbc5384c15cb26b71a8981bf14b8a7574cf7
custvomtkinter-1.0.0.tar.gz,2024-03,malicious,MALICIOUS,11,0,51,76,597ae73ff98ee2acf432ffeb8829800a65919cf288f392bccb80260b1b11a1a1
capmonstercoudclient-1.0.0.tar.gz,2024-03,malicious,MALICIOUS,13,0,49,76,7f6eb994d38c94701da7286e1f12caf3cd3ba7793d631365c5e1b5f1e1cc1582
requssts-1.0.0.tar.gz,2024-03,malicious,MALICIOUS,11,0,50,76,aa6f13d2284b03a93bc346e76708b0af2cd6a5abe1c776fde7b05e3e89b61187
tensoflouw-1.0.0.tar.gz,2024-03,malicious,MALICIOUS,9,0,46,76,4c0630d28faba9f121ebf06e91d4729af292d1fb45df274ee5ba2092cdff2b8e
capmonsstercloudclient-1.0.0.tar.gz,2024-03,malicious,MALICIOUS,10,0,52,76,efe354621e9ae24c5fb17f5a370f81e5141bfc258f71ca5dcd8e0d1a7bc91042
pirlow-1.0.0.tar.gz,2024-03,malicious,MALICIOUS,9,0,53,76,40f1dfc2d9f2eef065d4974f0db70dc05177cdabaace0953b40bd6a8d84ce055
PyTbrch-1.0.0.tar.gz,2024-03,malicious,MALICIOUS,10,0,51,76,91eb539e98b42b1cf36ed20fb004e75f9e3669acf36ccae53b4c49d410b973eb
colouorama-1.0.0.tar.gz,2024-03,malicious,MALICIOUS,10,0,48,76,29175f5069e2a782ccc08427f83646eb4081f1e91722160e2660dcb549b532ab
requetsts-1.0.0.tar.gz,2024-03,malicious,MALICIOUS,4,0,48,76,c74bd188c0eb339e715a840b0514cfeab8aacc294d45562c23afd8a9f917d5ea
requirementxstxt-1.0.0.tar.gz,2024-03,malicious,MALICIOUS,10,0,52,76,b13f7de1df775353c980a88f6289a13a21195f0c0ff84d3fd26d8d62fd043364
requirementstxxt-1.0.0.tar.gz,2024-03,malicious,MALICIOUS,9,0,53,76,8290c119ee43fbc2ed9c815aaa826f1d69bba410aafdcdb355792514f5429efd
requiremnets-1.0.0.tar.gz,2024-03,malicious,MALICIOUS,10,0,52,76,b98af16386a2c064a8d17fc4277fef1b1db3f866714fcff3f2f7e64a3b7bed92
capmonstercloudcliend-1.0.0.tar.gz,2024-03,malicious,MALICIOUS,10,0,51,76,ab8e49d4bda699ad096d19fbb0bc81f442af6b517c4c70dd0251d296d89e7670
asynciooo-1.0.0.tar.gz,2024-03,malicious,MALICIOUS,11,0,51,76,48ab5d7c089aa137aaaf5e51b28ef4876b9c2b50359b46e11fe5473263deaaeb
customtkjnter-1.0.0.tar.gz,2024-03,malicious,MALICIOUS,10,0,51,76,4702f47937b8d300b30b649d684d7253606dd42448b8a6bd42df3f7ae9be7d34
coloramah-1.0.0.tar.gz,2024-03,malicious,MALICIOUS,10,0,51,76,bfd694a93c4c50cf3b2e1f4fa0ab7c3026df20bd49617576b583e69619e03c40
tensofl9w-1.0.0.tar.gz,2024-03,malicious,MALICIOUS,10,0,52,76,61ac64f80ebca32e32ab517312d85495aed3b419d0d9599b1d787435a954a6e7
lyft-settings-5.9.1.tar.gz,2024-03,malicious,CLEAN,0,0,62,76,67317de9caf5af8805f7e601c47089374753c0a367592f95e5700c19f6b7bc51
py-cird-1.0.0.tar.gz,2024-03,malicious,MALICIOUS,9,0,52,76,d2eb3dd09528d23e27a20f833ac3f01a1882901cbae581986934d41f42f23ea8
py-cojrd-1.0.0.tar.gz,2024-03,malicious,MALICIOUS,10,0,51,76,d114f294d51c4c6971647698f40876395216c3b486eb3320de716ca76b962b7f
customtjinter-1.0.0.tar.gz,2024-03,malicious,MALICIOUS,10,0,52,76,51bdd5c05bf012e7f072bfafa08145f7ec8afb861fa28de9713753e297495655
Matplptlib-1.0.0.tar.gz,2024-03,malicious,MALICIOUS,10,0,51,76,039dae71a88c5d320233c68ff74fd38903987091698a0f44ed2babf3164781d9
coloramal-1.0.0.tar.gz,2024-03,malicious,MALICIOUS,10,0,52,76,13554a1abe54c921f5b293c980b1dc0791ffcea6e45bdb38af16acbd7677f710
PyTorbch-1.0.0.tar.gz,2024-03,malicious,MALICIOUS,8,0,54,76,bd745da5d6c57a02648eea55d642315a41558050386f6ca56b1044c9f3af9a91
custojmtkinter-1.0.0.tar.gz,2024-03,malicious,MALICIOUS,9,0,52,76,febb21ab4467aaec3d9515529f4bf0010a81fe3377b9718688d29c0ad046c5d1
requiremeents-1.0.0.tar.gz,2024-03,malicious,MALICIOUS,11,0,50,76,3debba4f0b2d16a7267d378313523d82fa9c277524f2a51da4b45c5a8fa2de06
PyTorchy-1.0.0.tar.gz,2024-03,malicious,MALICIOUS,10,0,52,76,b00e18b9563aa01ef7b68e11339b1d73bf773e47f785a817f2efc28e190add94
PzTorch-1.0.0.tar.gz,2024-03,malicious,MALICIOUS,9,0,53,76,d31490485716d76231fc31332ff901c7209af1cb14e8cd60fa44edf5f54a0617
Matplotklib-1.0.0.tar.gz,2024-03,malicious,MALICIOUS,8,0,53,76,1d2815e7f4fba356bee293e066d01c85a425990f0243a114d823285ecf949be3
seleenimu-1.0.0.tar.gz,2024-03,malicious,MALICIOUS,13,0,49,76,96319f6a8fea86053f17ccfbecfe7a41bba8452cee2d961798ec60216476e7b3
piplow-1.0.0.tar.gz,2024-03,malicious,MALICIOUS,10,0,52,76,140eb0715608eaa2056476271aef99799ff759ce1b5d441ce0ffa529d39f18c5
Matplotllib-1.0.0.tar.gz,2024-03,malicious,MALICIOUS,10,0,52,76,6359550fe722e8291de499d58875b74d9996b9c4b2545efc71844eb385c1bdf4
requiirementsxt-1.0.0.tar.gz,2024-03,malicious,MALICIOUS,9,0,53,76,74ad389303569c5aa80bea351eb7f54a87591616877a4f9e99bde40d13c5d0b7
requiremntstxt-1.0.0.tar.gz,2024-03,malicious,MALICIOUS,11,0,51,76,96a88b6bcb4360b105a1746f30993501972806a3edad06e4c379b96499d9e8b6
reqiremnts-1.0.0.tar.gz,2024-03,malicious,MALICIOUS,9,0,53,76,780ed23beda11f26530e2e2a00725c514f62f8ff23e12fd29e8105a40484b1fd
capmostercloudclieent-1.0.0.tar.gz,2024-03,malicious,MALICIOUS,10,0,52,76,f9876d94f7a5bb8a84820885a7dfaf22bb3cb445e9487f6b8e42b73406ee37da
custotminter-1.0.0.tar.gz,2024-03,malicious,MALICIOUS,10,0,52,76,c7b7c8b209de806240091ff29791110e5cb99cfa75c680b5150b1ac6574b80cb
requirementt-1.0.0.tar.gz,2024-03,malicious,MALICIOUS,11,0,51,76,79844d75be7774f5dac8bceba48c50c8fd611c8993fe2c4dfcf559a863118ff6
trnsorflow-1.0.0.tar.gz,2024-03,malicious,MALICIOUS,11,0,51,76,c627e9a7ab27082bfea8211ccd216f70983ed0fd8cff0da6c61f6babc3be85ec
Matplotvib-1.0.0.tar.gz,2024-03,malicious,MALICIOUS,10,0,52,76,00e9c30e328a422d2ad44a5d64a3fedbb50ed1d6b6fe24ac1c9b6d795d8b6c29
BeautiflulSoup-1.0.0.tar.gz,2024-03,malicious,MALICIOUS,12,0,50,76,5f2afa6ac83054763ca19332a7e49be73606d885bef77c20e5585c1bbb549505
cloroma-1.0.0.tar.gz,2024-03,malicious,MALICIOUS,11,0,51,76,68e7f8dc2cb9152368ec7dc65e9e005b3e668c22524d9e095ebfe04c561c6e8a
selenyum-1.0.0.tar.gz,2024-03,malicious,MALICIOUS,10,0,52,76,dbd85a012c413f0aeeea4544bae2fd716b1df5f21feec0646eee7e50c1861fa0
PtTorch-1.0.0.tar.gz,2024-03,malicious,MALICIOUS,11,0,51,76,21664d422a60f8d25f2ae14d91f436f4161db315f9ad92676ccb99d7630451a9
types-for-adobe-99.3.9.tar.gz,2024-03,malicious,CLEAN,0,0,62,76,3444bba7925b6f8079cc524b8b738bf2cbf29e25fa4dd2df31dad3078fb13e09
requeksts-1.0.0.tar.gz,2024-03,malicious,MALICIOUS,10,0,52,76,2ffd15b207cf4941bf677d4f08739b27bbdc9fcfa1ad5d3f5b3247e5c3ff8549
Sijplejson-1.0.0.tar.gz,2024-03,malicious,MALICIOUS,11,0,51,76,169c4decf356e881202cd24760ea54a3de3029dd33249699c79623ba32756c94
BeautifoulSoup-1.0.0.tar.gz,2024-03,malicious,MALICIOUS,10,0,52,76,2cb1a1ae22707533d63dbd94652cb13530e0530477a9d4e2556e2601e23e22a2
customtinter-1.0.0.tar.gz,2024-03,malicious,MALICIOUS,15,0,47,76,2ced671e57ad536411bceaf962470220c65cff26bbdaab4578ef946d7157cea1
PyGamse-1.0.0.tar.gz,2024-03,malicious,MALICIOUS,11,0,51,76,6970308832af655d202d5c99939656d553446f2c30d4b03b6f1bc79ce57ccec7
requksts-1.0.0.tar.gz,2024-03,malicious,MALICIOUS,10,0,51,76,6f952de7f6f1b68b32a9152a152e11245826eb04440e8d4ce56884e7af3b1c62
requesxts-1.0.0.tar.gz,2024-03,malicious,MALICIOUS,11,0,51,76,9d5dd153bf447fbe57bb8448af909a956409e5a29bc7837ab17be064a68cf8ac
p9llow-1.0.0.tar.gz,2024-03,malicious,MALICIOUS,10,0,43,76,bd0c99a54b6eb5c7488911471e177ab77f00fb8ddc5c280fc1b41b519f5a3892
coloramna-1.0.0.tar.gz,2024-03,malicious,MALICIOUS,10,0,52,76,42cfef9eebdafe82181c0a40cdf25a11f17108fe0d00f3fac09ef45f0c550d61
bip-u8ls-1.0.0.tar.gz,2024-03,malicious,MALICIOUS,10,0,52,76,6a4299914e60807f1c10da2dd6140bfceeaff3e7daf8c3fe16a7145f93a7477a
tensxoflow-1.0.0.tar.gz,2024-03,malicious,MALICIOUS,4,0,38,76,44ab742a4a676355076c2a9b9a97e2ed76f4cbc0b7327c6b2320403df55dc6a8
reqiurements-1.0.0.tar.gz,2024-03,malicious,MALICIOUS,10,0,52,76,e63f769e8b1c8afb417e895da5fe57bac01877abcf68d21974d64a8c48cc42df
johnhammondontop183-1.0.0.tar.gz,2024-03,malicious,MALICIOUS,10,0,52,76,4ce9485c2bd2cf0791268ea9c2f236eed498840a6b51133b312815c51b8a68a5
requiirments-1.0.0.tar.gz,2024-03,malicious,MALICIOUS,10,0,52,76,46fb1d86a1dc9498e1f93093fc86539fb95ea9b73e397152e865b773d35a380e
py-cofrd-1.0.0.tar.gz,2024-03,malicious,MALICIOUS,8,0,54,76,cf4623fd8e4a4ae4ae5eac87fe54faa0fc8d88104fede95508cf43252b890366
tensoflsw-1.0.0.tar.gz,2024-03,malicious,MALICIOUS,12,0,50,76,5fd3913c513ee1b913316c0b376a78716be9417441fa09046e930bad564731c4
playwrigh-1.0.0.tar.gz,2024-03,malicious,MALICIOUS,9,0,50,76,e538a57a000ced78101b247886463060939ba2a11ac69443dad84cc729120901
requas-1.0.0.tar.gz,2024-03,malicious,MALICIOUS,10,0,44,76,9115f79a6fbb11b6fe8258f1f35190d2474f1817d9d37a9ba2dac1a3d24be9c0
mle-py-connector-5.9.1.tar.gz,2024-03,malicious,CLEAN,0,0,58,76,eb6f53b757dc8b9dfc539f3d77902dfaa558cfd63d5e0747562ae1ef19de4541
requetsq-1.0.0.tar.gz,2024-03,malicious,MALICIOUS,10,0,52,76,761f274de9bcebe82ec959bdf60fbe8de760b2d5a0a35bb15eb8dd3a0d8b286a
pillox-1.0.0.tar.gz,2024-03,malicious,MALICIOUS,9,0,53,76,2e964008e600859074579c64588ce4355552f0fb993cba1b0619220041d20b21
customtkinrer-1.0.0.tar.gz,2024-03,malicious,MALICIOUS,10,0,49,76,3b26b6e762f7ed32c52fa617d63cc553f6f423aae28bfe9b5685b670dd26209b
py-cwrd-1.0.0.tar.gz,2024-03,malicious,MALICIOUS,10,0,52,76,871f8641ecda8600ee8d1052a93619f0225137cd279d137cd904d85572c614aa
playwrightt-1.0.0.tar.gz,2024-03,malicious,MALICIOUS,10,0,51,76,27de09b36b1bc4701ad5e05e8d9d729ebc6b0d1516a12156f3610a14d4da1415
py-cyrd-1.0.0.tar.gz,2024-03,malicious,MALICIOUS,10,0,52,76,182a1162483d5581739c13b6fe3ea0b2f91a91b0bf71b6cb4e9061d4723e3ccd
sparklog-0.0.1.tar.gz,2024-03,malicious,CLEAN,0,0,62,76,ea09d31484503d0886e25dd9efddd31d22ecc3d58487e5cd6a51b4d88ef1719c
coloramqs-1.0.0.tar.gz,2024-03,malicious,MALICIOUS,10,0,52,76,236abbf61705b90c9b28368c8efbad8a7da53d9a29663c7a59b83f3f9f1d324c
plauwright-1.0.0.tar.gz,2024-03,malicious,MALICIOUS,10,0,51,76,dfdb80ae167d41c5486c571d1fb8e1bb767e84a73293fb6b043174a62103bfd3
BeutifulSoop-1.0.0.tar.gz,2024-03,malicious,MALICIOUS,10,0,52,76,ce58b65348d22199cbed4bbbc6ae3a420bd7179abf258fa514505c9ad635dedc
pullow-1.0.0.tar.gz,2024-03,malicious,MALICIOUS,10,0,52,76,647b60124c95bc54bf5b74d5906bf75bb9188def41954a6ed889be72cbfa5312
business-kpi-manager-5.9.1.tar.gz,2024-03,malicious,CLEAN,0,0,61,76,d0f85291a836e4b2b30d579cf4144b223eb7a8eb64a2001cf606c55bb36120cc
pilloo-1.0.0.tar.gz,2024-03,malicious,MALICIOUS,10,0,52,76,7058c17ccf87b13bae50712cd7c054eb339bf5734cc49ad321a31b8d0980deee
aasyncio-1.0.0.tar.gz,2024-03,malicious,MALICIOUS,9,0,51,76,38029786907f8838fce123a3da79b8cb68e2d553d87469e21516e041cdfa39af
coloramxs-1.0.0.tar.gz,2024-03,malicious,MALICIOUS,11,0,51,76,f533b43d9fa290738fbb3bfaab7f4de5311a8a9430424697d43bbd20b52fba28
tensoflonw-1.0.0.tar.gz,2024-03,malicious,MALICIOUS,10,0,51,76,c250e386fb8bb9accea28329fb5175846b57b5bdb226407493149771240591d0
coloramxa-1.0.0.tar.gz,2024-03,malicious,MALICIOUS,10,0,52,76,dab027af9e87bcb02bf82d6eff6346c6939f94c17c38d6cf9ccefb30bbf1d14a
PyTorcdh-1.0.0.tar.gz,2024-03,malicious,MALICIOUS,10,0,40,76,6e5b35464258dd2aeee1390a76c32f17c4e5db102af9f95a6bd694486c3c2b39
custoumtkinter-1.0.0.tar.gz,2024-03,malicious,MALICIOUS,10,0,52,76,76b9b7bb077ef47bcf4ba75b12f7b5b267b4b9c43ec6cfe8499f7e24d03ec09e
selemiumm-1.0.0.tar.gz,2024-03,malicious,MALICIOUS,10,0,52,76,54765fe011cc416f26b0ede7148be4300de9ebaeb09a8040529b0df380d68a22
requekts-1.0.0.tar.gz,2024-03,malicious,MALICIOUS,8,0,54,76,ca72fc8c96fe31bd6fc61e282c81fe6f5f098aad6ae3b2b38a69b13dd345275c
requeqsts-1.0.0.tar.gz,2024-03,malicious,MALICIOUS,10,0,51,76,2556d80b7dfc9b0483905d3c8a50e3e85bdc60a9528d579d38e5194bbf4f539e
reqirements-1.0.0.tar.gz,2024-03,malicious,MALICIOUS,9,0,50,76,3ccfead9cbb5ec05f631c42d31a9086d06148a7b2853ace69a64db779cea9917
seleiumm-1.0.0.tar.gz,2024-03,malicious,MALICIOUS,11,0,49,76,8382377259f6465db0ddf93b0a3fea7bd5dbbcbf68183534b985674e43870164
seliniumn-1.0.0.tar.gz,2024-03,malicious,MALICIOUS,11,0,51,76,e8f700d1e501cbaf4b50375c06470e185a038173183f39f02ad90e1fc2537ba7
requewsts-1.0.0.tar.gz,2024-03,malicious,MALICIOUS,8,0,54,76,8a017f7b5218614252737fb22387bd11b5f82f24c727c8f6d2d03771ee25ba49
PyGmme-1.0.0.tar.gz,2024-03,malicious,MALICIOUS,10,0,52,76,6ef1f519cb1b0820bac2d9906c91c41eef6c8e1528ed82a9a31f5fc11ce6a9b1
sparklog-0.0.2.tar.gz,2024-03,malicious,CLEAN,0,0,58,76,4bf2eb40aac0299f7cd1880cf54eff4a52acb9231412e3f3c58b29bbbdff14b1
Matplotlpib-1.0.0.tar.gz,2024-03,malicious,MALICIOUS,10,0,46,76,beec72db801de934aa3e581c19c8164b8ef07f0481275fe8f843fc6e88ae36c1
Matplftlib-1.0.0.tar.gz,2024-03,malicious,MALICIOUS,10,0,51,76,8869a7b86271bac3f3965d03faae5bc31bb8ee859a4a32a1f54266dce322b03a
py-c0dd-1.0.0.tar.gz,2024-03,malicious,MALICIOUS,10,0,52,76,42b828ad9dde39699730e2bafdfacc13aa0059e8cf2cde7e6b2ea7a25727a855
BeaitifulSoup-1.0.0.tar.gz,2024-03,malicious,MALICIOUS,10,0,51,76,652238d37b74c337ab0416f3c98906e9c30b1b24d4c3bc8af86dac37ab336be0
customekinter-1.0.0.tar.gz,2024-03,malicious,MALICIOUS,9,0,45,76,5f8ea9871814925119502e6a3788600e2dbe2fe6e20a8a46a924172bad852004
requiremetstxt-1.0.0.tar.gz,2024-03,malicious,MALICIOUS,10,0,52,76,5e77ecae646a6762d6587c05bf5dc3135672bdc59c085d95aa6f51ad39a12759
PyGxme-1.0.0.tar.gz,2024-03,malicious,MALICIOUS,10,0,52,76,ae5f29ff14bdc37582adacb0f7736be71f3f12e7e71ae9502d48de2c0cbabbf2
plawwright-1.0.0.tar.gz,2024-03,malicious,MALICIOUS,9,0,53,76,ef05cec8997b0515221be7c4db16e71ecacd9f7626f2d1ea189223b971b69456
capmonsterclouclient-1.0.0.tar.gz,2024-03,malicious,MALICIOUS,10,0,52,76,007847a20d1a4e02e7726a237fab6fc1136031f4864a14df43c8dd3026fb1c81
capmonstercloudclent-1.0.0.tar.gz,2024-03,malicious,MALICIOUS,14,0,47,76,dd6913d657f4ff8349bc11b2e3487d4fb5f1f1454a3f5b2334e1e6c39ba378c1
py-cxrd-1.0.0.tar.gz,2024-03,malicious,MALICIOUS,10,0,52,76,7bbe1aee61bb62f4b5587f201174a7aeb749b5cb044c43a0a9e3f0578766f8fe
PyGvame-1.0.0.tar.gz,2024-03,malicious,MALICIOUS,10,0,52,76,21c725100402f7ff9e0fe9da2bfbdf460628e3ed41f05897f63c4a4d9af8e048
PyTlrc-1.0.0.tar.gz,2024-03,malicious,MALICIOUS,10,0,52,76,04178120073f466196abb65baac36ee554808916669bb5790c3e60cc113fa5f4
customtkihter-1.0.0.tar.gz,2024-03,malicious,MALICIOUS,10,0,52,76,1eb41d851957d8c3eebeb0d3e806619f7880a5a7ee66202354f7947276ce7662
cilorama-1.0.0.tar.gz,2024-03,malicious,MALICIOUS,10,0,52,76,1516f7f685add25efc4bb71d5284ed3ca90ea6d05cc999e59728d91ffe5b844d
PyGarme-1.0.0.tar.gz,2024-03,malicious,MALICIOUS,10,0,52,76,5aec9aac834eb94e63f6af72052cbdd4a220f6ab1759c7ba00cfbeb217e72e76
customtkiter-1.0.0.tar.gz,2024-03,malicious,MALICIOUS,10,0,52,76,c76e3098958b2e41cd16f0178044ed15ec719673b843d9a475d1d93e61148607
pilpow-1.0.0.tar.gz,2024-03,malicious,MALICIOUS,15,0,47,76,b5e1c23b9ff05b42ff38e5eaabefd5d13f1f4af5e4eef17584088edd1950b642
customtkinger-1.0.0.tar.gz,2024-03,malicious,MALICIOUS,10,0,52,76,ff3c62e95b436265df7bf4673ffb545f6c4e8e5e9b007560b4c82f4239b2e5f5
asynci-1.0.0.tar.gz,2024-03,malicious,MALICIOUS,10,0,50,76,26cbeb27a259a811ab2f289a172261809c233d3831505ca7d4aae5f8df0f69d7
tensoflomw-1.0.0.tar.gz,2024-03,malicious,MALICIOUS,10,0,52,76,31fa6a35acb953fe9e935c05f6834c61807050e86dd5d14b209c2575b43a8034
customtkintre-1.0.0.tar.gz,2024-03,malicious,MALICIOUS,9,0,53,76,585a09a97c4caec372e850d0bf0b5aa38ebd6aacd80169f15cea89f3540726da
requierments-1.0.0.tar.gz,2024-03,malicious,MALICIOUS,9,0,53,76,adcabaa9b9a094a7e7eb4acc06a15e1d0cf7155eb6afe83687b3afde04a4de5f
PyGazme-1.0.0.tar.gz,2024-03,malicious,MALICIOUS,10,0,52,76,9e8a6d20fe728f321f4f1138795921744f419adf3c4fea1dfec3b931e81942b9
selinum-1.0.0.tar.gz,2024-03,malicious,MALICIOUS,10,0,50,76,2766086c9346b12e610a77118e5a486633f9f38755895c24e4498c364e24d3c0
Matploptlib-1.0.0.tar.gz,2024-03,malicious,MALICIOUS,10,0,51,76,d567757f0c844d74207e1e3a627af10e0743260e5755a703699e04c6e45c6754
p8llow-1.0.0.tar.gz,2024-03,malicious,MALICIOUS,10,0,50,76,c5b07da08e1bfa501e47334caecdf6c350045b707246a5c2b9f6779daeee31e8
bupi-utils-1.0.0.tar.gz,2024-03,malicious,MALICIOUS,11,0,51,76,b58db59dbfc98be77632783561c07ac2311b580b849d7971a2fb53a1322b2ab5
selenniumm-1.0.0.tar.gz,2024-03,malicious,MALICIOUS,9,0,53,76,795f8d2c6a2c8749fc5892ebb19ea28b9a6edff4ae51faa95057f96fe5cc6510
Matplolplib-1.0.0.tar.gz,2024-03,malicious,MALICIOUS,13,0,49,76,d2b1d87f08f8e5e9561f5e1e49b6089d12565b3b21f05fb878155106104f9845
requestr-1.0.0.tar.gz,2024-03,malicious,MALICIOUS,10,0,49,76,d4a5865e38b08ea91ba0fbbc5442ba53afcdd8106003849c6df5a4ec05ebf18f
Matplotib-1.0.0.tar.gz,2024-03,malicious,MALICIOUS,11,0,51,76,ec50ce46e9e2729daa138454b51f57d25a5b56d719935187f32fccf1c4a71185
selemniumm-1.0.0.tar.gz,2024-03,malicious,MALICIOUS,11,0,51,76,8114a20c75ac5e894bb004151285b5f35dc81bb9e8949ed00dd07464bcfcf880
custumtkinter-1.0.0.tar.gz,2024-03,malicious,MALICIOUS,16,0,46,76,962efcd32c9614a7ae597c2c02e8f2788b99033f80cfd608b6901979f34227c1
rensoflow-1.0.0.tar.gz,2024-03,malicious,MALICIOUS,8,0,53,76,bb3a547022c748d8c000ba35ba60270a22ce0965347a67737f67c09baa4b12ac
PyTorcb-1.0.0.tar.gz,2024-03,malicious,MALICIOUS,8,0,53,76,0c9df2b4747c9013308cae87bb7cb371f12df6a63f911425a370b1fcb5c6009d
capmonstercloudcliendt-1.0.0.tar.gz,2024-03,malicious,MALICIOUS,10,0,52,76,965e87b2f465e2b3838c0bc14985bddb1299c79ef6ea521133405f57b36b0522
coloroama-1.0.0.tar.gz,2024-03,malicious,MALICIOUS,10,0,52,76,d0b4dda4392330da7334b5def625584d12a292d5414f7abe6204bbb543089769
pi-cord-1.0.0.tar.gz,2024-03,malicious,MALICIOUS,11,0,50,76,868cc70d5b38f90ef9fabe61c3624d8257bc855c57bd71c94474e58cdce8c4d5
Matpllotib-1.0.0.tar.gz,2024-03,malicious,MALICIOUS,11,0,50,76,c691df1a45a6b49b11c5b2b3dd92998bbe3603d111ec12a84d445965ed72989a
tensoflxow-1.0.0.tar.gz,2024-03,malicious,MALICIOUS,10,0,51,76,a5f522a3cc63e09d95b1da6d9c93ce1e0816c6dda5829d85a32bcc37b63d7122
colaroma-1.0.0.tar.gz,2024-03,malicious,MALICIOUS,9,0,53,76,8074563ff76605f90884cd57de4ea5e373ccbfd9fd7b0d22266641ed7b603dee
py-corwd-1.0.0.tar.gz,2024-03,malicious,MALICIOUS,10,0,51,76,4299fa86bf6d48ccfa8306377390593712a9e4efec5c68be51a1eaf74fd445fc
PzGame-1.0.0.tar.gz,2024-03,malicious,MALICIOUS,9,0,53,76,b4387ddb5acc27acf27a18c38a0386e991e4c9bd21da6702d1e305efa001edd7
py-cordr-1.0.0.tar.gz,2024-03,malicious,MALICIOUS,11,0,51,76,210c348db964d156529d6158b2c11879381ab8412ff27828ef9ae4fbbca7e4ff
PyGaeme-1.0.0.tar.gz,2024-03,malicious,MALICIOUS,10,0,52,76,93d5931afe3039b8f5d96f7b2945e16b3a699bd5d11a80fbcdd34c0c3f96e1a7
py-coird-1.0.0.tar.gz,2024-03,malicious,MALICIOUS,10,0,52,76,ac2e9e883e20fa5b558eed74e65f6b27e6bc50e12d2f554323161a2617eba676
bibp-utils-1.0.0.tar.gz,2024-03,malicious,MALICIOUS,10,0,52,76,0f388133c7040e58e0c8b4fc2f8284147b6ef38ecffd04675c24954759db7826
playwrihgt-1.0.0.tar.gz,2024-03,malicious,MALICIOUS,10,0,52,76,e593b7065c9946d8a7bc9117b1a3b3ade3f7893133cdd2fb4a16c1a98742f7a4
playwrght-1.0.0.tar.gz,2024-03,malicious,MALICIOUS,9,0,52,76,8a0012c9c8e80b195b4f3ca529370569c69f5385a002b0c51a594d73d4c0ab3d
capmonsterclouudclient-1.0.0.tar.gz,2024-03,malicious,MALICIOUS,11,0,51,76,04f0d9986447b9a38bb22587c066ab76515d90a98d0e4bd943e292513289c8f6
colormma-1.0.0.tar.gz,2024-03,malicious,MALICIOUS,10,0,52,76,7eb01b22f0f3b9734a5cee2f048f236985d3ec984572e4c1cbc181d8abf954ee
bips-utils-1.0.0.tar.gz,2024-03,malicious,MALICIOUS,10,0,52,76,9b97ba9d0e402a9f19d562b4849c580926850bf2f5d1eaff0c1b3c4834b1c969
BeautifullSooup-1.0.0.tar.gz,2024-03,malicious,MALICIOUS,8,0,54,76,eeb926cf15e2f7150d22cb72baaeb3961e8f356fd1d4c06148f076a1bc09943e
coloramo-1.0.0.tar.gz,2024-03,malicious,MALICIOUS,9,0,53,76,d4326ef807eecb3f86cad7807c73fad9301e3ab22b8efa485a9a8a2f7606e743
libcontrolverLGTB-5.50.tar.gz,2023-03,malicious,MALICIOUS,1,0,57,76,52441b2ce361d51d1ffcb4ae97436954fab46ad53032206283581a85d48d1d05
yelp-cgeom1-0.1.tar.gz,2023-11,malicious,CLEAN,0,0,62,76,31ca86431371c4081324082427050230011d4975021349978cad62f178d2f2dd
quasarlib-1.0.8.tar.gz,2023-11,malicious,MALICIOUS,27,0,35,76,78f65383a82aa2e7309610398a7e3a24113fcfc1d31f997426895cb5ac6421fe
rgbcolor-0.1.5.tar.gz,2023-11,malicious,MALICIOUS,1,0,61,76,46d118d6e8ee339dd03e35cbcb4495ed22cf3df5cefec8ba7eb01a37480eebd6
gptplus-2.0.0.tar.gz,2023-11,malicious,CLEAN,0,0,60,76,23cb0600b544a3b1621bf09f99d776135e5e52bbb862bca408e5bfd838b8d910
seleniumunclickable-1.0.1.tar.gz,2023-04,malicious,MALICIOUS,2,0,60,76,9b12dda2438af12f6511b6ed40afeb0d3a1c2cf87ad58182ee94ce652eb912d4
py-c9rd-1.0.0.tar.gz,2024-03,malicious,MALICIOUS,10,0,52,75,74eeb76c793505f76dafd1a3a55ae0c4fc66d92579e3ab8dc13debde22992a08
tencentcloud-python-sdk-3.0.959.tar.gz,2023-08,malicious,CLEAN,0,0,55,76,3241754d0f873d3cc1a708e70bc746f1f3120299288140d1c071ffe09ec3f86a
gptplus-2.2.0.tar.gz,2023-11,malicious,MALICIOUS,2,0,60,76,9db6d94e8152e6097bea366704a8fbfa882674888bec93b253abbf2defa0d773
discord-simple-http-1.7.4.tar.gz,2023-11,malicious,MALICIOUS,3,0,52,76,655457151505e32be250154415664e4d9803a5cc8975f456ca26c65e0dffa6cb
hsbcgui-0.0.8.tar.gz,2023-11,malicious,CLEAN,0,0,43,76,04de3879b068c8264bb931c64bde2c9a89f91ebeee822a4e0a07db5baae734c6
NewGends-1.3.tar.gz,2023-12,malicious,MALICIOUS,10,0,50,76,ca6ccf9bd6849a0dbe364d0b3df712b72e0e7f032beb3d480f6e12bc8bcd331f
testpackage2lol-1.0.0.tar.gz,2023-12,malicious,CLEAN,0,0,60,76,a8622f70cbfbb8b45b5817e081134757b6809edbcce1592208cb72e501046ff6
sGMM-1.3.2.tar.gz,2023-12,malicious,MALICIOUS,2,0,60,76,3060dccdfe7bc3d0b7a01d38e9683d3e2f65cc525e2ea49c8dc1f3122499d643
ef323refefeffe-1.0.tar.gz,2023-12,malicious,MALICIOUS,17,0,43,76,0edc8d8ac3257cf0b5cc6fd5842a2371c14a41b09f6313067ed8137a0539a59b
monkeyui-0.0.1.tar.gz,2024-01,malicious,MALICIOUS,2,0,60,76,8668dd55fae65be56252dab343d37550ff9d150c0ebf73182ba4bfd0616cc901
aio_http_proxy_support-1.0.tar.gz,2024-02,malicious,MALICIOUS,18,0,30,76,0f222f2e35c154454073c8dabdd01ccef51b451e5db81002c4cd99ae7c5899a6
mlp-data-product-producer-999.9.19.tar.gz,2024-02,malicious,CLEAN,0,0,61,76,7f89e401cbdd4eb744e25353984ec90937fb0b718556e44866a3aad85ec4f88e
http_request_query-0.0.3.tar.gz,2024-02,malicious,CLEAN,0,0,62,76,3d9b1de306b0108c828213294112573d9b939e698f314d6ba8dc54e589497fc1
async-dispatcher-1.2.4.tar.gz,2024-02,malicious,CLEAN,0,0,61,76,778c58706849f00d4e84c6e321cb236c70ef30c01d18f686b2addf6b289aa280
requeits-1.0.0.tar.gz,2024-03,malicious,MALICIOUS,10,0,52,76,e04401d5410b93f219c44af03e37a4a3c332836200d64a47c76edbe7b157ff34
py-cod-1.0.0.tar.gz,2024-03,malicious,MALICIOUS,10,0,52,76,03b4905f419c2020bc7dfb0dfec2326e5ce54ee4f4e117a8df4a93e3d67877d6
tensoflom-1.0.0.tar.gz,2024-03,malicious,MALICIOUS,10,0,52,76,5cfcc9838891bae6f6a17d6c76309aa52a5f5003569b2a4cdcb0ad7b6185c9f5
cuwtomtkinter-1.0.0.tar.gz,2024-03,malicious,MALICIOUS,13,0,48,76,3785c275c2aa796e6cdff21f158ecdd632764cba6273d43ea302cbeb68e84e41
PyGacme-1.0.0.tar.gz,2024-03,malicious,MALICIOUS,10,0,52,76,b8b41ec1a1250c6be4ba9cc1a4883809ff5b0c0a9cf6bfc82a5c91c7836f4206
BeaurifulSoup-1.0.0.tar.gz,2024-03,malicious,MALICIOUS,12,0,50,76,e41b74838c6406ccd55fcd345f05d27a47ffe3fe7b0fb71c33b00082d4696235
Matplotlub-1.0.0.tar.gz,2024-03,malicious,MALICIOUS,12,0,50,76,52eb6c21bab2c7c2bbaaeb071b898007e3e8e004b029f0fadca7d3ae95615357
customtkiyter-1.0.0.tar.gz,2024-03,malicious,MALICIOUS,17,0,45,76,c8d7ea627ce14bd4ad3e1070df16f7b076d8f89badb0ee9d391402e5f16a02cd
PyTrosh-1.0.0.tar.gz,2024-03,malicious,MALICIOUS,10,0,48,76,eb03b24e02c1608b0da8213a099d2c5d8ce9b239957e2ec8ad1eaf7969365116
py-corde-1.0.0.tar.gz,2024-03,malicious,MALICIOUS,9,0,52,76,cfcd72a3a117eba2aaf1cbe39edefa606c4cc74a19940defecf90c2b0e0febb3
insanepackage217424422342983-1.0.0.tar.gz,2024-03,malicious,MALICIOUS,9,0,52,76,2f2846f685fc8f9fa5484baf49bb58bb1814646988b80dcc1c63e97f82a9d2f9
libpostmcstudy-9.67.tar.gz,2024-04,malicious,CLEAN,0,0,42,76,a9cea7e83bd09befc32113129b153f9949ea6d9a9d9269a6d7bd0b61bd0e9acc
quick_telegram_sender-0.7.tar.gz,2024-04,malicious,MALICIOUS,18,0,43,76,0dbb7193ab7eb65474ad22339517d929949d2d999d31bae56d37dc6c82f54f40
selfpongencodeintel-3.95.tar.gz,2024-04,malicious,MALICIOUS,2,0,60,76,7d3ce050d4d9ff61d8a3a57837160f7e32992a9015c16fffd3248566682ce76d
steembase-1.5.0.tar.gz,2024-04,malicious,CLEAN,0,0,61,76,d7267dbe29211fbbcb0b5d3fa59a890c8ca007b257b75d3ae72d04fcf0d033e5
selfosintultrahacked-5.10.tar.gz,2024-04,malicious,MALICIOUS,1,0,61,76,1733b819b8b19151be677c19861d227bf447052470643d5811b27d727edeb55e
http3_client-1.0.15.tar.gz,2024-04,malicious,CLEAN,0,0,62,76,7bcb23ce5563d730544158533e8ae15d9be1b4612bed58e2e0e7d190bc3ea8eb
sc-oauth2-99.0.tar.gz,2024-04,malicious,CLEAN,0,0,61,76,a0bd7879f3358b69bdac55986227fd76fdbef1dba8f773fe7f266f90a04baa30
proxy-supporter-1.0.tar.gz,2024-04,malicious,MALICIOUS,7,0,54,76,c5bb624d25b41cb90f617d83c7a1443ac30c7db32e282dcd5a0a79b1f4028277
pydiscordion-1.0.tar.gz,2024-04,malicious,MALICIOUS,11,0,51,76,6cf72e6c816520cd5a07d427c3bc59bd5cb15966773a58f6cdd9a849e915008e
py-proofrandvisa-8.21.tar.gz,2024-04,malicious,MALICIOUS,1,0,60,76,821111a162d6951caf952231df7eb0e29b98070d28fdb46ce123fc2640512f26
plasticswampbubble-99.0.tar.gz,2024-04,malicious,CLEAN,0,0,62,76,149de9b281a847d53a93ede14a2b28b5f87a7ef19e25c8e737642fadad3b6285
multihttps-2.32.5.tar.gz,2024-04,malicious,CLEAN,0,0,56,76,2a4b1247d13164cffeafc14d623c47b68e4c84b36ac349a0d6fcbc6c11d77049
ctfpipshell-0.0.4.tar.gz,2024-04,malicious,CLEAN,0,0,62,76,ab412e8c1f6e06ab93b69f6505a01eb6738548cd59912daebfbfaf156c9ecbef
esqloadhackednvidia-4.86.tar.gz,2024-04,malicious,MALICIOUS,2,0,59,76,3fb9b1eb666dbe857e619a041067889af36c741a45b48c651119e4e5e710637b
snelt-1.0.tar.gz,2024-04,malicious,MALICIOUS,25,0,35,76,c06d8924576c177c9e183def6ed06538dcf9828a81521da0c0a9fde83262ae27
shadw-1.0.tar.gz,2024-04,malicious,MALICIOUS,25,0,28,76,21d9446f4d9ec199876db7a7ffbded8b6b6488fa2b4c0f1f81fb19950169337a
roblox_mod-0.0.1.tar.gz,2024-04,malicious,MALICIOUS,2,0,57,76,31f749f9cd3d7c32ada7c53060345ee0602c6ff37442802f160d9be27c9cc3c2
py-osintvirtualload-10.15.tar.gz,2024-04,malicious,MALICIOUS,1,0,61,76,eed8a14d84a9e722920d08e03ba467d681cfce23e3d115c22d14e03704632bb8
roblox_py1000-0.0.0.tar.gz,2024-04,malicious,MALICIOUS,2,0,60,76,1a8771f75ac0bb6a82b9e5140c76d1dddc7353b27b5fe1189b3d69adcc519f22
py-virtualhttppy-1.73.tar.gz,2024-04,malicious,MALICIOUS,1,0,61,76,fa5300beba9627b8bf47d1fba92a5e289289273d11a0d4cb825995beee80d60a
PakePip-0.1.2.tar.gz,2024-04,malicious,MALICIOUS,11,0,49,76,fcb3948f8fdc1926667d8ec5becbb1812ddb83a6dfb2e0331584525640fdc460
selfurlrandomver-2.34.tar.gz,2024-04,malicious,MALICIOUS,1,0,61,76,e349639d0c43cb94634945750997612472638e03ef68b8517387844c856ae0f3
goldensweatshirtwifi-99.0.tar.gz,2024-04,malicious,CLEAN,0,0,62,76,f7850e6705655d6a28a093f02a4922416ea97927e612d15dc0184e783171be0d
lindze-0.1.tar.gz,2024-04,malicious,MALICIOUS,20,0,41,76,f088557c1322a28b64fd53c25d0e0c4afeba202145ba80cb490b85fa744cf232
tptoolintelram-6.96.tar.gz,2024-04,malicious,MALICIOUS,1,0,61,76,c1b2841e912debaabe629f3af2a86c0b4f26f06cc2c1c02bfbb45a39a5fdee3a
tplibvirtualram-7.77.tar.gz,2024-04,malicious,CLEAN,0,0,50,76,72352a323c7e2debfce7f45225edbeb23bd6b9df9970ac13d9a11e7bec60df62
libcontrolultravm-2.33.tar.gz,2024-04,malicious,MALICIOUS,1,0,61,76,aa4e1f61ddf34769199a852f57a4db912c252d8077282a068caf111920e883f7
ai-solver-py-1.0.tar.gz,2024-04,malicious,MALICIOUS,6,0,42,76,7c7e44c1a611e3fbee73a571acff85d4b500f69ff7276541ec5c77cfb43ed96b
py-nvidiaguistr-9.17.tar.gz,2024-04,malicious,MALICIOUS,1,0,60,76,9862f12c75be33e3b9ce8d7cc84163f6325c9db63dc378ee6011bba70219cd48
bytedtrace-0.1.0.tar.gz,2024-04,malicious,CLEAN,0,0,62,76,54c8be0c85358ee38e682682e6e0159c44a3527d38af157d39945b19efbcea62
py-strramgui-5.2.tar.gz,2024-04,malicious,MALICIOUS,1,0,61,76,ac9b2705adc3bb58ee5e0a71edb2135498c811254d355aa24536f17a320f6b71
selfloadcvencode-9.93.tar.gz,2024-04,malicious,MALICIOUS,1,0,60,76,13cdb802f4d0bff2140bb01c292a51425616e200ab733f975f6e04ba715e9fe3
esqcandysplitpep-8.82.tar.gz,2024-04,malicious,MALICIOUS,1,0,61,76,fcb38eadcb395e112a7a1849b554745589b3ee83ddd3f06f7cff288bfdd21df7
paquete-malicioso1-99.99.99.tar.gz,2024-04,malicious,MALICIOUS,2,0,52,76,0db6ca25db13c2b72c30c2222394dd7267f6b7c3ade671d12677db032770654f
matplotlib-requests-16.12.4.tar.gz,2024-04,malicious,CLEAN,0,0,46,76,83f8f9923a92e1e627906d482e0732c7628b930182acbb5093b4fb9648a3eff8
xFileSyncerx-0.0.2.tar.gz,2024-04,malicious,MALICIOUS,2,0,60,76,52cdd5656e709d8220fb675db7eae8220d23ab6acee3380e62cb1837b925fff8
selfosintsplithydra-9.76.tar.gz,2024-04,malicious,MALICIOUS,1,0,60,76,87d0fd795e4e2b4674e37ea4bdd113e42e019b43d1e8e9c788f76c2615d1510f
http3_client-1.0.5.tar.gz,2024-04,malicious,CLEAN,0,0,62,76,afc12c1095f6b162e618bd86b167fb1964b73be3b2c42b217ec2c88c4ef90ffe
http3_client-1.0.0.1.tar.gz,2024-04,malicious,CLEAN,0,0,57,76,1be18e610055dc3bfa8db5ba16cf89160e5b9aba69c2c837e242e14340488929
bytedtrace-0.1.3.tar.gz,2024-04,malicious,CLEAN,0,0,62,76,aef7eee3d7ff795616937d575892316c2d08992fa4ce6ec81f21c17350e48758
selfstrresuper-3.23.tar.gz,2024-04,malicious,MALICIOUS,1,0,61,76,2e842705e9e6ad5e6e5d8610d890aba0159b6d9d99f3d3ef8fa1fcfe61d45346
roblcx_cookie3-0.0.1.tar.gz,2024-04,malicious,MALICIOUS,2,0,60,76,5db8841609b6d7a8f936a91addabef599645bea241d9cd7542ae6a5edb57ba5a
celery-routing-1.0.0.tar.gz,2024-04,malicious,CLEAN,0,0,62,76,727a7a72cea262e4c944dce398af856bf90c8493f5e8bb78f946890eea4a8223
pytest-pandas-16.6.6.tar.gz,2024-04,malicious,CLEAN,0,0,62,76,99be2edd7b92c1871898d946cfec4f3747ddc555816d5fb5dd3beecfd7fef9a4
peloton-client123-0.8.10.tar.gz,2024-04,malicious,CLEAN,0,0,62,76,9a1a151a21b8c85103357b4f9444149e8edffdc03126f26cadcdcb02f66f036e
kazer12-1.tar.gz,2024-04,malicious,MALICIOUS,1,0,61,76,2f483623f8f2efa953a69dd62fe2b57454b74617ff93afe163bbae5718a4ecc5
http3_client-1.0.7.tar.gz,2024-04,malicious,CLEAN,0,0,62,76,fa25e183684fc5127841e1c64cb1b6445805bbd63de830d6d460eba7743df106
selfrepaypalhttp-8.54.tar.gz,2024-04,malicious,MALICIOUS,1,0,61,76,58629c553d1072a9fb0639004e44f7e008473887829bb2d54eca1191fe5cd085
advpruebitaa9-1.0.0.tar.gz,2024-04,malicious,CLEAN,0,0,62,76,098af1b1e14adea7aec8997c2525360621d2cb4cb97a8a81a00a64abec7f80bb
esqlibcpucc-9.61.tar.gz,2024-04,malicious,MALICIOUS,1,0,61,76,7fa72bfc7ac6f35ed9681322740a5b35bca54e44ab1d4f30d544541eeb88bdae
libstrcraftint-3.6.tar.gz,2024-04,malicious,MALICIOUS,1,0,61,76,f9994657533c1bdaa15997a8da12285f196130894603e5331c35c9ff3fa55446
discord-manager-1.0.tar.gz,2024-04,malicious,MALICIOUS,7,0,51,76,71b5a41657a925286f3b9cf2928b74465f5768ea47fa474396e4d4d03c0240c1
shom-1.0.tar.gz,2024-04,malicious,MALICIOUS,25,0,37,76,79a6d4169916f45513b98870161fe7e2d96fcc845f77182aba80bfdc4837749b
py-pushpullsuper-6.33.tar.gz,2024-04,malicious,MALICIOUS,1,0,61,76,e65df0a67b134852ba59c2ee86dba2acd62b331b6fab34ccbb1096df08626e33
Lukz-2.0.1.tar.gz,2024-04,malicious,CLEAN,0,0,62,76,fa9715d7fd554afaf13f3194d59bbeee64a39342e1a8b82bb380e7ef36981dde
pythoncaptchasolver-2.0.tar.gz,2024-04,malicious,MALICIOUS,11,0,51,76,b6140ea449d837e2e8c86dba5b1363c7e31e156c0b35799f21d50ddc14a40be8
mallodys-1.0.tar.gz,2024-04,malicious,MALICIOUS,24,0,37,76,a2134f57a9c01685787e0c04306b899d945791b61334e430237a5c7139607394
sys-selenium-9.1.9.tar.gz,2024-04,malicious,CLEAN,0,0,62,76,bab51b9f58d9fda79809a0d27e5df0fee92c7210d356658efed1b8506b09d8ca
py-minestrcv-6.49.tar.gz,2024-04,malicious,MALICIOUS,1,0,55,76,fdc8cde7657df02330cc3232d7cc9ffdb05416f6693ce46a386a0d13f4b5ffa1
pirate balls-0.0.0.tar.gz,2024-04,malicious,MALICIOUS,2,0,60,76,5a11769a82512cbb9606e200cfab8bb82a692befd50bb3c3ed0204c637b70bca
py-splitstudystring-3.83.tar.gz,2024-04,malicious,MALICIOUS,1,0,59,76,ffb1329af943702870908ca5e12737e591044fb89b99de9960360301072b3e9a
esqmaskcpustring-10.12.tar.gz,2024-04,malicious,MALICIOUS,1,0,61,76,6403cc036e67105543ca1b5ccf0480b715f196897c4f576b9f26fa65e812752d
dfdfdfdfhhh-1.0.3.tar.gz,2024-04,malicious,MALICIOUS,6,0,56,76,eeae28ec7359fd9210bc2e568888326a84cbb77e96090ba47fd4564f5425ed6c
detection_telegram-5.6.tar.gz,2024-04,malicious,MALICIOUS,18,0,43,76,de31e20f405be90fb3ed8d45386b9ed5246494fa4cdf393e9de9ea4c58161de2
advpruebitaa6-1.0.0.tar.gz,2024-04,malicious,CLEAN,0,0,61,76,d1fad6901bbc2ce15ae92d519c97be257a7451e84cca22a5bda5da96fc5724ce
miantested-0.56.tar.gz,2024-04,malicious,MALICIOUS,2,0,60,76,97b2185dc8424d09b0f81579987b55bf6c86a9b4889c61fdbec898264c65f41c
testdufou-2.tar.gz,2024-04,malicious,CLEAN,0,0,61,76,f8b6986b2be27b150783d5b766518e8ed031de96075e7a94deb7f5f107d250a8
advpruebitaa3-1.0.0.tar.gz,2024-04,malicious,CLEAN,0,0,61,76,94c47e4a550b7addaa09eb088973c9ead5ff3d0f25907e65f8c436bbb87e0a9d
beautifulsoup-scikit-learn-2.4.9.tar.gz,2024-04,malicious,CLEAN,0,0,61,76,07b3c5aef4949239f7c97b5b059bb1ed3c303d5c15c0c13b562bbe110cb463d3
pendirequests-0.1.0.tar.gz,2024-04,malicious,CLEAN,0,0,62,76,71b33f6f3dd89b1e35c655dab83e33fd2576979a0a04c95392eb4f20f60ba246
py-strnvidiamine-6.62.tar.gz,2024-04,malicious,MALICIOUS,1,0,61,76,bdeaeb162d41f02e7b9e5920833be5b58ab2514c878eecb605c75794add27608
selfcpuintelpip-7.65.tar.gz,2024-04,malicious,MALICIOUS,1,0,60,76,1b6c153ccc98e14d3bda168d399fca41f228e0ec9f644d6758179ba74d9d7f98
sherms-1.0.tar.gz,2024-04,malicious,MALICIOUS,25,0,37,76,422115bde3b6ee88ad0f8c99bd94bc9d0b609a096e3fde734132ac2d9356fd41
selfcvstrpong-6.28.tar.gz,2024-04,malicious,MALICIOUS,1,0,61,76,4b9d041941af7e4c776e0f4e5be6e96b71ee31cb594cf57743e242b03f74deaa
selfintstringstr-9.5.tar.gz,2024-04,malicious,MALICIOUS,1,0,61,76,169dde89e9bed92fb212f7f8b526207d3257e6f6908a1f5966f40bad281e98fd
libhackedosintvm-2.26.tar.gz,2024-04,malicious,MALICIOUS,2,0,59,76,b4cc38621c89086e331592344c17dfcf23bbfb840e8f9d0370df4b349838f5cd
ascii-chillah-99.0.tar.gz,2024-04,malicious,CLEAN,0,0,62,76,7ac51b0d28dd2050688320ba9d8270e2db1322bfef3e2cc1601c641f288d00b9
esqintstringcraft-9.30.tar.gz,2024-04,malicious,MALICIOUS,1,0,59,76,c13cb867f052b27ccb08883a764ea1a5aefa09df118b2b0b1c304d1b8dcc579b
tryquests-0.0.1.tar.gz,2024-04,malicious,CLEAN,0,0,62,76,2e19cb7c5327867ccc00fff979d09b4663dca0e8922e99c4353fa19eac26f4b5
myshellcode-0.1.0.tar.gz,2024-04,malicious,CLEAN,0,0,62,76,f90628ecf13acb00d7a030f7a400f977cd6d67b39b11309cc85d9cc957ddddc4
libadtoolmc-9.41.tar.gz,2024-04,malicious,MALICIOUS,1,0,61,76,66ba3379416a4223a6f47f84cc4e4fd94b545694877acfb92e993204c6182774
much_needed_python_package-0.1.tar.gz,2024-04,malicious,CLEAN,0,0,62,76,d68c5e2e4089effddad130474058c72e10f97d5cf0057be6bc3686d6cb0427a5
selfpyintpaypal-4.2.tar.gz,2024-04,malicious,MALICIOUS,1,0,59,76,37e96a8e03b91452aa65927f2dcd9301cc81fa89aa57e604ab3f0aa8064b5f69
py-intverpyw-8.14.tar.gz,2024-04,malicious,MALICIOUS,1,0,54,76,fc1665ccbe5df89a6ddc4231d873b66765af7f03c2b6f0b1557219097c6ff204
esqrandadget-3.2.tar.gz,2024-04,malicious,MALICIOUS,1,0,61,76,e0a13b4ebb95c0a147cb4c6ca7669bd6f75e741612e97d132dad1d7fbbdf9d43
pymulticolor-1.0.0.tar.gz,2024-04,malicious,MALICIOUS,1,0,61,76,d00b3d79c199d302f5ec97b28164eef2a922e047b7eca7f78442238825a85d82
py-paypalpostcandy-2.77.tar.gz,2024-04,malicious,MALICIOUS,1,0,61,76,715a3a890c84bc6db22812635ba37380182766dabd6a39bba6fb38b1f99f7f16
tpcandyminead-7.84.tar.gz,2024-04,malicious,MALICIOUS,1,0,61,76,d842595b98904a7df3e38c2ab5016ca682f97dff57880263b9b96fcc243b3780
esqosintcraftram-4.53.tar.gz,2024-04,malicious,MALICIOUS,1,0,52,76,31f6d222a718fa48b8f5afe518dc1a3478cf10d943f6df839f1be43d2d872123
libvisapullpaypal-6.89.tar.gz,2024-04,malicious,MALICIOUS,2,0,59,76,681fef5d4e5214a7967b6795c8f4ef481ca1942dc938fb5af0258d3f6a179ce8
selfcandyhttpnvidia-8.55.tar.gz,2024-04,malicious,CLEAN,0,0,44,76,0b3ce060da7f5890516716ab829199c236ea5b685eed4fd16d6aecb5e7923b4d
libvercpuvm-6.94.tar.gz,2024-04,malicious,MALICIOUS,1,0,61,76,66803be8aeb206dabd6e30ecbb990ee1cdae8cfa62eb79c70c093163d3b64bad
tpvirtualcontrolmc-2.74.tar.gz,2024-04,malicious,MALICIOUS,1,0,61,76,271f7fe5b7bdc39e7e295557c30187ce9e0f3ba94a84a4905b92434c37b671ab
support_dev-7.8.tar.gz,2024-04,malicious,MALICIOUS,20,0,42,76,2710ca1d3337b72212adb91558164a70009e1d0a79eb500bb538bbf1774cf5f3
esqstringgamere-10.81.tar.gz,2024-04,malicious,MALICIOUS,2,0,60,76,30db6bbba00f91e09a2ce885a0aeccb3fac8584b63d3228a4c63e0b4709e4fb8
esqrecpuvm-5.27.tar.gz,2024-04,malicious,MALICIOUS,1,0,60,76,01c4619cfd4211e1a671866f097603b6b13a8cb406dc8ae99050272b713052aa
selfcvpushpull-2.62.tar.gz,2024-04,malicious,MALICIOUS,1,0,60,76,681558348e40a0feed5d4e34b53bb95598f4f64138a89ede9db5df9e101fe6f0
parseweb-3.tar.gz,2024-04,malicious,CLEAN,0,0,62,76,3c5b07ee8737b52e03af4e4c6136eee664a21ee5a13d9f3122d7c978e0da408d
bytedtrace-0.2.9.tar.gz,2024-04,malicious,CLEAN,0,0,62,76,8a7321d6abb6cd28c696204b35d89625d62f645922bc1441c5928fdda2f91595
req-matplotlib-11.2.18.tar.gz,2024-04,malicious,CLEAN,0,0,60,76,d74019ee14eba84760f4cdc91dc5eca3a6a2128a7410a0327b0e4202e58b4d7b
tinyad-1.0.0.tar.gz,2024-04,malicious,CLEAN,0,0,62,76,e6b74c8749e93bbbbc6763210869b6a9032ffe40f6a93983e50802d9f32d1307
selfpingultragame-4.45.tar.gz,2024-04,malicious,MALICIOUS,2,0,60,76,6c5a33b92591a85623f2d33f174dbe483b2d095f30f7cc0bfcbd766f413b6501
py-proofrandomcandy-5.39.tar.gz,2024-04,malicious,MALICIOUS,1,0,61,76,f116cc52ca28c9748f587bd84a417632e27d73a1cae48fef0c9a4300a4082c88
pipHack-0.0.1.tar.gz,2024-04,malicious,CLEAN,0,0,62,76,28840576f5af05304ef9c7470d2ce998a230130a53e8b38dd4f9ac02d3a61574
selfvirtualloadrand-6.69.tar.gz,2024-04,malicious,MALICIOUS,1,0,61,76,7b0bf6dced827666f6666d236d00544c87bd0301a4ca0ceb8b94ed9e5fd985db
tprandompullpull-8.26.tar.gz,2024-04,malicious,MALICIOUS,2,0,59,76,eebde407b6f1197b0c6cbe1804814ad9f50eb56ee604fa52a2fe1f70e97fed05
liblibpostcc-2.61.tar.gz,2024-04,malicious,CLEAN,0,0,48,76,583f1f05065836aa27b9e4178f48cd6ca15b2f2e3556e54c63e88b24b39a718f
mayalbl-4.tar.gz,2024-04,malicious,CLEAN,0,0,62,76,8a89cd4427f5f14db441c1736857df09c33148bba8d366e6b05687bc084cee61
airduq-1.0.tar.gz,2024-04,malicious,MALICIOUS,24,0,37,76,19361df3ffedb6728f4a21c8bd1c8b4769f1c8b58fa77738de5bc878739a086c
setdotwork-0.6.tar.gz,2024-04,malicious,MALICIOUS,18,0,43,76,4121383e3e1dc03f0384eca38b176142b8c71e5cbd7b47eb6587724e586c145b
pydiscordclient-0.2.2.tar.gz,2024-04,malicious,CLEAN,0,0,62,76,cae446f984e357361532f02196a78cb43901c3b1a4651c2b686f2209a4b1717d
sys-scikit-learn-17.8.18.tar.gz,2024-04,malicious,CLEAN,0,0,62,76,eb1e777e80b4bdaa1493146688f8184ab25e86c15bb3c5ca3fa679fc0bff6476
ferned-1.0.tar.gz,2024-04,malicious,MALICIOUS,25,0,37,76,92ce5c3d32017fa41d48f688314cafb7cbe8d8be0b6963de7feebbcce4051f80
tpverencodeinfo-3.55.tar.gz,2024-04,malicious,MALICIOUS,2,0,60,76,66cf86e56c9abf919d0405116c0d170ef70513a4b8ed6c3e0d1a9ff36ee928c7
tpstrmcint-6.38.tar.gz,2024-04,malicious,MALICIOUS,2,0,60,76,4957d67997557ecb1f00ec52e584f501e90f002dde158fd75116fb91afff7597
syslog-udp-1.0.0.tar.gz,2024-04,malicious,CLEAN,0,0,57,76,f568b37e218eb440ed909b4449e5aad574779493a3e427c5d41a12f1b34da26d
python_poller_ball-0.1.1.tar.gz,2024-04,malicious,CLEAN,0,0,60,76,7f961909573fda23dc4489d7c00cb85c3d587fcfd8efb950e6c0a72f550c26f7
esqgetultragui-5.56.tar.gz,2024-04,malicious,MALICIOUS,1,0,53,76,4892ce6739ac8df066e933151be17b8457957afb078f2ff7aeb76e1fc1866a5f
testingiasdf1-2.31.10.tar.gz,2024-04,malicious,CLEAN,0,0,54,76,59c091d5b3b53334dca2a34bcd5c1a04d2dc041ba7553a114ef5b6d742c36369
neftron-1.0.tar.gz,2024-04,malicious,MALICIOUS,25,0,37,76,9ad1cb582364dddef255b44bf14e53634af8f1ebe9523363e8aa75a782a9f4a2
malod-1.0.tar.gz,2024-04,malicious,MALICIOUS,24,0,36,76,3481b979d5fc64ca8740760026f1b3869928f028031b9ba33bd969c2f1ffba20
tphydracvmask-6.11.tar.gz,2024-04,malicious,MALICIOUS,1,0,59,76,8b1524837a7648dcfbfcfed862963068d7005f4340304b810f98423b2de8868d
mjrl-1.0.0.tar.gz,2024-04,malicious,CLEAN,0,0,53,76,7fbd9092f4f55c08cfab7d317c7a5d8c74fa72c75b71c6be549c1bead7c0513c
multitools-0.1.tar.gz,2024-04,malicious,MALICIOUS,18,0,43,76,3ecd7e2e2000f871654b5eeddfa3de8276e8e910a6e3405f20d7c2e725d7b426
pypaquets-1.0.0.tar.gz,2024-04,malicious,MALICIOUS,1,0,61,76,416ba22ab3ab5c77b968e195e6fb669f60a53595e97c57ad6094e8c4ed1decf3
selfvirtualreosint-3.13.tar.gz,2024-04,malicious,MALICIOUS,1,0,61,76,c13daf884dbf04e2be866032c25a70937390620449041335e3ac8aa5e9467e33
colopym2-0.0.1.tar.gz,2024-04,malicious,MALICIOUS,23,0,35,76,6538cf397232b810ef073c8d2edab4e7df69ee6e588bfd283ff9f76203e00b34
tpgrandencodegui-10.39.tar.gz,2024-04,malicious,MALICIOUS,2,0,60,76,508b4e38f77a089e9310d3bb8363d477bb81fc1f5c640de44f8b0a4a1220333f
pypaquets-1.0.1.tar.gz,2024-04,malicious,MALICIOUS,1,0,60,76,2471bb896e6fa202bf6edeae0c9a72409a322260514b1a305f7962568f69a94c
mirtos-1.0.tar.gz,2024-04,malicious,MALICIOUS,24,0,38,76,5bde567b05a40a7a1120a632877e079df652155f001aa2cc3149abc208b7efec
cloudfix-1.34.tar.gz,2024-04,malicious,MALICIOUS,18,0,42,76,347430510f9ea14267c29ea8b24e07a3b7a0a652605a3046e3b2d401e431a96b
only_a_test-0.1.1.tar.gz,2024-04,malicious,CLEAN,0,0,62,76,cc8d020ce8ec03090b379e3668f3a4862ce194993763f6a6b40c059e05cb685f
pxhttp-0.0.4.tar.gz,2024-04,malicious,MALICIOUS,22,0,39,76,9e9bf48f1452b73590c0901186066545274afc62648b04a7e91450b9fe2c8b75
esqvirtualkillsuper-9.16.tar.gz,2024-04,malicious,MALICIOUS,1,0,61,76,cf59579506372162f492509633386a89ee5e053380fe32a1e133e5980aca58a2
boogipoper-0.1.0.tar.gz,2024-04,malicious,CLEAN,0,0,62,76,979cecbc5e98490c7d11e94b229fd552a6301e57824da8ae2f242732933e3ea0
selfmaskgamepull-1.57.tar.gz,2024-04,malicious,MALICIOUS,1,0,61,76,ed5e60887367c18424537783f35004164e9dad3c98b296a0a629bd5c85d24f84
multiplerequests-2.31.3.tar.gz,2024-04,malicious,CLEAN,0,0,62,76,7e86dcd056d8040c7c148100b4d9ad0af2ac20ed5e880f5170840c8ba18b3e1a
libpipcvpip-3.20.tar.gz,2024-04,malicious,MALICIOUS,2,0,60,76,6c22711b986644a09784f04a1e5bbabf0a67b67d9c0ce8395137c5dabef8b4f0
boogishell6-0.1.0.tar.gz,2024-04,malicious,CLEAN,0,0,60,76,9b81611df03b5968a58c3905c46daa3bd7f2ed05aa149daf9cf2ec35262e4dae
EvannLeGoat-1.0.4.tar.gz,2024-04,malicious,CLEAN,0,0,61,76,f87c0e49627bfff5fe4d6606a1a4e52c477eed9313e43b44dd05ce52fa51a18e
prometheus-psutil-exporter-1.0.0.tar.gz,2024-04,malicious,CLEAN,0,0,60,76,3ce0b3ddcf47bf20c1f5f59b1617e7c625ce4ec8586d226ac1248010013794f9
py-paypalpongosint-10.27.tar.gz,2024-04,malicious,MALICIOUS,1,0,61,76,4c07ad6ed78128b2f14a0f87761dbc21dd7eaaa24563f29a398f286e67312371
pypswcracker-1.0.0.tar.gz,2024-04,malicious,MALICIOUS,1,0,61,76,2b68cb360d59f2445a0747044590ae1e1d4026c3f7e544ef64caa99048b1191e
multiplerequests-2.31.5.tar.gz,2024-04,malicious,CLEAN,0,0,62,76,625fe47417227a307837d1977d0c833acadfcb118b0452e7a8b9e06a6b7dde3e
py-superrecc-7.26.tar.gz,2024-04,malicious,MALICIOUS,1,0,60,76,4f004c6657fa387b4c85a133f2b2d0c8c14720108dfa292e102c565a59bdac20
req_flask-2.9.4.tar.gz,2024-04,malicious,CLEAN,0,0,61,76,798dfbb1f9e6cd953d51b40cbd115ef2102ea9f0d4a26914f149ab10815bd9f8
selfccreplacever-10.48.tar.gz,2024-04,malicious,MALICIOUS,2,0,59,76,c1a156d8255344f915253708d2252160d7037604cc2a0b051a839d09fd017b8d
bytedtrace-0.1.5.tar.gz,2024-04,malicious,CLEAN,0,0,61,76,62ce07ba8bef9548126ea7590233612bfb443a3e96edb53d72c162d0e67e81fe
readycharz-0.2.0.tar.gz,2024-04,malicious,CLEAN,0,0,44,76,d583fd12895e787fc191f9653f2111848c7a763a50c7130b733b55d9b8bc3fbf
pylint-beautifulsoup-3.12.3.tar.gz,2024-04,malicious,CLEAN,0,0,61,76,3b6970b2bd8898094ddbd72cbc694c5fae2e654cc9f5852c203d6f6d98c74b26
multitools-0.3.tar.gz,2024-04,malicious,MALICIOUS,3,0,48,76,ede9662b03dc5b5e4296969804a3b4885950773da0e77158d2fab6f22ffa4595
esqreplacegrandpep-6.68.tar.gz,2024-04,malicious,MALICIOUS,1,0,57,76,4377058b8c8c4bd40ebfc18978f2718c579eec9ec257c1c2eb9fb7602cb4f83e
selfedrandomrandom-3.53.tar.gz,2024-04,malicious,MALICIOUS,1,0,61,76,28ab468a8c5652ce6d73ff9ade320ff039c0ea6da82a1e9c5754a0ee2b0c4b65
tpcvverencode-4.45.tar.gz,2024-04,malicious,MALICIOUS,1,0,56,76,5fcf87658be7756d5ce47673ea332c6d5152b3fd313163514dd6888cfa6a3f1b
tryconf-0.1.tar.gz,2024-04,malicious,MALICIOUS,20,0,42,76,ef76c9572b1f7cc63da19c443f2940f4bac270e36a9e4ed8f4ac97a388a71aad
farking-1.tar.gz,2024-04,malicious,MALICIOUS,1,0,60,76,1dac25c2e346cf9144669f425e119d1b0e91500c170fd25b9643595c5b37447b
py-pingvisarandom-8.90.tar.gz,2024-04,malicious,MALICIOUS,2,0,54,76,114e957084675420a00129aa4d912d4f85c52d80d8f503d75cf794a07680be2e
captcha-py-1.0.tar.gz,2024-04,malicious,MALICIOUS,25,0,37,76,10027957bb6df80d4d5bdade1b065e6919bccc3cf07a0a59ed68b1cbd09e40f2
dasdsajdjsaasddsad-4.0.0.tar.gz,2024-04,malicious,CLEAN,0,0,60,76,b6ad814e183abddf46a9ff6049a60846a983bde662667bb23bff10a39f08f625
beautifulsoup-numpy-10.13.10.tar.gz,2024-04,malicious,CLEAN,0,0,61,76,975bb329a5674474dca378ad1dc92b604e2ce1a7f395faab7e0e9ad0328a3881
camera-kit-99.0.tar.gz,2024-04,malicious,CLEAN,0,0,62,76,39f28e50cb43c094e6aa37e743cf7acc0e00f366d16d9263068da5080e1cea7d
esqrandpippush-6.67.tar.gz,2024-04,malicious,MALICIOUS,1,0,61,76,ab4a3d4a873ea8d38f495d902588de309b266122157dd3a90702c26b6e5c4e23
selfcpuintsplit-7.25.tar.gz,2024-04,malicious,MALICIOUS,2,0,53,76,ff8d357738c4d1db5459f9545506c86f3e82ec95431db615928aaa56409829b8
boogishell4-0.1.0.tar.gz,2024-04,malicious,CLEAN,0,0,57,76,f6de893ae8c3f5394cde574bef0283e103c7ed535eee77eda9be3d4245ce4a99
libmaskosinthydra-4.82.tar.gz,2024-04,malicious,MALICIOUS,2,0,57,76,7093a6b085d5f98e2fb5b5a9f19604d3072e78062d9d5b0ca8f9c1ae05323e3e
selfinfoponged-9.67.tar.gz,2024-04,malicious,MALICIOUS,1,0,60,76,d7b350af421b6c54f358033d67a0e9b4b8eee01fd39e561a89972139e4325cfb
esqhttppaypalurl-4.13.tar.gz,2024-04,malicious,MALICIOUS,2,0,58,76,8c3d9752cb7f94ff67b7fb33c2cda7e9f68abffad4a19a492d4e777053d47b72
scavenger-py-1.0.2.tar.gz,2024-04,malicious,CLEAN,0,0,61,76,f935578dcebe08f5186faa1191e2b922171561841f8eef811816b82f3f3dd4e2
libstudyencodepaypal-7.27.tar.gz,2024-04,malicious,MALICIOUS,1,0,60,76,e1b3d4ada64c28a6069ed4a240cc729244c94ae4056263c44c07e46447abba85
libpullvisapy-10.81.tar.gz,2024-04,malicious,CLEAN,0,0,51,76,cb4f32e0a7e48f8aace73f6ac64a1f506e3bf916a46bafcfd18f90f70d51e125
py-intelcpusuper-6.44.tar.gz,2024-04,malicious,MALICIOUS,1,0,61,76,1229ec5e17f98b5ee21320f22b25fb90a54ea1b11ed911a3b56dad683dfe270f
cloud client-1.34.tar.gz,2024-04,malicious,MALICIOUS,19,0,43,76,8b5620e01ba32c3b57680a2292fc8b42bbb9591d3312833c3fd8e5579075c14f
liburlpywpost-1.1.tar.gz,2024-04,malicious,MALICIOUS,2,0,59,76,8bb2dc673f2e0b4c7e715e8120e09fac927dd96ac5da534d9499a191cf56300b
libkillmaskhydra-2.69.tar.gz,2024-04,malicious,MALICIOUS,2,0,60,76,dfbb7990da604dc75315b7fc18366e4474f87731327aa07f934c4fe4b1ccedcb
install-pyyaml-1.19.12.tar.gz,2024-04,malicious,CLEAN,0,0,62,76,f9f365974845422f81abba031afd57eb0ca708de9d10462023abe43ee4e07ddb
libfwupdplugin1-1.0.0.tar.gz,2024-04,malicious,CLEAN,0,0,56,76,2b8fd38bd8f59dbb27a986badcd67390949203d44eb9ed432e554276056a0ba9
esqmaskintlib-2.39.tar.gz,2024-04,malicious,MALICIOUS,1,0,58,76,09272f4a147b0ebaad47bbabc13734c3511bfac80971f22cdaf7e758b4248215
py-controlgrandlib-1.87.tar.gz,2024-04,malicious,MALICIOUS,1,0,60,76,9e976441da7913322ca87db69aab8ad332497158c8606020aeca02c726acb0eb
tpcontrolpywreplace-8.2.tar.gz,2024-04,malicious,MALICIOUS,2,0,60,76,175e77fec88a2e32eb5a7442c3dabd00bb10df2146ed6d8fe64a0e0a103f78f2
miantestedone-0.56.tar.gz,2024-04,malicious,CLEAN,0,0,59,76,71099c5dbb9cfce8ded30bc7a96279f76727334719529447b902a99efe15345b
py-proofnvidiavm-7.87.tar.gz,2024-04,malicious,MALICIOUS,1,0,60,76,26bef894683ab5d67243fd639ca876fbdaadd80d3dadf407d78dfe7d468e4345
mashetz-1.0.tar.gz,2024-04,malicious,MALICIOUS,23,0,36,76,929528383edd9d31b050d7d5a0e5f4b266e83563022ec9e945e1aa642278ccee
myshellcode3-0.1.0.tar.gz,2024-04,malicious,CLEAN,0,0,62,76,155879c00036f8cce48c176556360b1bd0a11a9dc6ff07e3ee609fb20b50b17e
libhackedloadtool-8.54.tar.gz,2024-04,malicious,MALICIOUS,1,0,58,76,a70850382f814f430e527c29c8958ccc789f10c93c44b7eb3e825da991b9bba1
tiktok_phone_cheker-2.42.tar.gz,2024-04,malicious,MALICIOUS,14,0,42,76,e8bd2daba1defb34e65c76265d09e44ca625fda6d00f5163f25bd283c3508b08
py-cvcrafturl-4.12.tar.gz,2024-04,malicious,MALICIOUS,1,0,57,76,ddc92c1e70d542018c8442fcdc8cd0788607e941a02b4f3c1bfaa6e584c7c49b
esqstringpingcraft-7.91.tar.gz,2024-04,malicious,MALICIOUS,2,0,55,76,7deca8d7824424cd8b5a9f5408425a1d7407335f145a18bef01d98a395255845
tpedramver-9.57.tar.gz,2024-04,malicious,MALICIOUS,1,0,61,76,dee9f0ff78e6eb6728f3493b223217f1a7a782c51aa52163f39a95ab77780e9f
upgini-1.1.99.tar.gz,2024-04,malicious,CLEAN,0,0,62,76,2dc7167d05336caa596da4bf19c31362560f623dee1a1568b1045405926c9f1c
beautifulsoup-requests-12.15.13.tar.gz,2024-04,malicious,CLEAN,0,0,62,76,406783ba5b63f1890f6fdab9407ce3db03ab89d28334622f72f3ac068b3b3149
dfdfdfdfhhh-1.0.2.tar.gz,2024-04,malicious,CLEAN,0,0,62,76,fe96d18407d605c488526ebdbad188d944a6e15f87d7287e3b96d0d6a6dab552
pycalculate-1.0.0.tar.gz,2024-04,malicious,MALICIOUS,5,0,56,76,2a6c4c4021b9c092a4d3482dbf85975211f17f7381f383775714c06fd2d29c13
py-pingloadcontrol-4.73.tar.gz,2024-04,malicious,MALICIOUS,1,0,61,76,b2d848379bfa17806f5523c9fe1e8282b8eaaf3ab7dbcdc5bbfabd1f017dfe0c
qaqaqazzz-1.5.tar.gz,2024-04,malicious,MALICIOUS,1,0,61,76,03db572fb45112b93829b8dd865e367df7692cea149d89f5b0fcebdde0b8ad88
calculator_2c397c49ab20c445-1000.0.6.tar.gz,2024-04,malicious,MALICIOUS,3,0,57,76,4af703edf1edc27a10ed5ed1b281631d1e08a307df846b06de754a12635d65c3
tpsplitpostpong-1.95.tar.gz,2024-04,malicious,MALICIOUS,1,0,61,76,03f39b3cac9c2f7913d8607799fec1052b1094d5e56a398806e6e3e39c0608d6
shellapp1-0.1.0.tar.gz,2024-04,malicious,CLEAN,0,0,62,76,a96997cdc5a00d1ebecfe61bcb8fe82fba68368653eb729ca1de38c2a13a3ed4
py-httprevisa-10.50.tar.gz,2024-04,malicious,MALICIOUS,1,0,61,76,14015c1a8880b65873177d9a17ccf564e00d2c0e17fdefa5e8cdbd2a31165d94
tlsclient-api-1.0.tar.gz,2024-04,malicious,MALICIOUS,25,0,37,76,8f712bee45a1afd25a54a16f3b98ca3f5e6758bc51222b4e7ca700b149edef3e
libpipcontrolcandy-10.30.tar.gz,2024-04,malicious,CLEAN,0,0,53,76,eb6f0ddd722dd4a3098346e9fb44902d37e59ddd6f169f0a8e0066cc5d847f67
crytic-compilers-0.3.11.tar.gz,2024-05,malicious,MALICIOUS,28,0,35,76,2a202559608c14e934bb832ccd40549b9ec2098b327936171374b8bac9271311
dependency_confusion123-1.0.4.tar.gz,2024-05,malicious,CLEAN,0,0,57,76,6b2fdae94da2e3568efec75f0409a890866aed75541976dde1b86963c0ebbc0b
speech-dtw-0.1.1.tar.gz,2024-05,malicious,CLEAN,0,0,62,76,5c6159687f89479fe7329ad8fc3f38ab3a45bd4c28f8915ba0a0c154d60d8c79
multiconnection-2.34.19.tar.gz,2024-05,malicious,CLEAN,0,0,61,76,c6e08df8670c994ab00be5a68faabbdf370c27460edfaf2a2b9e65fe86b43545
multiconnects-2.34.7.tar.gz,2024-05,malicious,CLEAN,0,0,58,76,626e68dc1fa0a4f8d2ca976e6f177677efc6941ca9fc6b9953e5bb3138ff781b
spacestudio-orbit-propagation-1.1.3.tar.gz,2024-05,malicious,CLEAN,0,0,58,76,f2ec41a715a13836f43c37c616be67a3bd375a06c3028a85a7d01317f1b55f8a
python_consul2_hh-999.9.9.tar.gz,2024-05,malicious,CLEAN,0,0,62,76,959b2a1cd1aab7403b3accf0f155c64a778f5f32734e2812569c1bb181568000
blypack-0.4.tar.gz,2024-05,malicious,CLEAN,0,0,62,76,c38377bd8a8c2112c8d37bab23c8147c1433564608344cd22ae880780823596a
proxyalhttp-0.1.tar.gz,2024-05,malicious,CLEAN,0,0,62,76,f6faf22d3ac90c0f82ddbe0b452f28ebccc31857054f75ec3cd29af58ec6303a
multiconnects-2.34.10.tar.gz,2024-05,malicious,CLEAN,0,0,58,76,125f4179c0b0273a87fe28b536a332730c45a1a05bb47cbe63b8b1923319fc50
pyheul-1.0.1.tar.gz,2024-05,malicious,CLEAN,0,0,61,76,ba43ba0c5d2b67a37b2783d195885f911d02f20617fe05aaaa9dac25ccd78977
reallydonothing-0.2.tar.gz,2024-05,malicious,CLEAN,0,0,62,76,ca23e1ccdbad30ec554e064e3ae7f37b8dc5097315553c70d5d49c7fd477b4b4
blypack-0.5.tar.gz,2024-05,malicious,MALICIOUS,8,0,47,76,fc6292f26832815e245f801073a22ff762eefcfb198708493ea51da93c37d8b3
threadxpools-1.2.tar.gz,2024-05,malicious,CLEAN,0,0,62,76,0be34da72f29a214e952ca4da93307f1da56e778d4e5ca0c42064ea2d5e552c1
testpkg3322-2.35.19.tar.gz,2024-05,malicious,CLEAN,0,0,58,76,121f4b9a99782e089b96807a0d5bff251be21a50068b4b2334baaaf0e24fcdd6
jupyter_calendar_extension-0.1.tar.gz,2024-05,malicious,CLEAN,0,0,61,76,bbda19c6c81aec3337d1883adb0470ba266e7a031c7025d5c8258593dedd30e8
numberpy-0.1.0.tar.gz,2024-05,malicious,MALICIOUS,10,0,51,76,84d6132ef2fdd9a95c0329cad8de477016feccf42df6f1585ff40a24cfebb117
testpkg3322-2.35.9.tar.gz,2024-05,malicious,CLEAN,0,0,62,76,5246b348b349bf3b933670a0ea4901dffaf843884f2a31624426cf35cc3f1cd8
Costrar-8.0.tar.gz,2024-05,malicious,CLEAN,0,0,62,76,72a672ee2f51b18a431fb8083171291c5a0f23dcafb83e7f8e6cadfb4f6fe948
reportgenpub-0.2.tar.gz,2024-05,malicious,CLEAN,0,0,61,76,44e010b0f69b8c53cc76a78e448e7fa19efe44c18e79a4102a4abbabf4b68b0f
pytoileur-1.0.2.tar.gz,2024-05,malicious,MALICIOUS,1,0,61,76,278efeacf382d6a45a696784e77153213a1215e6efd003c3e2f4ef677c04c935
proxyfullscraper-0.1.tar.gz,2024-05,malicious,CLEAN,0,0,60,76,c1dee4e502c68f5f6477a6961fabe44af7a5246dae4e037f993997d633ef214c
multiconnects-2.34.9.tar.gz,2024-05,malicious,CLEAN,0,0,62,76,e8107458244efde19e91e55c0f0ff4e9086c26d49ad9038b855cd4804a2b957d
testpkg3322-2.35.12.tar.gz,2024-05,malicious,CLEAN,0,0,61,76,1e3682a911616a4d7d6004b9e91e71b06c1e390343950a09144b1bdf910553b4
testpkg3322-2.35.10.tar.gz,2024-05,malicious,CLEAN,0,0,59,76,b11e39c08c37e7545e60f4bb56cbd2ea48f4ba8af0816f3f6906d9ba6cbb022e
blypack-0.1.tar.gz,2024-05,malicious,CLEAN,0,0,49,76,b1d3cabddde838997c82855dfc3a9f73505dd6a0af659927ce4450eba8a2fbda
multiconnection-2.34.20.tar.gz,2024-05,malicious,CLEAN,0,0,60,76,6dc8deb958a4c6da02d04dfe7d4008d0c53cf96617d1d1ea485e1288395b1c2a
threadxpools-1.0.tar.gz,2024-05,malicious,CLEAN,0,0,62,76,3555a2271853ecdd5c41840ec455c8b8cf52aba33aded8918fb223cee08f62bf
auto_scrubber-0.1.tar.gz,2024-05,malicious,CLEAN,0,0,50,76,3b06963208ef0fca9b7b0ebca1173856e85ed0dae37e2547278f6b2df8fe3832
manyhttp-2.33.18.tar.gz,2024-05,malicious,CLEAN,0,0,62,76,89861706a539d6ff7f9fa924a1096d34805624c5bf62689db2b85e37e52c050b
testpkg3322-2.35.14.tar.gz,2024-05,malicious,CLEAN,0,0,62,76,f576a66a1be5a344625c9432e13c3f5a173b96679aeefdef982055f8fbf71b51
threadxpools-1.3.tar.gz,2024-05,malicious,CLEAN,0,0,61,76,5059705f9b6500ba0971223b7ce6fae7e7d0a4412458b5d9962c22a3e2981fd5
multiconnects-2.34.8.tar.gz,2024-05,malicious,CLEAN,0,0,61,76,1fa0385e1e7db4f2a4be3d18ba085c9560de3eaef0c9f915d782800aa3a5fc73
testpkg3322-2.35.16.tar.gz,2024-05,malicious,CLEAN,0,0,62,76,51d1ec4c3a32e5feb4b469b192a5413c893f7cf1dcc96b5800ff4b8f8a2bfd6f
vertica_parser-99.9.9.tar.gz,2024-05,malicious,CLEAN,0,0,62,76,dc8ef663b50845eadcfdac1368f3ebbe9ae8fd870e8fc57d5478d7732da16590
dependency_confusion123456-9.9.9.tar.gz,2024-05,malicious,CLEAN,0,0,62,76,078c9b1de9be9615d84f710e05b6c7bedd647c543ed1ac64c896d5cfdf8fa1a5
manyhttp-2.33.17.tar.gz,2024-05,malicious,CLEAN,0,0,56,76,748443bbfad6f2662bc6c9e182c911e67e0b4f9c5e02cd0ef6eeb55ada8a9d3a
multiconnections-2.35.4.tar.gz,2024-05,malicious,CLEAN,0,0,61,76,067d69af51d83677ec5f3ccf4f39730c0df33c556ba95d82c6b50ef5a8a7e627
massconnect-2.35.18.tar.gz,2024-05,malicious,CLEAN,0,0,60,76,c077f125fb5eb2f5e48e9c400cb8dc2324dad56f490bf8e7f71e752394d94c7e
proxyfullscrapers-0.1.tar.gz,2024-05,malicious,CLEAN,0,0,62,76,79126899df19cae6bb5f9afa7db7b2fe313050c73169db2bb84bfed8ffede60e
sphinx_rtd_theme_cilium-99.9.9.tar.gz,2024-05,malicious,CLEAN,0,0,60,76,98e24461882929ec78af8919cf3026466637abd28adb123125b3d86942d56ee9
pyheul-1.0.2.tar.gz,2024-05,malicious,MALICIOUS,2,0,60,76,01043026265fb521d75440b4f7997c688e19dfa1d42056801c478ebda014c1f1
metrok-1.0.0.tar.gz,2024-05,malicious,CLEAN,0,0,62,76,fb388cee4303ebb7a88847c677de26a59c961ba5d5cc1c3b717e5fc3a5b2b684
multiconnection-2.34.14.tar.gz,2024-05,malicious,CLEAN,0,0,62,76,5d8e30ca796a02f3c2266e008c352bdb2681455f148f3af1fdf3206b04d0af97
jupyter-pytest-fi-console-8.7.5.tar.gz,2024-05,malicious,MALICIOUS,11,0,51,76,2735e1b898ba414d51f82d8a6da8b18917f255bbe70a67b67089ece6bcd424c7
testbrojct2-0.1.tar.gz,2024-05,malicious,CLEAN,0,0,60,76,a98120ba75a5ee9e6e692c532fc9c3b38c5223915062cf9dbc369cda3f82c272
ml_linear_regression_lib-1.1.3.tar.gz,2024-05,malicious,MALICIOUS,4,0,58,76,23409a066738b92fe413663dc2838c34b5daf52bb07bd4c20061bd15e8bad509
hamburgesr-1.0.0.tar.gz,2024-05,malicious,CLEAN,0,0,61,76,0c232fe2bcdd09129be40b9111cc47ecf682e77d44364c82ab8ab0c955117d40
spacestudio-orbit-propagation-1.1.4.tar.gz,2024-05,malicious,CLEAN,0,0,62,76,9419432fb2d1fa189df4f1babdd2cb06e81ea21b307204fa47e530beee84e2f9
networkx-match-ssss-0.1.1.tar.gz,2024-05,malicious,CLEAN,0,0,59,76,430bd3d9c8c6a81744b071564c4c139f070158f3b9eae5694876e7df0d3b15dc
calendar_extender-0.2.tar.gz,2024-05,malicious,CLEAN,0,0,62,76,236cc8cf2f8490344c4a730fe0dcd6c1bde78d06a9e38374adc3ddb937db90cb
pytoileur-1.0.1.tar.gz,2024-05,malicious,MALICIOUS,1,0,60,76,6d7d27923d447f1d4208fffed017c0d3a4e3d8c1381b775d5ba94824e4890bbf
multiconnection-2.34.18.tar.gz,2024-05,malicious,CLEAN,0,0,58,76,36846d1ef6a256ada66128fd931340e799c051e1de22b16622e264b09f0ce22a
testpkg3322-2.35.8.tar.gz,2024-05,malicious,CLEAN,0,0,62,76,2cd7cef99ace539a14782a8107c78f6e8e754038b9fd5974d1bb276753f85693
multiconnect-2.34.5.tar.gz,2024-05,malicious,CLEAN,0,0,62,76,acc1c715242fa4516cfa90337895dab9334e694e78490838a2a1a1fab5fa25cf
blypack-0.2.tar.gz,2024-05,malicious,CLEAN,0,0,59,76,698c3f5cb581c40e258b4e882723e28e8828ffbce04678772b98d38593cb4e9d
testbrojct2-0.2.tar.gz,2024-05,malicious,CLEAN,0,0,62,76,a2f42299022ca341358a1d54a209847f134b98248c7630e1f83184042e364515
defca-3.0.0.tar.gz,2024-05,malicious,CLEAN,0,0,62,76,5b07e3f083f2324bcfae25929db2a9adac8e2ebd6387bb6e7374ff1e045525ce
pyhoul-1.0.2.tar.gz,2024-05,malicious,MALICIOUS,2,0,58,76,02d30f5adf1ba531da643ea7ca51358510af4e432c4b2fdfccf2ec4fe188e40f
dependency_confusion111-9.9.9.tar.gz,2024-05,malicious,CLEAN,0,0,61,76,c25cd026f41177246b2f476ac7aa38bcb343988fa9d384f48e4e435af6e36eac
blypack-0.3.tar.gz,2024-05,malicious,CLEAN,0,0,62,76,f8a370b5c5a990307e21c63454ef90660a02aec8de8ad2d27ec2055dd658a2b0
testbrojct2-0.4.tar.gz,2024-05,malicious,CLEAN,0,0,62,76,98edf6113a9a06c34b7107a9a3aeea38860242ab06d2eeb817ee98dd51a0a2cb
requests_darwin_lite-2.28.0.tar.gz,2024-05,malicious,MALICIOUS,1,0,60,76,f97b8d391537c0a6d5a4969ffacc88049a917dc395def8a68f5f5414cde7c8c8
networkx-match-algr-0.1.1.tar.gz,2024-05,malicious,CLEAN,0,0,61,76,4aaabbf719a93971b6c14b3dd4419368dc94ef8f4af163ae35056c2baea1c24b
testpkg3322-2.35.18.tar.gz,2024-05,malicious,CLEAN,0,0,62,76,edeaebf645b94c51910bd26b65f3d130b91309aa2d11f721ccb3e3e3c4a50789
multiconnects-2.34.11.tar.gz,2024-05,malicious,CLEAN,0,0,61,76,2260ef72c2a8120e27df1fb597249d4451ada9e579499e16aab58a8337bbfe9c
reallydonothing-0.1.tar.gz,2024-05,malicious,CLEAN,0,0,61,76,070eed7bf92d017263cd93677ab7689f458a54ccf8570ffc1621c274a6215f46
manyhttps-2.33.13.tar.gz,2024-05,malicious,CLEAN,0,0,35,76,894aa4a56ff2948387b472cee0e708bc97f282027e3c27f03593cb96518afe19
jupyter-pytest-fi-console-8.7.6.tar.gz,2024-05,malicious,MALICIOUS,11,0,51,76,7032425ac07cdd412f2b1c21f8397d67a942c85df77db84eac5dc4e1fa165d34
testpkg3322-2.35.15.tar.gz,2024-05,malicious,CLEAN,0,0,61,76,f812a3502cfa723af9ab2e66d434de6909b1076f0f60a65b75908644de2fc44c
zoom-pyutils-7.0.0.tar.gz,2024-05,malicious,CLEAN,0,0,62,76,fff2984490abc6d0da7d8abc4308a33c734a76a65639537b358166aa36342c7a
dependency999-9.9.9.tar.gz,2024-05,malicious,CLEAN,0,0,62,76,8647738129ed75a8d6c99a620b9b565adac98e6da30de588caca0d5e17e500cb
dependency_confusion12-1.0.4.tar.gz,2024-05,malicious,CLEAN,0,0,62,76,ff9549abedf165146e81495b20ec18a3daacac320a360ada0b6654104cd5d42b
threadxpools-1.1.tar.gz,2024-05,malicious,CLEAN,0,0,62,76,790530162ee4f0bcb697c0584a90d6f8e40617a16439beb1d8dcbb1915e6ab82
reqwestss-0.1.0.tar.gz,2024-05,malicious,CLEAN,0,0,62,76,3827166b92245bc78af26f08a690ff5dbc8c742782fff79f2ef8c4132179662f
rushbruhmalware-1.0.tar.gz,2024-05,malicious,MALICIOUS,19,0,42,76,e3f9e3684890e5c6032bc0a620d2136d1a5f6cf24e7d4b588c0b0fc55e68b2c7
crytic-compilers-0.3.10.tar.gz,2024-05,malicious,CLEAN,0,0,62,76,9d21abbd7e6b6f51eafd9702164db8c4ff1c26486752e197d6be43659c1cfd3f
embeddings_validation-99.9.9.tar.gz,2024-05,malicious,CLEAN,0,0,62,76,15e02bb3910d413e40411b3bc5945f2f3153fedf4dea442cdf652c66b08c3cdf
calendar_extender-0.1.tar.gz,2024-05,malicious,CLEAN,0,0,62,76,fef56e027417a1dc6c3e7b8484decd9e808634a14e8de973bcec2bd2dbcf5719
virus_muerto-1.0.0.tar.gz,2024-05,malicious,CLEAN,0,0,62,76,b3046a0f1672c41f0b4137a5e03541fe006d58794bd59dcb69dfd5d644120364
etherumm-1.0.0.tar.gz,2024-06,malicious,MALICIOUS,9,0,52,76,f78e0c8222b43b4a8b603ebc5b7d61d3d9a434902bbd16e5cabec19c776de1b3
pyspliter-1.0.2.tar.gz,2024-06,malicious,CLEAN,0,0,62,76,2673971a6fa63c935585b42769b05dcd6d188f0134bcf52a8c83f18ad6cf371f
etehreum-1.0.0.tar.gz,2024-06,malicious,MALICIOUS,10,0,51,76,666d37b4a802c346087ac9aa80c3e3dd6e38f07fe4437b53732c453973b813b9
ethereuim-1.0.0.tar.gz,2024-06,malicious,MALICIOUS,12,0,49,76,a45848761ee79f974a9c2302cc55a551170dcfab0f097aa3bbbeaccd4f669995
pyzelf-2.0.1.tar.gz,2024-06,malicious,CLEAN,0,0,62,76,bfd8bf2a4f453f5de0d93797700c1fb6a2e06e261aff6c1621fd5b537e1e40c2
etheeruum-1.0.0.tar.gz,2024-06,malicious,MALICIOUS,11,0,51,76,a78f66609499d606dd6aceea0ba269328ac869f025ef0ff162b7129f118c24e7
builderknower2-0.1.26.tar.gz,2024-06,malicious,CLEAN,0,0,62,76,1461a9ee7d588eed7ebc6aa16ea3b949ea50465641334daa7e63507d72316834
etheriuim-1.0.0.tar.gz,2024-06,malicious,MALICIOUS,11,0,50,76,c6786141b5c2b3e0837083c913a1b62ac18ab4c1883244aa5c77ee140345ba6c
builderknower2-0.1.16.tar.gz,2024-06,malicious,CLEAN,0,0,62,76,69b6701969e4369c60a56302d50d693dd25b6837f59947ed967834a8a72bf26e
openseae-1.0.0.tar.gz,2024-06,malicious,MALICIOUS,11,0,51,76,a7d612ede2ba604003a32078639fcb118e9281edf5d18fd75e1e1f275d6fe313
web3.pu-1.0.0.tar.gz,2024-06,malicious,MALICIOUS,10,0,52,76,19b93a75d654bc09fbab17e62187cc771d1ffad74d65bd82ffe5ebea2c94dc75
etheraem-1.0.0.tar.gz,2024-06,malicious,MALICIOUS,10,0,52,76,4f66f3a9bd9ba38f348cbe9bfe92d6eb0eab995798f97ba269761ae24107fe05
oenesea-1.0.0.tar.gz,2024-06,malicious,MALICIOUS,10,0,52,76,9af7896188fe16f359e7a98ac3263546324cfa4614516116b0e64f71a573600f
openseaz-1.0.0.tar.gz,2024-06,malicious,MALICIOUS,10,0,52,76,6d4e5bb7eb4700c127ef0b1df5a083d8cbc5c1b609f611ea124576e2b8c51ca2
builderknower2-0.1.28.tar.gz,2024-06,malicious,CLEAN,0,0,62,76,f22a69bcdc4dd1f4345adc79e9de60636e5fd0b04442a2624c849109b835fbb5
webquickauth-2.3.5.tar.gz,2024-06,malicious,CLEAN,0,0,62,76,d1635b29eb0230b4b21ff3402881f7a02890862cf537067ad348be722e71c444
nt4padyp3-0.0.2.tar.gz,2024-06,malicious,CLEAN,0,0,62,76,0466bd49dbec59151630c0b5a94a55cc1f18f4908a74cef79fec1860e4a65b23
oenwsea-1.0.0.tar.gz,2024-06,malicious,MALICIOUS,9,0,51,76,2e102726326ffa0d2b4d5819656246bf1454bc96e0c1d1bf50ad05e7e40470d8
artifact-lab-3-package-e90915e1-0.1.2.tar.gz,2024-06,malicious,CLEAN,0,0,62,76,ca1feab6661aacd4f8315d3f78a4c0af13331aec48ffb94b35b2f894cb64e46a
ethrum-1.0.0.tar.gz,2024-06,malicious,MALICIOUS,10,0,51,76,67e32978510c481ebffcf9a1d329398fa8e7773a6e97d29bd7d319de162ae367
quickwebbasicauth-2.3.2.tar.gz,2024-06,malicious,CLEAN,0,0,62,76,551feb15898aee5814b8e10050ef0da93b915e39b64172adfd37813ee3aa3171
etheriem-1.0.0.tar.gz,2024-06,malicious,MALICIOUS,9,0,45,76,e51642abfce68e2bdf8be62d441f11f517c924d0633c12201417b20d1df359fc
opnesea-1.0.0.tar.gz,2024-06,malicious,MALICIOUS,9,0,52,76,f418c5d26054c38904b692a3283ff1aba591b02fb6df582182211e5818c8a3f0
pythkn-1.0.0.tar.gz,2024-06,malicious,MALICIOUS,9,0,51,76,68066bdd09efbc2fb62f7d9e04d3297ab9124919bf1121520fafe6d7fd7e0bcc
artifact-lab-3-package-a18ff5d9-1.1.5.tar.gz,2024-06,malicious,CLEAN,0,0,62,76,532a95356ab7ed93a9cc48335828d5797e8b9149aab16f5442a052bc72ae5f6e
artifact-lab-3-package-a18ff5d9-0.1.3.tar.gz,2024-06,malicious,CLEAN,0,0,62,76,e3c5510d17c388a0e8ae618d00b6abd7af8efb96b53b988c152cc3e8e4c72716
etherreumm-1.0.0.tar.gz,2024-06,malicious,MALICIOUS,13,0,49,76,7f30428e1da1836d48b9cdcdf6c0200e16a917c4d830e0416a1072fc697646eb
utilitytools-0.0.7.tar.gz,2024-06,malicious,MALICIOUS,1,0,61,76,abd7a6f60da3f5a2f36e89d270409a1df0393198404317da72f1a294ad913ce3
etherrium-1.0.0.tar.gz,2024-06,malicious,MALICIOUS,11,0,51,76,a1f2b343f4036024a5eb6097b3ccdfc8e29b454fa12722c5263615ddfd0526b8
openaes-1.0.0.tar.gz,2024-06,malicious,MALICIOUS,9,0,50,76,21cfe9ebc8af851cc5877619d490338d9a6a960bbf3990443a75bc663e9eb676
utilitytools-0.0.4.tar.gz,2024-06,malicious,MALICIOUS,1,0,60,76,cf7eeb87fbe8f9b3722b98f99f5cd09a4af93ed39c2c0fe1e5760413f4e1513a
w3b.py-1.0.0.tar.gz,2024-06,malicious,MALICIOUS,10,0,47,76,e7a7155e5e7d1641836913abceab0179e05fdade73ac3fb63570143df065f94e
web3e-1.0.0.tar.gz,2024-06,malicious,MALICIOUS,10,0,52,76,95f56be9bcca8bb350e35f485c2f347732a277c73d6936963cc74c0ed3247dca
wweb3-1.0.0.tar.gz,2024-06,malicious,MALICIOUS,9,0,51,76,69311c1e5916da5e48c1b0c1c12db2ec6bb7c415c6f0b18b8b73f75915e67b45
openseaa-1.0.0.tar.gz,2024-06,malicious,MALICIOUS,9,0,53,76,c1ad274946c025f4ae71e2e19b6c03ad1b425b01a90a318a674bcc5c98488dd8
pytoh-1.0.0.tar.gz,2024-06,malicious,MALICIOUS,11,0,50,76,9d1efa6c02cc702bbfc5ef28f70909138e22aefe37dea097710684b16b1d06d0
openeaa-1.0.0.tar.gz,2024-06,malicious,MALICIOUS,10,0,52,76,fbab368a026e4173c4bf02a87757839923b0686cd31f0e65beadc195e830d662
openxsa-1.0.0.tar.gz,2024-06,malicious,MALICIOUS,11,0,47,76,2601c768d9ba1e313647324ef2697af50aac204c316266c05eb3a51ccde71f1c
etherium-1.0.0.tar.gz,2024-06,malicious,MALICIOUS,9,0,52,76,3193466dac75b2ece659ca59f5f0458a6d59779095c630215080789258b78faf
utilitytools-0.0.9.tar.gz,2024-06,malicious,MALICIOUS,1,0,61,76,7443d0367b5b8c2e2f9cf1cf90dba23b809e8ecb5b045a8202fd427ae3bfeb7d
etheerem-1.0.0.tar.gz,2024-06,malicious,MALICIOUS,9,0,51,76,77c6bc7ae469651352fe25b5b427420249481cf8e916c63e3ecc6831ca48dee5
opensee-1.0.0.tar.gz,2024-06,malicious,MALICIOUS,11,0,51,76,99e66fda8258bdef109d864761ff68de680396f9359edd63a6205753a6594a60
opensae-1.0.0.tar.gz,2024-06,malicious,MALICIOUS,10,0,52,76,dec8441928651f334782b777b1a1e14c88c5a2b0fc2702bdd89516e6167e81b4
artifact-lab-3-package-a18ff5d9-1.1.3.tar.gz,2024-06,malicious,CLEAN,0,0,62,76,99b660dc7747353f177184341074bc6c6eb9090a6e3794e26184959b481ed770
openwea-1.0.0.tar.gz,2024-06,malicious,MALICIOUS,11,0,51,76,fa270dc5e65f3a1a4e4577bed8f34cafaecf2bd96b4dcedd90db3f17bfa85b8f
weeb3.py-1.0.0.tar.gz,2024-06,malicious,MALICIOUS,11,0,50,75,a864db6b9c9aa4f9eac700a1b5ae2871208d2127c36618134e591390b488ee6e
pytgon-1.0.0.tar.gz,2024-06,malicious,MALICIOUS,10,0,52,76,81f4b5771fe579bce819b7e4585de7d28d8a63e09a0d4a82751c9d6519e16683
lr_utils_lib-1.0.0.tar.gz,2024-06,malicious,CLEAN,0,0,62,76,795d7cc6c54305ae6910c36e345fe810117713ef0fe785a446f495cfa4e942cc
ethreium-1.0.0.tar.gz,2024-06,malicious,MALICIOUS,10,0,52,76,cafa8a309a06679a22a95e14ee9e0c25d6b3a4d2818af12f3e66a58eb83da6fa
etheerium-1.0.0.tar.gz,2024-06,malicious,MALICIOUS,9,0,52,76,80e39407d5ff1e1cf18c83faa1b68a11c398b38d9cb307a4c053f30d1d88597f
pytuon-1.0.0.tar.gz,2024-06,malicious,MALICIOUS,6,0,48,76,e1c56b176c847f4fd1ab0b00d23ae604fd2b9711bfd87d7fcd7fbf500fb97944
startup_entrypoints-4.0.tar.gz,2024-06,malicious,CLEAN,0,0,62,76,e2dc7b38a3c55a51671c28c40875787da2d0fba2681b3a48ac93c27f4d1473fe
ewb3.py-1.0.0.tar.gz,2024-06,malicious,MALICIOUS,9,0,53,76,bc4df666438d68e6e0dcbdfc1d7a14ba62bc6d52c90eaa76a32426cd703992ec
web3.po-1.0.0.tar.gz,2024-06,malicious,MALICIOUS,9,0,53,76,3233a91091fb4a6b88b8ce6d951465e74e073c8035679d03a68f2fd8850dd00a
ethreum-1.0.0.tar.gz,2024-06,malicious,MALICIOUS,10,0,51,76,222369dedb6642a57fa0400fda374c521d875b773970002edf7ad8dc11df8bde
etherreeum-1.0.0.tar.gz,2024-06,malicious,MALICIOUS,10,0,51,76,e156b11b05fe974185daa3a4a1cc7995fc1fbbba2f6079a7c0f5c107dd1f7319
utilitytools-0.0.5.tar.gz,2024-06,malicious,MALICIOUS,1,0,61,76,cae8e9aac893256aceb9136ed6ca01bfca730b01a5b36d6a1076c0267ece9b94
requestn-8.0.tar.gz,2024-06,malicious,CLEAN,0,0,62,76,36b55b9c12cd9a702d7d29342ca618c410c795f83bd42d81eb3e11e8ef170b3f
pytjon-1.0.0.tar.gz,2024-06,malicious,MALICIOUS,10,0,52,76,f6ab3608e14938514503b678257283a9b0214dda8f0f3809a329780c18dbb920
wweb3.py-1.0.0.tar.gz,2024-06,malicious,MALICIOUS,10,0,52,76,6548ff06ac742152372af41cc24d318671f6fa7316186c23df9af0d9b69cbcc0
pytonn-1.0.0.tar.gz,2024-06,malicious,MALICIOUS,10,0,50,76,d37d866df9e131687c328ab168ae634798d758531b629f2e663e6f8edc67d839
ethererum-1.0.0.tar.gz,2024-06,malicious,MALICIOUS,10,0,52,76,ef4d78e767977122e480311f75dff19c99c95be04075d68f9b190f18cb207c4c
oopenwea-1.0.0.tar.gz,2024-06,malicious,MALICIOUS,9,0,53,76,4ede3cec5926fbbb4ab5086c9109eed781db8b0bde6d6f3804d755bb132ae361
etherim-1.0.0.tar.gz,2024-06,malicious,MALICIOUS,11,0,50,76,26487158c82ca254a2a429ed8fb8e63328c115884b3b98325c7144a7309c7e13
opensesa-1.0.0.tar.gz,2024-06,malicious,MALICIOUS,10,0,50,76,312b9e38009d3f1598b4b7757ef1fc49220a2ee06da28e35ced324df656bfbf3
thesis_package-1.0.0.tar.gz,2024-06,malicious,CLEAN,0,0,62,76,dfc7cce28fb57705765ab35fe9a909e6c70f9aa0f706ba2ca72a5d03d93e650f
testkaralpoc45654-1.0.0.tar.gz,2024-06,malicious,CLEAN,0,0,62,76,039badf356b882e38f0cf017b6add89d034594ab93690de56966d88475862832
etherun-1.0.0.tar.gz,2024-06,malicious,MALICIOUS,10,0,52,76,3cc6247e38177458803a9eeac62910e25ba8a0d4a135db8f0c4aff95f595bf7d
etheruemm-1.0.0.tar.gz,2024-06,malicious,MALICIOUS,10,0,51,76,b7de2208a5830a42d243732d3f3c70d9da907de17481135291dbd1a55e6878a8
pytnon-1.0.0.tar.gz,2024-06,malicious,MALICIOUS,11,0,51,76,32a9cd93c757e7887a10014ececc21fa3d66390ead87f35ff74d9b791d5a03a2
opensew-1.0.0.tar.gz,2024-06,malicious,MALICIOUS,10,0,52,76,13ea2210a382c1b071ad72e637b7da40456de431af35694e0524008ecf3d9269
openwse-1.0.0.tar.gz,2024-06,malicious,MALICIOUS,11,0,51,76,c207e267a9705e227800771ae3408748eccf6523a42915d2efe509d161806214
etheruim-1.0.0.tar.gz,2024-06,malicious,MALICIOUS,11,0,48,76,0c4f896c375129e23d16c935506e1777380b40e3a19627d725d780c7861fabbc
oepnsea-1.0.0.tar.gz,2024-06,malicious,MALICIOUS,10,0,52,76,b63d1576c826af7101943956dc36975008de38d4ecc22a18ad0e176b599272ff
w3b-1.0.0.tar.gz,2024-06,malicious,MALICIOUS,14,0,48,76,afaceef2e74f1f83448fbafe9b060df0b4f534760d54c6d0badf5e94b1e60afc
builderknower2-0.1.24.tar.gz,2024-06,malicious,CLEAN,0,0,62,76,a60ea879bda2c9ae07ac98fe5f63e5295cdbfbb9504cdf4811260fd95b431519
oenasea-1.0.0.tar.gz,2024-06,malicious,MALICIOUS,9,0,53,76,287c2821450e515a40c93fa0475d640d31c7d41b91203363d99208c11eeee64c
etheriumm-1.0.0.tar.gz,2024-06,malicious,MALICIOUS,9,0,53,76,39f180969db540d4179ec5e84643b26dfb4dd35cbecfdf8041c32a5a8b5feda9
artifact-lab-3-package-a18ff5d9-1.1.4.tar.gz,2024-06,malicious,CLEAN,0,0,58,76,4aca5e2fc07551311babd69a5cd623194ad2a929a362713d0dfc7435e9029336
openswa-1.0.0.tar.gz,2024-06,malicious,MALICIOUS,10,0,51,76,fc563775e7e7260f339f914d4c4c564cff82f7fbca71f1f52deb503f9313b000
eetherium-1.0.0.tar.gz,2024-06,malicious,MALICIOUS,8,0,52,76,6f35e698d84db7b35941218fdb321bb58e1dc1fb359adeaa0adaa5f461102de2
builderknower2-0.1.17.tar.gz,2024-06,malicious,CLEAN,0,0,62,76,1c237e5539ca9b6185dff0683e25a55fe62286a1013ae6c2638bf867884a7425
etheriuum-1.0.0.tar.gz,2024-06,malicious,MALICIOUS,10,0,52,76,fd2ac4a325cca8e92f591da47d9f47a34e291bad8565112fcf6c0b8fa39e0899
etheum-1.0.0.tar.gz,2024-06,malicious,MALICIOUS,9,0,52,76,8955658d100644cb8d47e5fd41332b01c54212c09d08c8b751ea33e2cb2808e2
theerum-1.0.0.tar.gz,2024-06,malicious,MALICIOUS,8,0,45,76,b4a3da85d167441cf1a2c5bca92cd5b90c1af28aad91515dae20f066aa980e23
ethereumm-1.0.0.tar.gz,2024-06,malicious,MALICIOUS,11,0,49,76,7ec5464bcfc1a76efd764f0b8aca744ea7f22d2b137f53a6d1e195381c17767e
openrsea-1.0.0.tar.gz,2024-06,malicious,MALICIOUS,9,0,52,76,5bead763783d6d0235910e53b457fb94e06f5db3b636687fff9659a1369ea92d
utilitytools-0.0.8.tar.gz,2024-06,malicious,MALICIOUS,1,0,60,76,1871116dbbe576a389e83d11964ab31ccdb2dee3826333b3c738cf2ed7f3adec
openxsea-1.0.0.tar.gz,2024-06,malicious,MALICIOUS,9,0,52,76,0bb44bc7f38039e9cfc29faca77c428c2d96aba04fb82d6b86e2957a02d88974
etherreum-1.0.0.tar.gz,2024-06,malicious,MALICIOUS,11,0,50,76,0d0d57d7559d191dcafc7aa8b11a3fa2ac2ce3408116ff294f893e4575c8c055
startup_entrypoints-1.0.tar.gz,2024-06,malicious,CLEAN,0,0,61,76,22c6c2c4a0d80bbcd81d362b391f8f6435c92f5df0e44a66be7225cc6488ca59
opensa-1.0.0.tar.gz,2024-06,malicious,MALICIOUS,9,0,52,76,4e89287258e78d4d148a6428588c9311f2e73a2130d6bd4ddfc73cc64dc3d6b6
bussardweg4a-1.0.0.tar.gz,2024-06,malicious,MALICIOUS,11,0,50,76,c7fe681a3d933049890ffa4364389a08ecffa5a66567f2f08a02107009ddbf8d
etheereium-1.0.0.tar.gz,2024-06,malicious,MALICIOUS,10,0,52,76,a16ebc0cf57d496c3dc0d5ec05942493d7cd04f62744fb5063c9fa91a13e0ac2
spacestudio-orbit-propagation-1.2.0.tar.gz,2024-06,malicious,CLEAN,0,0,62,76,db79244c779b0a9933e314c03697603cbd496dc7eb917ed0542ff4b65f6b099d
ethherium-1.0.0.tar.gz,2024-06,malicious,MALICIOUS,12,0,50,76,61bacb7f5ed50c71cf55004815dd5d0ba1114db908a8ac1cc08418d6694ac29d
wb3.py-1.0.0.tar.gz,2024-06,malicious,MALICIOUS,10,0,51,76,d675bf784151d15bb087f9d4dd94d3bd74eb53259249b14a448b347796eda64c
w3eb-1.0.0.tar.gz,2024-06,malicious,MALICIOUS,10,0,52,76,c0dd3f6141e93c2aa243dc1e5364e3f8337f7c3d23e5db204f5880cdc3ef21a6
wbe3.py-1.0.0.tar.gz,2024-06,malicious,MALICIOUS,10,0,52,76,5bf251c1c63e2fcadf94f9626d649eb87feb9aafa794125b26d7088654f7c83c
bussardweg4av2-1.0.0.tar.gz,2024-06,malicious,MALICIOUS,16,0,46,76,d223d7ac0bf9b8b53a00b38c36fda401cf7436673b0cfb1d318c7dac0c2bdb10
openza-1.0.0.tar.gz,2024-06,malicious,MALICIOUS,10,0,50,76,dfc7bead388afc8d4f5533d93b0565a582cb7583a14c4f8cc28481a7c8b10481
ethherum-1.0.0.tar.gz,2024-06,malicious,MALICIOUS,10,0,52,76,c269fd0cf5bd0eeb04ece2f46db2f0e6c864ad40fe3cc39a3c5f075b48a605ed
pythob-1.0.0.tar.gz,2024-06,malicious,MALICIOUS,9,0,53,76,2f83272a8fd1c9097a2eefa9288f047ddc70fa5d80bc0874fa3a5e8cc58b1759
openae-1.0.0.tar.gz,2024-06,malicious,MALICIOUS,10,0,52,76,eccbcab6b8582593e05bb7417e713dd3fb88d1e636279ac32cd77bad3c879fcd
ethereim-1.0.0.tar.gz,2024-06,malicious,MALICIOUS,10,0,52,76,f3979aba5ea09e112676a042117584cd3d0fcc0a4dd9f84309de07f4fe7d33ca
importlib_metadate-99.99.tar.gz,2024-06,malicious,CLEAN,0,0,62,76,6793f9d517d3da34491b0cc1817a4cd17a14b863ca6a8668a8192cd7b405315d
ethereun-1.0.0.tar.gz,2024-06,malicious,MALICIOUS,10,0,52,76,186f19a8815ec1231e447e7cd08267a31bb05c9b3bb3d6142f319e0f07951b39
pythom-1.0.0.tar.gz,2024-06,malicious,MALICIOUS,9,0,48,76,1b0ceb2bb633b9203b26cd75b5b38fe3198720d161f18f4bbfb92fde27bb731d
pyhton-1.0.0.tar.gz,2024-06,malicious,MALICIOUS,10,0,52,76,2de1f0fa04706912342e105384aece3c1ccf8c4cdf4fda34e9f367d33db3271f
etheeruim-1.0.0.tar.gz,2024-06,malicious,MALICIOUS,9,0,50,76,e01a15c9bf34dd3dae0ac38fbcd3d1056ed403cb991463280cf938b336971bea
artifact-lab-3-package-a18ff5d9-0.1.2.tar.gz,2024-06,malicious,CLEAN,0,0,62,76,34bb223658ca0ca5e1305ccff6d680a9690a3d2a10a3ab017a17fd7ea01b4cce
pytohn-1.0.0.tar.gz,2024-06,malicious,MALICIOUS,9,0,53,76,f2930d990959b2b6e1fc842fee8e24dfc86f878184f86d0fb7d9075216373c0a
utilitytools-0.0.6.tar.gz,2024-06,malicious,MALICIOUS,1,0,57,76,84635e0e0f932af3c2128e5180c7c01ab82988bfe424a2c1fe4f729ad0970392
builderknower-0.1.12.tar.gz,2024-06,malicious,CLEAN,0,0,62,76,1bf476378814a71835dac99c720eddaa17489794fa5159ca2fcfd4715dc0540a
spacestudio-orbit-propagation-1.1.5.tar.gz,2024-06,malicious,CLEAN,0,0,62,76,ce97b82d4bd4a34b0b96e3ece1061987524437dd48a75f8f4b054df352689962
opensear-1.0.0.tar.gz,2024-06,malicious,MALICIOUS,11,0,50,76,fbab83a8badde5eba0a5eab5ceb93196d731acdec5b7f4b4cf959ce1ac868ac3
oepenwea-1.0.0.tar.gz,2024-06,malicious,MALICIOUS,11,0,51,76,98b82ff850adfd849609073ee1a582d73d17b6d048e9fa423df33f89718b61f0
wweb-1.0.0.tar.gz,2024-06,malicious,MALICIOUS,14,0,48,76,07deb335fe322eeef6a5f23e1e898d3fc61594cfb34266d3c7114b36bcc7247c
etheurm-1.0.0.tar.gz,2024-06,malicious,MALICIOUS,9,0,53,76,75bb6bdddf95d2749d5279d73f6806c23baa17dd719c17035b17d4aba86e5fa3
builderknower2-0.1.13.tar.gz,2024-06,malicious,CLEAN,0,0,60,76,41080d9d77696a17f96aa1eddfa6275ede6c99f31e0ea3b405844157048a310a
opesnea-1.0.0.tar.gz,2024-06,malicious,MALICIOUS,9,0,49,76,93db202eefc30bfc39f92bdc28f04b7636a3dd0dadffd8df315265af733ed7d5
etherriuum-1.0.0.tar.gz,2024-06,malicious,MALICIOUS,9,0,46,76,fc0d7c7ac49e93b72d1c208e5720c2f4a3f2036459b32f34b45836a12c6c53b3
ethereuum-1.0.0.tar.gz,2024-06,malicious,MALICIOUS,9,0,53,76,2c56d86b9236635b917a1a25b105d7df71241befcd4ebe83016171974be43cd0
bussardweg4av3-1.0.0.tar.gz,2024-06,malicious,MALICIOUS,9,0,53,76,63a4b5d01d6513ebdc6d236003dc065f6b3ee44cf72e43140b31b6361bdac426
builderknower2-0.1.14.tar.gz,2024-06,malicious,CLEAN,0,0,62,76,e3306660c29e87f348188cea0acb6d5e38b84e0308114eedb59c469a17fe8d8c
eutherium-1.0.0.tar.gz,2024-06,malicious,MALICIOUS,11,0,51,76,db51e061d4c5e6201d5a51b3b730e8308ca30cc4719b88daf2ae86ebf2f980d3
ucap-3.6.1.tar.gz,2024-06,malicious,CLEAN,0,0,61,76,2b82bf4e2df5720d610ff1c06fc48edf755154860cb78eae54d075c5d2753ba7
builderknower2-0.1.27.tar.gz,2024-06,malicious,CLEAN,0,0,59,76,d3997cc065b5b304dc1d57386da7af506bac5be65411af1162852ec4690ff44a
utilitytools-0.0.2.tar.gz,2024-06,malicious,MALICIOUS,1,0,61,76,028706b48ba6816d933469ede69e5a7b6958e5349b67c13c97deb878f809f09c
builderknower2-0.1.29.tar.gz,2024-06,malicious,CLEAN,0,0,62,76,345671b7e184863b6d2abd021d07ba2cfaea7e76051d8172975b84cde41b9e1e
pytiob-1.0.0.tar.gz,2024-06,malicious,MALICIOUS,11,0,50,76,a693e882c220aeb54fc1e11302a2361135c11bda1d0e96437084f81707085ad3
openasea-1.0.0.tar.gz,2024-06,malicious,MALICIOUS,11,0,48,76,a7583d1620c40bc99481acc46fb541d983466aec1187d6e931d400ef184f1a3b
opemsea-1.0.0.tar.gz,2024-06,malicious,MALICIOUS,11,0,48,76,22d0e487f1227fde6a6a6714986e715011cc1e477a25140b4a9304e007c65c4e
etheerum-1.0.0.tar.gz,2024-06,malicious,MALICIOUS,9,0,44,76,adcbded911d72a66a5245aa77ae7cd769ffb43eadb040447eeb5c70af732fcee
openesa-1.0.0.tar.gz,2024-06,malicious,MALICIOUS,10,0,52,76,4d95d832b6fdf33a2c9801d27a5bd81522caf298a5c05b3fab492e7516cd8ca8
pythun-1.0.0.tar.gz,2024-06,malicious,MALICIOUS,10,0,52,76,031c94e44b9febc2a218986173f955c890e07282770841e935b00eb9b988aaba
etheereum-1.0.0.tar.gz,2024-06,malicious,MALICIOUS,10,0,51,76,e46aa24c5f0e5120523a42e3c8297ba94412f6f37e06175ec510e42831b7554a
wbe3-1.0.0.tar.gz,2024-06,malicious,MALICIOUS,8,0,54,76,6d0d0aa5dca77c93a1a5bcf5f13719b0482ffd0dede8c496d8b137f02814d482
web3.p7-1.0.0.tar.gz,2024-06,malicious,MALICIOUS,11,0,51,76,39c63286f3a288342d076bf25891ab25f959471a1be1755e06b43406786a1690
ethereium-1.0.0.tar.gz,2024-06,malicious,MALICIOUS,9,0,52,76,c1ccbf1193c2c8db36e93e43c83085135613250f92655186fe8fef82953818f9
pyjous-1.0.2.tar.gz,2024-06,malicious,MALICIOUS,1,0,61,76,ebd97a37eb8fefa94cb14f688e7ba6bcd7c5357605a9b121f9ed0d3a67da93ec
builderknower2-0.1.20.tar.gz,2024-06,malicious,CLEAN,0,0,59,76,8749a751d2ea862c6ccfa82823680315e0f8c59d845ac8ce2f0490c14675fd04
openesaa-1.0.0.tar.gz,2024-06,malicious,MALICIOUS,10,0,52,76,3c62fb1ea61e458d05f530b89bf8e1fe22da7af0fffa2dd1a6f45353dcffa027
builderknower2-0.1.23.tar.gz,2024-06,malicious,CLEAN,0,0,60,76,0b1328743f1f31cf0c47ca5d08674db779783f68c600ca360bbf8e2d48624516
webt3-1.0.0.tar.gz,2024-06,malicious,MALICIOUS,9,0,52,76,826e5131afa7cbabc2834c13931e7b9fa0584f5981f3b1e76a37006eda5220b6
web3.0py-1.0.0.tar.gz,2024-06,malicious,MALICIOUS,14,0,48,76,d7cc5bf97a525827aad67c24be616a91d53e5670db9671bc5c543a98b84db4ef
openwsaa-1.0.0.tar.gz,2024-06,malicious,MALICIOUS,11,0,51,76,2d3d85f263eb82297b32b24ebb4e3193247063b153565a62e857a1d4e508ff89
etheerim-1.0.0.tar.gz,2024-06,malicious,MALICIOUS,11,0,51,76,46a37ef35c125fc3b6ce002d0619bced486b7fd8fa0eb1c9ba31898b93c30537
etherum-1.0.0.tar.gz,2024-06,malicious,MALICIOUS,12,0,50,76,1e29de7341601368dcd246bd7b868a2af2a268b6b2e072d8ed62f2d1347f32d2
web3.p6-1.0.0.tar.gz,2024-06,malicious,MALICIOUS,11,0,51,76,ec0310d0707e113b33e8a8f1a3711c16bcf96e956d38d608033ef4cd63f28987
openes-1.0.0.tar.gz,2024-06,malicious,MALICIOUS,11,0,51,76,7a5d8d2c27302bcd25c9ae346b071a366a173c91e06d92d052fd9b2b7b7a02b7
web3.pyy-1.0.0.tar.gz,2024-06,malicious,MALICIOUS,10,0,52,76,16f161de10e8713139f56fa51b8ee845e15b0d6dc4202bd068ebcb3405747ebd
etheriun-1.0.0.tar.gz,2024-06,malicious,MALICIOUS,10,0,52,76,379c528d82738ba977afa6b5236b14af2a029ed91d1d80f820a5956623de48f1
openseea-1.0.0.tar.gz,2024-06,malicious,MALICIOUS,10,0,52,76,ff344bfffba72b92266164499db4c4baca3e8866a6db3dd1992ce1bb8e56d30f
etheruum-1.0.0.tar.gz,2024-06,malicious,MALICIOUS,9,0,53,76,e3c1b5162c83d83c3f1820e38b2f8c66574cb301df0781f814167d5b2f6ba1ab
openrea-1.0.0.tar.gz,2024-06,malicious,MALICIOUS,9,0,47,76,3436c8fce320492b587d926013bfc29682d87341392bbe4ece851d5aa7d501c4
web2-1.0.0.tar.gz,2024-06,malicious,MALICIOUS,11,0,51,76,a95e44f6575b9519f322b76efc543af0cdaaeca150e7159a00b839b6c28e30f8
builderknower2-0.1.22.tar.gz,2024-06,malicious,CLEAN,0,0,62,76,1e4d4173914ef5dd35a17bd3d324316220b9ee2387cc452f07c900aa374745cf
builderknower2-0.1.30.tar.gz,2024-06,malicious,CLEAN,0,0,62,76,a925e8fae9aed1ece0024d8e84952ebb7f08eea363858a5b0b1c0a9dba7a2087
opensead-1.0.0.tar.gz,2024-06,malicious,MALICIOUS,11,0,51,76,05fd029a731bf9d0aab2c41162e4d98c9e792f07d5a8c1495d4d45e61e1f158d
rock51-1.0.0.tar.gz,2024-06,malicious,MALICIOUS,10,0,52,76,14d39c6a686c87f7a575f9f504e86275b2839062ffcaf3440f7085c0297b13d2
pytojn-1.0.0.tar.gz,2024-06,malicious,MALICIOUS,10,0,52,76,db8362b36daee2f34ee70f948cf5a2ca8ff9795bfd9d2a990caf68422269dbb6
artifact-lab-3-package-a18ff5d9-0.1.1.tar.gz,2024-06,malicious,CLEAN,0,0,62,76,8851c26895dcca6573e51924771514796496f3029cad03a1394f25655b88fa4b
opwnsea-1.0.0.tar.gz,2024-06,malicious,MALICIOUS,10,0,51,76,e50d8644e78746e0424caf8704b05c67018f3539e9388f161c1faa8847ef5e18
web3q-1.0.0.tar.gz,2024-06,malicious,MALICIOUS,10,0,52,76,8be78d7bbafd96914352c000786796cc422fe80b3964bee73b103b4e45e126f3
artifact-lab-3-package-e90915e1-0.1.4.tar.gz,2024-06,malicious,CLEAN,0,0,62,76,29b284c825d28255636c2f9403cfc88cb18b6bca4e1da33e94c9de03d97647d6
spacestudio-orbit-propagation-1.2.1.tar.gz,2024-06,malicious,CLEAN,0,0,61,76,716994e1227ced770680ff31f770911a21cf215bcfe2a6cea440dbe64bcfcfe8
opnsea-1.0.0.tar.gz,2024-06,malicious,MALICIOUS,10,0,52,76,fe1e026e16d936edb5c467ef8ae871332263a5529fbea8b64d07ff836202ffa0
builderknower2-0.1.21.tar.gz,2024-06,malicious,CLEAN,0,0,62,76,fbd4ccbb385c8b8041e00c85c8da84ecfa65a01618245a8aed1cb03e098388ca
builderknower-0.1.8.tar.gz,2024-06,malicious,CLEAN,0,0,61,76,438b41817f19d8a42f22673f5825cbee25749d059a6961aa4967b0833e34c564
builderknower-0.1.11.tar.gz,2024-06,malicious,CLEAN,0,0,62,76,c56ae45b023937905e7a32fe0e3304ca3bf32530d26fac4cec00a3fbad8d13ab
web4.py-1.0.0.tar.gz,2024-06,malicious,MALICIOUS,10,0,51,76,ddd9c2e5d8a2a935635fa3bd27e0bb288d0b4091aa81f47a507e90b96aefbd79
we3.py-1.0.0.tar.gz,2024-06,malicious,MALICIOUS,9,0,53,76,fd977b8edc20c394e2e11b4df99e155a0a4e96fc259594f00e6f43acaa5d2c82
builderknower2-0.1.15.tar.gz,2024-06,malicious,CLEAN,0,0,62,76,3abb283a769f744b2ab1c7c93ab4d1e00423fb7ae084a787693920fbcf9d7b40
oepensea-1.0.0.tar.gz,2024-06,malicious,MALICIOUS,10,0,52,76,cd5e303dd7285f3ab8225b155a619acb2c29048d0ee90bb87eaf83891f57abd5
oenwea-1.0.0.tar.gz,2024-06,malicious,MALICIOUS,11,0,51,76,6e48637d973d504f8ffd58814feceb7db3a5596df6c9708332bba1bc0a94c68a
openseax-1.0.0.tar.gz,2024-06,malicious,MALICIOUS,11,0,51,76,ae0bcb1ac444877a18808d55f45f50cc828febf930abe35a78ad5ea578510825
wdb3-1.0.0.tar.gz,2024-06,malicious,MALICIOUS,10,0,52,76,61e87899b949d0e812f8f5656b1530a34c83aff79c92e270f98c12c9418965f4
wev3-1.0.0.tar.gz,2024-06,malicious,MALICIOUS,8,0,53,76,087fcbaf47d691d7067bee16f3d99ba7dcca98c34091924ef823df54c0b222d6
ethreeum-1.0.0.tar.gz,2024-06,malicious,MALICIOUS,12,0,50,76,f11d9556839bf499eff29ff250f7539a2f5e7567157593f1265b2152dd84af6a
pytiom-1.0.0.tar.gz,2024-06,malicious,MALICIOUS,10,0,52,76,14da3100b827433a17657b39afc5f49ff96d5858d3d04a62bee42b459ece659b
openeasea-1.0.0.tar.gz,2024-06,malicious,MALICIOUS,10,0,52,76,e5c2d32e85bc48dab77f2a337a598b70c57f1b5e06987b175ca52be9c1ef6acd
ettherium-1.0.0.tar.gz,2024-06,malicious,MALICIOUS,10,0,51,76,f09719f5538bd0ca07391f475e79fa996e1bf9d60b2452259060fb345a60a53d
builderknower2-0.1.25.tar.gz,2024-06,malicious,CLEAN,0,0,61,76,ebab7204015a694edb4a8f01c0f26896b6bda834a0cc8ecf626663b7b174293c
wev3.py-1.0.0.tar.gz,2024-06,malicious,MALICIOUS,14,0,48,76,b3a6c4b6e6d4c83b63445f7a6a465313cc532b7a6ee0b7f3ca4581a9f10c56c0
builderknower-0.1.9.tar.gz,2024-06,malicious,CLEAN,0,0,62,76,007ce533f9bd2d3c44e9e3961923b8b2817de1a5820fbd7ccae2b9aedbfd8cb6
pythn-1.0.0.tar.gz,2024-06,malicious,MALICIOUS,15,0,44,76,4fcb64aee5660133e1ff26ebe67f3d2d722326935456ba62566e9968c404dbba
openzea-1.0.0.tar.gz,2024-06,malicious,MALICIOUS,10,0,51,76,ee9ca36e37e32f604d0ac1aa50abd1d9ba3cce08638f6e1d2b5e2e8c48c1873a
artifact-lab-3-package-e90915e1-0.1.3.tar.gz,2024-06,malicious,CLEAN,0,0,62,76,3c9801b7944ed87368aa7cd0f84fcbb921cf2260336dee4e3537eda651d0d69a
class_py-1.0.0.tar.gz,2024-06,malicious,MALICIOUS,10,0,52,76,930eebcd1d25c7c792afd2dc3fb68a5a80100e118cce61e516f309d2bbbc1d2a
openzsea-1.0.0.tar.gz,2024-06,malicious,MALICIOUS,11,0,51,76,89c755c8b6fa3d136571652a20ee4f8fd1defb778d7e117d2a514a5d5fdc0eef
web3.pyu-1.0.0.tar.gz,2024-06,malicious,MALICIOUS,10,0,52,76,e421afe72d86d0412bcb8d77c9d9f9c2dddb4d4b789b3dc006e5b87c19a70b53
opensar-1.0.0.tar.gz,2024-06,malicious,MALICIOUS,15,0,47,76,1674e5244c9b0b6411288e2fcee90ddc268fb3ddd86badf4d9596f76b2228ba0
eethereum-1.0.0.tar.gz,2024-06,malicious,MALICIOUS,10,0,52,76,7da19a79bede80e9ad1fc7a1739d21372b5d92ca9b62e9c7bacc474d2eae5163
we3b-1.0.0.tar.gz,2024-06,malicious,MALICIOUS,10,0,51,76,f2eae36316c9401087095be7ebe8de0e50d31707391d5f26eddf097db209dd1e
builderknower2-0.1.19.tar.gz,2024-06,malicious,CLEAN,0,0,58,76,0ee3194a2f66a0c5079aa83c0a81cf711af82685aa0b66a204173b580ca60ed2
oensea-1.0.0.tar.gz,2024-06,malicious,MALICIOUS,9,0,53,76,a6de501914e5d32e649b00a94b6c3eec89abcce1ca6a2bd916a4858487d8f1b3
openresa-1.0.0.tar.gz,2024-06,malicious,MALICIOUS,10,0,52,76,6240be140005fa2183ce7c77a1d76f749a6c849d2cf6f865222bcf6006e6e888
etheeruimm-1.0.0.tar.gz,2024-06,malicious,MALICIOUS,9,0,48,76,b6f42df20187a4195e0e6fefef055c73000afde09d275e6cb1e242f0aa6a3ac1
thesis_uniud_package-1.0.0.tar.gz,2024-06,malicious,CLEAN,0,0,62,76,6a91812ced8fa8368abb6cc7182e761034139686f8c3116b2369756c9adfd7cc
IncapError-7.0.0.tar.gz,2024-07,malicious,CLEAN,0,0,62,76,26e5566aeac4c61bcabdb02f63aa74ba69d83d0f0579c957bfc6e32e99858a32
testjsonn1-0.2.tar.gz,2024-07,malicious,CLEAN,0,0,61,76,f696a34e41a3c63adcc24579db885485dda6ffbf4b80c88cee7a96a3ba4029eb
testjson3-0.1.tar.gz,2024-07,malicious,CLEAN,0,0,60,76,f0e1727cdc520e3de8f40d04e90cb81acfc7690f8969e0630efd1a6eecbb7d17
testjsonn1-0.4.tar.gz,2024-07,malicious,CLEAN,0,0,62,76,728b934177dc133815b34b209fc6a0dbce2b40388b1c1d8832e8f1cbc9a30ae5
testjsonn1-0.3.tar.gz,2024-07,malicious,CLEAN,0,0,62,76,f56d8159c1f72df0a278b090a69bb5762f554e1829dec69be9173140501b2e4f
testjsonn1-0.5.tar.gz,2024-07,malicious,CLEAN,0,0,62,76,b449a96a8f8bd36b48a8fc3650f050acc779cfd12f715c90b7ee9b848f4b213e
hexteamibm-1.0.4.tar.gz,2024-07,malicious,CLEAN,0,0,61,76,60e18c0ed1249bac552d0fc7f01b10c9e7a82b27059f3c6e6a80bd34aa9b82f4
arielbogo-0.0.4.tar.gz,2024-07,malicious,CLEAN,0,0,62,76,4a4d7db9931a33c1eeccc6b5af7ad27e872719ee27fa941af2d912918907e333
stackstorm-runner-action-chain-1.0.0.tar.gz,2024-07,malicious,CLEAN,0,0,61,76,742764833f5030f7f0db1b19ed6206a838c67d9d9c85c0ef83aac7b23580d64b
adafruit_imageload-1.0.0.tar.gz,2024-07,malicious,CLEAN,0,0,61,76,74162e137e8d80275dbf2bd8d88cbac1c7e06ca946a271336d4b75278436101d
ptmpl-0.2.14.tar.gz,2024-07,malicious,MALICIOUS,1,0,61,76,28bb0cffd9deaf14ca8c22669f69fe45c4823fb7163113205fa20609da2f7246
testjsonn2-0.1.tar.gz,2024-07,malicious,CLEAN,0,0,62,76,676b8752ccb451f1c681c521249fbd1b0672915842e2f81ad208688b1cd19525
fasdghjkhjafsd-0.0.3.tar.gz,2024-07,malicious,CLEAN,0,0,62,76,8b5bd21fab32b395d157e9a9da2de33a5b80cd89b90785462653eb4f9083f785
orion.algo.extrapol-1.0.0.tar.gz,2024-07,malicious,CLEAN,0,0,62,76,1d6fc0f0d66d0f580142e08e8dc0e17be30630f79b9aa803abeeaf9e73921af9
ptestown-0.6.0.tar.gz,2024-07,malicious,CLEAN,0,0,62,76,ab29d289bdb4bdd884ef6147e5560cb5ee3dea3bc37b6c27348066067afe1d1e
fasdghjkhjafsd-0.0.1.tar.gz,2024-07,malicious,CLEAN,0,0,62,76,defcaf11872d3559ef00337bbecafca007eaaa35232f0d373f28da413a1fd5d7
ptmpl-0.2.0.tar.gz,2024-07,malicious,CLEAN,0,0,62,76,eabf408d6380643e2a5a580b3886fdd6ea5256912385cb3af3f2d69c5623d5a0
pystlete-2.9.tar.gz,2024-07,malicious,MALICIOUS,2,0,58,76,a8c6c803d5de2cd34561b6768a05b9b3e0742baef79c1964dbd0d791cc06ba94
fasdghjkhjafsd-0.0.2.tar.gz,2024-07,malicious,CLEAN,0,0,60,76,b527fddee4b1fa2263af8ddde72f0a826a09319a4ee4e383d5b7b3e9d3fcf3d8
ptmpl-0.2.6.tar.gz,2024-07,malicious,MALICIOUS,1,0,60,76,b931e7c329e00a121b7080e0ff5a4e2482177381a2af26356e7b540b3650a585
testjsonn1-0.7.tar.gz,2024-07,malicious,CLEAN,0,0,61,75,13f76089f39905a2e6cdefc5aee07159e24493afb9eb8877f49f7e475615eee1
testjsonn1-0.1.tar.gz,2024-07,malicious,CLEAN,0,0,60,75,88919c6ef2bf10759e80b896b574fd9fbbb36399e4c08dfd442ba7e7e9c8bb2b
testjsonn1-0.6.tar.gz,2024-07,malicious,CLEAN,0,0,56,75,baa28ecdd50d0ee7c5163c8c1614d4da6ecd0136ac13a5ad4fe730f83f227d16
asptcer-1.0.0.tar.gz,2024-07,malicious,CLEAN,0,0,61,75,ae927a4c0fd3a036ff8f6c4f7311b0d8bf202f462996c5ef05b02842aa628732
graphcore-cloud-tools-1.0.0.tar.gz,2024-07,malicious,CLEAN,0,0,59,75,637019a7aa3b5a65ec0eb28164edcb10665719b408a2def49ddc2d131356a5e2
hexmanibm-1.0.4.tar.gz,2024-07,malicious,CLEAN,0,0,61,75,1d9d04d13468fcaa4a5e57997531d2b9f6a7967eb4d85678c7e7f775d535c221
appetize-cli-1.0.0.tar.gz,2024-07,malicious,CLEAN,0,0,59,75,9659281d1b75a9b898298798753749ec0a9ebe6a50dc6c02c8e965828220d2ce
artifact_lab_3_package_392c6acd-0.1.1.tar.gz,2024-08,malicious,MALICIOUS,11,0,50,75,6a6b8737a6d8850485b62844655f7b3173f904a72452c3872f3c54518d50da97
artifact-lab-3-package-77d0c154-0.1.1.tar.gz,2024-08,malicious,CLEAN,0,0,61,75,00099ffb513861324210ead30ea583777fb9a4f264fedcb03f632b1ef8cd1f57
oz_merkle_tree-0.1.8.tar.gz,2024-08,malicious,CLEAN,0,0,61,75,f8aaa70b57b1793edf635c4a3df028bd4d2439ebb2bcaf4c27f8fc0276eb5441
ttat-api-1.0.5.tar.gz,2024-08,malicious,CLEAN,0,0,60,75,8930a40c7e271c44d670bb978b906957f537c18da0461ff0db82b513507dd36d
puffioner131-999999999.tar.gz,2024-08,malicious,MALICIOUS,11,0,50,75,bcd7d749de0de19c0b387750736362397dd2dd1c06c12d1a7fe099de85d5ca21
artifact_lab_3_package_392c6acd-0.1.17.tar.gz,2024-08,malicious,MALICIOUS,3,0,58,75,51427ec5b26614814f911a107adb783568c30c0b01ed4a8e125da3bde15e4643
artifact_lab_3_package_7e532784-0.1.5.tar.gz,2024-08,malicious,CLEAN,0,0,61,75,4b2788469c6e3f1158526c42896fed19e161af1457ad686def934d1dcceccf71
juphelper-0.1.6.tar.gz,2024-08,malicious,CLEAN,0,0,61,75,0fb37eff454a86be30be0d3030a5263223f7ac7edc9e9b750337ddb559607861
audit_themis_i18n-2.3.5.tar.gz,2024-08,malicious,CLEAN,0,0,61,75,995a45ed184b04247f5d698877512cd521d95559a6771794231b628b0679a2dd
artifact_lab_3_package_7e532784-0.1.0.tar.gz,2024-08,malicious,CLEAN,0,0,61,75,7991ff6c44103add0be3d7f8d35d07898d2799f623f758411f13917d51969938
artifact_lab_3_package_392c6acd-0.1.14.tar.gz,2024-08,malicious,MALICIOUS,10,0,51,75,d9e9c72bb7827396d815761e8e4699ceae4792aac520b62dd5ae8c7d3f16df17
artifact_lab_3_package_7e532784-0.1.3.tar.gz,2024-08,malicious,CLEAN,0,0,61,75,b226be07b941a51b5f71b0b47f5af23a6dab7074c564c601e6260663ba1e535d
ttat-api-test-0.2.0.tar.gz,2024-08,malicious,CLEAN,0,0,61,75,2a141044f8092019e1060ce25d4c46c468ae7ce9e081524dbb2c0f56f5fd30a1
kmvn_ekjvnbwkhjbewv-0.2.5.tar.gz,2024-08,malicious,CLEAN,0,0,61,75,5d52bac16767299a6115f88cc0c81f5fe9c7e4947bfb9896d06a29398746fdc9
jupiter-helper-0.1.tar.gz,2024-08,malicious,CLEAN,0,0,53,75,35b2594122d5cba4d1da3970aab46ed668252861c5e61357852bb617e6aa0c9b
formatter_test_package-0.1.11.tar.gz,2024-08,malicious,CLEAN,0,0,61,75,a50911fafa5c27f7d1b057094cc4e781302d3a97388fb5ed3ed8599f3447434e
artifact_lab_3_package_392c6acd-0.1.4.tar.gz,2024-08,malicious,MALICIOUS,11,0,50,75,67d68f28c0ce6a9a7d3e88d18e20afb2f3048ea7aea20abe5614d8d3be35414a
artifact_lab_3_package_ccd28738-0.3.1.tar.gz,2024-08,malicious,CLEAN,0,0,59,75,edd8b0e984e05a8379f27bdef1fb444fd79656a898f0a814fc511b8d92a82552
artifact_lab_3_package_7e532784-0.1.4.tar.gz,2024-08,malicious,CLEAN,0,0,61,75,b174dfacbc0292cf8d5827750c9e88208fcd67db905f3dc9914ef068b31397ae
artifact_lab_3_package_392c6acd-0.1.2.tar.gz,2024-08,malicious,MALICIOUS,11,0,50,75,9fb6a7848135eeecf54048a44474004602282af9f9245850cb6f84f8b2cc81c2
django_mongodb-5.0a4.tar.gz,2024-08,malicious,CLEAN,0,0,61,75,3675259fcde597c0d951e7c4dd35b06ff624298b4d693c69e1dfd841520bd74b
puffioner131-99999999.tar.gz,2024-08,malicious,CLEAN,0,0,61,75,d11b78ad33237c1f2504c70f350a5049190b9783a48394c2a5437d2d467c6856
artifact_lab_3_package_7e532784-0.1.2.tar.gz,2024-08,malicious,CLEAN,0,0,61,75,fb9e4703b8d927fd8b84af1164e6213b2d5870dd38b9875a67974c7efb47819e
byterec_models-1.5.3.tar.gz,2024-08,malicious,CLEAN,0,0,56,75,c1a4612895d8f23b5175fa8a08a6299a2f0bc46aa28a21e416309f84853b9ea5
artifact_lab_3_package_392c6acd-0.1.20.tar.gz,2024-08,malicious,MALICIOUS,3,0,58,75,c5a905a90d57a81a25a6987ef5ecc2a855945f09e03d819f4b213b7a14ee7639
artifact_lab_3_package_392c6acd-0.1.18.tar.gz,2024-08,malicious,MALICIOUS,3,0,58,75,37d0bc0ce5d142ff7c28fffb0f1107f0ff4eed2d568bc1ed0a7ea00694d04ffd
artifact_lab_3_package_392c6acd-0.1.7.tar.gz,2024-08,malicious,MALICIOUS,9,0,52,75,2db561c661b99e545581bab4401acfe5e0cd42b8abba4623c1543cb75e8299dd
artifact_lab_3_package_392c6acd-0.1.19.tar.gz,2024-08,malicious,MALICIOUS,3,0,57,75,9c92a39cd42ef2b318d1c1394717e15bbf5b78ffb5f5d77a16d63ecdcdc8dc1a
puffioner131-999999.tar.gz,2024-08,malicious,CLEAN,0,0,59,75,d0329e5151df722d36dfb6f31ab7cefc7b26d8c9b7bd83d53046da2873380393
juphelp-0.1.0.tar.gz,2024-08,malicious,CLEAN,0,0,60,75,682f62a22b2f750a0353c1f7379c4ab7dc0c946e5542a424e9d100963cdb9334
artifact_lab_3_package_89883da3-0.3.2.tar.gz,2024-08,malicious,MALICIOUS,6,0,54,75,cd185b9fc6e52da9353d687bfa651c5eb04251b1ebc15f729dab7137ec2ebe3b
subsys_counter-0.8.5.tar.gz,2024-08,malicious,CLEAN,0,0,61,75,17e56a8bf13da932846517c8974367ef1c65ee58b4419727278323d7f2fa0fd3
artifact_lab_3_package_392c6acd-0.1.12.tar.gz,2024-08,malicious,MALICIOUS,3,0,57,75,81346bb6c85de2a2af2776ff748feb927a368a863131217725885b31f1ea8d23
artifact_lab_3_package_392c6acd-0.1.9.tar.gz,2024-08,malicious,MALICIOUS,9,0,51,75,b19545e5d03a1848fae083f4d4f0e5bfdc9b5f4afd1355f7ac73c2bf22f695b8
ttat-api-test-0.1.0.tar.gz,2024-08,malicious,CLEAN,0,0,60,75,8d452ff8e745998095731be5b42e560e7282c396c36bb394ed9cc470e9abd043
artifact_lab_3_package_f0727516-0.1.0.tar.gz,2024-08,malicious,MALICIOUS,4,0,57,75,bd41c2df71a929c5119ebc3185b1cf5dce3f819e48c386d083a862ce061c3040
artifact_lab_3_package_392c6acd-0.1.13.tar.gz,2024-08,malicious,MALICIOUS,10,0,51,75,0f8f0ec7f9b94fa4173ced8ec3963a1a578dc21a2986f6092a9a24434ea01372
artifact_lab_3_package_392c6acd-0.1.15.tar.gz,2024-08,malicious,MALICIOUS,10,0,49,75,32be27fa0b97766464247328136168332042460ded4f0e6e29ee579b29f07c51
puffioner131-99999.tar.gz,2024-08,malicious,CLEAN,0,0,61,75,8659bad736b026a71fbd6a77281533712c946ba0d48689fa87bab3c0105b886b
artifact_lab_3_package_f0727516-0.1.1.tar.gz,2024-08,malicious,MALICIOUS,6,0,55,75,295e54f181026acd6cf6cce82ce7b98af346a4dc57b396be8f1d7d8997bde36f
byterec_models-0.8.3.tar.gz,2024-08,malicious,CLEAN,0,0,60,75,775fa44b40bb321e27f958ff6aaee55b0b12cb10c4ff62c80278c94b8362ae16
artifact_lab_3_package_7e532784-0.1.6.tar.gz,2024-08,malicious,CLEAN,0,0,61,75,14d05e101269f58f0cd97526fbdae5e2cbb1ce85209aaec437ac75d0eb94dac9
puffioner131-9999999.tar.gz,2024-08,malicious,CLEAN,0,0,61,75,120e1b83a09bf8af03eeb5a36bc2562370c578b4e44f8505f68fcea8e4dbc1df
artifact_lab_3_package_392c6acd-0.1.23.tar.gz,2024-08,malicious,MALICIOUS,3,0,58,75,d31ac8d77de27b7261f85a23d97fac556625cef4b3e0c1f536dd55ef6caabf73
artifact_lab_3_package_9fde789f-0.1.0.tar.gz,2024-08,malicious,CLEAN,0,0,61,75,7d8e5bb544d61b2cba07ac3209843e6d382707299c3634dd1f2027393b30f6d7
artifact_lab_3_package_392c6acd-0.1.24.tar.gz,2024-08,malicious,MALICIOUS,3,0,58,75,65612df6eab98237ef7f85b0cec3f87c1cc1658e6566936af2ec1317f0ced032
artifact_lab_3_package_392c6acd-0.1.22.tar.gz,2024-08,malicious,MALICIOUS,3,0,58,75,f54f03c7061280e0241967eca454755f2cb4238b05467b921823d77eedeb7cfb
artifact_lab_3_package_7e532784-0.1.1.tar.gz,2024-08,malicious,CLEAN,0,0,61,75,ea94b318a6b715825dba636117af59fb9caf195cc56e1fa220e95816386f77e6
artifact_lab_3_package_392c6acd-0.1.6.tar.gz,2024-08,malicious,MALICIOUS,4,0,57,75,b2c7ccabba7018d15c09debacb669a2d1fd0075cb1cd7de4793763471675d11c
artifact_lab_3_package_392c6acd-0.1.8.tar.gz,2024-08,malicious,MALICIOUS,9,0,52,75,ec158a6597389a79910682449b993b3536c305a37e8ccbd8d6a8af98566e0a68
jupiterhelper-0.1.4.tar.gz,2024-08,malicious,CLEAN,0,0,61,75,69a84278950789b218d895893e785943942d10d82594d6a3366260a19ca58c5b
puffioner131-9999.tar.gz,2024-08,malicious,CLEAN,0,0,61,75,802d7bebf83960ef98ecb2f7bc63b9001bd5455a99ed40640098ac0738b5b20c
artifact-lab-3-package-77d0c154-0.1.2.tar.gz,2024-08,malicious,CLEAN,0,0,60,75,9bd863d416d32cafbe0e3dfd00b7ed839c120d25c894b63da726858730bb9eb3
redis_di_processor-0.1.8.tar.gz,2024-08,malicious,CLEAN,0,0,61,75,96fe82109aa834e18782dec7491b0707ef4b0b15da0b72b729904526ab713e79
formatter_test_package-0.1.10.tar.gz,2024-08,malicious,CLEAN,0,0,55,75,d9dfa0ea15a8538ec332cb6869f0835bc9b07d146fe709b99c591e4cda3ef351
kmvn_ekjvnbwkhjbewv-0.2.3.tar.gz,2024-08,malicious,CLEAN,0,0,61,75,cc3d7a8e87c137567c61be58844f50f5fac9be664d67ec38a1c8f36150fc44ff
jupihelp-0.1.0.tar.gz,2024-08,malicious,CLEAN,0,0,50,75,4c8d4c220049a1fcc562a42f0b3e00dbc8ad2cc6449cc12d6f49ac8a8c3e050d
artifact-lab-3-package-b55680cd-0.1.1.tar.gz,2024-08,malicious,CLEAN,0,0,61,75,b6f0daafa515a5189bf016ba82696530b1e96169537359f66a1461a57eb6b74d
confluent_docker_utils-0.0.89.tar.gz,2024-08,malicious,CLEAN,0,0,61,75,b87f0ffbfca34c07f7e580a1f1be8366a21cda43c042f1f091c53ea2a5e0362b
artifact-lab-3-package-77d0c154-0.2.0.tar.gz,2024-08,malicious,CLEAN,0,0,61,75,ee2f36408533ea2a9aad438c2f2e3b2ea076cdaf06eb61b1dee5e848decb100c
jupiterhelper-0.1.5.tar.gz,2024-08,malicious,CLEAN,0,0,61,75,275b3b94f558a3d798e4097ca474cd47a01ab10a6bb27f214a859da241a4e048
artifact_lab_3_package_392c6acd-0.1.16.tar.gz,2024-08,malicious,MALICIOUS,3,0,56,75,e5016af5863cc06abc10100a93eaab0dae5d43dc7db1beadc2bec522e9d392e6
artifact_lab_3_package_392c6acd-0.1.3.tar.gz,2024-08,malicious,MALICIOUS,11,0,50,75,af60e8fba375cda6dc07053c9d7a529fd3e838b1b06be5737d238ce19cb63958
artifact-lab-3-package-b6920ef4-0.1.1.tar.gz,2024-08,malicious,CLEAN,0,0,61,75,9de1b8ced066cdb1d1390503c211b7bb632ba4e08f4583af98d9515af4a90aba
anaconda_anon_usage-0.4.9.tar.gz,2024-08,malicious,CLEAN,0,0,61,75,c0a020a1120fac87fae5fb932973ff880e43ebdd27e56906ad62544a560c4339
artifact_lab_3_package_392c6acd-0.1.10.tar.gz,2024-08,malicious,MALICIOUS,3,0,58,75,ab5f627e7b8b6f4fbd142f14042bd6adf6fadcae81a8bc2304e9d9c6cf3b8ae9
artifact_lab_3_package_392c6acd-0.1.5.tar.gz,2024-08,malicious,MALICIOUS,13,0,48,75,3f30e14ff1e9b4299ea2ced98162e7d6b190031156a22d08999c2a544942f2db
artifact_lab_3_package_7e532784-0.1.7.tar.gz,2024-08,malicious,CLEAN,0,0,53,75,ef2b5bd99a5e7a5a9f7053f7709b7c42c987cc577e94d07bcd725016fc6265b0
invokehttp-2.5.5.tar.gz,2024-08,malicious,CLEAN,0,0,61,75,7db5574ee634512b0b655b225de7aaf0d6cd513c026fd8c7c18f5b023a105355
jupiterhelper-0.1.6.tar.gz,2024-08,malicious,CLEAN,0,0,60,75,d2ea8e1c8d0504c026d05a83531b6668ca96a994d2c79579fc9390edb816fc02
artifact-lab-3-package-4c04b1a2-1.0.0.tar.gz,2024-09,malicious,CLEAN,0,0,59,75,7eaf1b88e828a84689017427c98048b1f912b78c080cfd40d4dd6eb76af769a9
artifact-lab-3-package-4c04b1a2-1.0.1.tar.gz,2024-09,malicious,CLEAN,0,0,53,75,3c0be0353db4baaa223b6ea1329b5a478c04f1fb139bc24c2c2e4eede9cfd43c
artifact-lab-3-package-4c04b1a2-0.1.1.tar.gz,2024-09,malicious,CLEAN,0,0,61,75,1217d260d07b4d28be3adbdeb18585f2e76104b6d7f53a99619b30ca610a9c8e
bo3to-0.1.tar.gz,2024-09,malicious,CLEAN,0,0,57,75,3bec2316073c49dce7620771ab9686172c896162b100750e69a0a162e880faf7
torhc-0.1.tar.gz,2024-09,malicious,CLEAN,0,0,61,75,3ab15f22295ecb4c32dee3af5e4ccd2ff26491603fce8c08786fb695db21cce3
artifact-lab-3-package-4c04b1a2-0.2.tar.gz,2024-09,malicious,CLEAN,0,0,60,75,2c358d455040f4af51c557e29757542c4174ab98afec0bafb632cc4ae099d86e
artifact-lab-3-package-0c8bce1c-1.0.0.tar.gz,2024-09,malicious,CLEAN,0,0,61,75,67a13352674d837d242a6e5c42d41156bdf2dbb69b7b82fa018e09617a12320d
artifact-lab-3-package-db7d716a-1.0.9.tar.gz,2024-09,malicious,MALICIOUS,2,0,59,75,051e135c82b246eff722d27a614ef9101731087b87be5b62317ab995b3272b2c
mecit1-1.0.0.tar.gz,2024-09,malicious,CLEAN,0,0,60,75,9a0e6d57f8f9f39461dad1eccc06bee1ea2ec7c9e062e3cb34e84cf55207feef
artifact-lab-3-package-db7d716a-1.0.8.tar.gz,2024-09,malicious,MALICIOUS,2,0,59,75,ef0c983896d7e20fa82513ead4d69d7a55642284a5f26ea6093e649ab3b8d623
kersa-0.1.tar.gz,2024-09,malicious,CLEAN,0,0,60,75,39544fb3b0307080cdf9e974c08b104854abc532c3714bf307b6efc2d8588348
secretinspector-0.1.0.tar.gz,2024-09,malicious,CLEAN,0,0,46,75,8f2ed8b67a8f662e0b153d64a6ddea3641df101fab3b3a4a82fe84f0f4571a7d
artifact-lab-3-package-db7d716a-1.0.1.tar.gz,2024-09,malicious,CLEAN,0,0,60,75,01191d937f6c316dbec95be327115792c48ed3d7da13073348ca799881292f37
asciidrawing-0.1.2.tar.gz,2024-09,malicious,CLEAN,0,0,61,75,34cc6f5c6c51a8bcd4da9e0443c1087e901c385615142c00473c0b54cb3fadfb
secretinspector-0.0.1.tar.gz,2024-09,malicious,CLEAN,0,0,53,75,77e8d9641c64bf620c1da3586bc7636d1cee2e9d8f3cf69f03ea66456408e72e
artifact-lab-3-package-4c04b1a2-1.0.4.tar.gz,2024-09,malicious,CLEAN,0,0,61,75,d0d38dda2bcbd518cf5e51ce75d3d270e236c51ca59a09ac35cc1e1eb3c7124b
artifact-lab-3-package-db7d716a-1.0.2.tar.gz,2024-09,malicious,MALICIOUS,13,0,48,75,7220fb1eb3af43360bdbffd2ffff3b80c2719dbc28ae7dfadbf5a5db6bc02802
hyperreq-0.1.tar.gz,2024-09,malicious,MALICIOUS,13,0,46,75,05bc403f0426c175e0aad72a041c2c3c4f9b3cb46cb2f0adda4e865e7ff3738c
artifact-lab-3-package-4c04b1a2-0.6.tar.gz,2024-09,malicious,CLEAN,0,0,56,75,d7ff2df1343026a3e0d80588f4bc4ecb0604135d424e9a3b3a14980c6bffc33a
hello_world_package_test-0.1.tar.gz,2024-09,malicious,CLEAN,0,0,61,75,66902996dc2b96f7334de3993c1b1c675f55b6a3eb1a28f804aeb4959be18f02
artifact-lab-3-package-db7d716a-0.1.1.tar.gz,2024-09,malicious,CLEAN,0,0,61,75,bb63998472378aece03a476d27dab0394db8278c10ca804179a8d9ef9839a3ee
browser_cookies3-1.1.tar.gz,2024-09,malicious,MALICIOUS,16,0,46,75,1fd817b1b9feb08eff71d21622673f643778f68d70754f07c7a46a0814f03b6c
artifact-lab-3-package-4c04b1a2-0.5.tar.gz,2024-09,malicious,CLEAN,0,0,61,75,ea010873194f845665d0be947fa19aeebdcf2d72207f79124a11a44e8311e949
artifact-lab-3-package-4c04b1a2-0.3.tar.gz,2024-09,malicious,CLEAN,0,0,60,75,7d4a0d26597004e68812a7e7b5f7484d98a068fd6bbd999b4f798528dade336d
setuptolos-0.1.tar.gz,2024-09,malicious,CLEAN,0,0,37,75,a91be219c4b561f65c802431c7709bf08c4f7844448f56a777b68e20ae0f6f23
flophttp-2.3.5.tar.gz,2024-09,malicious,CLEAN,0,0,61,75,4e5eb6233b17ddac6145292b92038414e1b0b2d5f9e835e6be21b831ee974011
artifact-lab-3-package-db7d716a-1.0.0.tar.gz,2024-09,malicious,CLEAN,0,0,61,75,6001ffb2709ca79f47ac0a5ef0d9cd52ab964fbf0e10c8bdc9583021e8a4c90a
seabonr-0.1.tar.gz,2024-09,malicious,CLEAN,0,0,60,75,70bb3cafb0eb82a9b50a03d447284ab71173d98a61acdab1338233897da77273
artifact-lab-3-package-4c04b1a2-1.0.3.tar.gz,2024-09,malicious,CLEAN,0,0,61,75,c8ebfe183f710c5afced261b77733a4730ee0a90da31699a1bee1da12acec490
secretinspector-0.0.2.tar.gz,2024-09,malicious,CLEAN,0,0,61,75,16095eaf10d40124d26667a176b0c749f6256f0221e44e9348ea6766f60673b0
test-packages2-0.1.tar.gz,2024-09,malicious,CLEAN,0,0,60,75,0e1b05496a70e8758bc0e3d8b49a31d1b9b8708d9b35583df703ae7b594fb6bf
artifact_lab_3_package_1f7a39bc-0.1.1.tar.gz,2024-09,malicious,CLEAN,0,0,61,75,8ffeb15c76c50b8e80288e115469edbf1550eb6f8a353546d6cdf26ef6360317
artifact-lab-3-package-4c04b1a2-0.4.tar.gz,2024-09,malicious,CLEAN,0,0,60,75,89f2d56a5f78d20e26537b5de4a70f71b124a84669a1668bd3d0572e5098431b
artifact-lab-3-package-4c04b1a2-1.0.5.tar.gz,2024-09,malicious,CLEAN,0,0,60,75,235b1af7636b843038021258d832de87ca6f47d68bc5262b2cd8956bfc2ab284
artifact-lab-3-package-db7d716a-1.1.0.tar.gz,2024-09,malicious,MALICIOUS,5,0,54,75,fdf1f5e13c5093a378b605397dc630d215fa1c762b06e07bc052c218797530dc
rcebymrx-0.0.1.tar.gz,2024-09,malicious,CLEAN,0,0,61,75,18d82877fc650581212a549ed9fdce963ddc3806a9709481460339dc5198f6ef
artifact-lab-3-package-4c04b1a2-1.0.2.tar.gz,2024-09,malicious,CLEAN,0,0,61,75,dda8591ebfadbbe249a4a5eb9f5321671035d9b2625dcb9eb06823f93853d36f
artifact-lab-3-package-4c04b1a2-0.1.tar.gz,2024-09,malicious,CLEAN,0,0,32,75,7f45399d4e887d0f7caf27645f6aa7ff8d686bb96010f7e324b21142e4ff9fd9
ggghhhrrr-0.3.tar.gz,2024-10,malicious,CLEAN,0,0,60,75,0ad572f9c5d4484a80e000cfa4a65ac5a9ef72356af8ae6b3aedec78e11bf121
pyaacv-0.1.tar.gz,2024-10,malicious,CLEAN,0,0,61,75,98f013c45a842694215ebb0cd0723995cb7bb119a8352d5128d29748a1892398
website_scanner-1.0.0.tar.gz,2024-10,malicious,MALICIOUS,6,0,51,75,97becfbfd386556f02bdb1ce18890c18180dcaddac80d11a4b7efc87ab1cfe07
innostage_group-7.0.6.tar.gz,2024-10,malicious,CLEAN,0,0,61,75,af2622a785e6e5d843411f9f19bd21794dd20cfb40848b8a508e5bb293ae5599
innostage_group-7.0.4.tar.gz,2024-10,malicious,CLEAN,0,0,61,75,ece8e09b384437095e7109a17c1b0f98ae2219460e7def65e04ec9a69c0132ad
innostage-7.0.1.tar.gz,2024-10,malicious,CLEAN,0,0,61,75,7019b12faf63960db312187aa02b9308779b5680ef0a0226e677031aa3fae0ec
innostage-7.0.6.tar.gz,2024-10,malicious,CLEAN,0,0,61,75,57a2b11729ec083c05bdd8e30d5f725d4f544f2ea83b2eab7689f807efcd0e5e
artifact_lab_3_package_24ddbc49-0.3.0.tar.gz,2024-10,malicious,CLEAN,0,0,61,75,bdc2700689205353d3fe5f7de42920fcdc5b37eebce49b1a5fc7bffcb16da69b
innostage-7.0.3.tar.gz,2024-10,malicious,CLEAN,0,0,58,75,121cb9b58939fc4f3cd45c709a23fb2cf3b21b5ec4789a03bfd69d9bc8315a6d
innostage-7.0.4.tar.gz,2024-10,malicious,CLEAN,0,0,61,75,09e280dc4ec73970e749a847efa5100b15f9d4ce27d362b9006efd8eeb10a149
artifact_lab_3_package_24ddbc49-0.5.0.tar.gz,2024-10,malicious,CLEAN,0,0,61,75,7d043142981054662207f7ae58de4be4644659511b79b59a585f44a42bd4244e
pysbark-0.21.0.tar.gz,2024-10,malicious,CLEAN,0,0,61,75,77ec1abfdf03a05745ec5aa49bb71a99bd328c5eeabfa0781c4349ef4002520d
artifact_lab_3_package_24ddbc49-0.8.0.tar.gz,2024-10,malicious,CLEAN,0,0,61,75,db3a4f656795eb119028cefe5bfca86c181645c0e18746a249d92339cc928fae
crustyhttp-1.3.5.tar.gz,2024-10,malicious,CLEAN,0,0,61,75,30cb499cb477c617fd7ab1f37ed201938622abd7a5d2791b9e369160bf33071a
iufgbewroibgfowiebc-0.0.2.tar.gz,2024-10,malicious,CLEAN,0,0,61,75,e833d98587dbf9d0ae40d33979a5989f895733e990a46b5e5db81ae9b7847a27
posi-7.0.6.tar.gz,2024-10,malicious,CLEAN,0,0,61,75,c65a8d5a7d2ddb3391aba705b420c13ac5080b96ce7df8d5f43afa941936227d
artifact_lab_3_package_24ddbc49-0.7.0.tar.gz,2024-10,malicious,CLEAN,0,0,61,75,5bd467d55beb092783c8a8a090ba8fa8d4efa9b37709864fcf926b28b8bd164b
larpexodus-0.1.tar.gz,2024-10,malicious,CLEAN,0,0,61,75,b3933cf8c50b5c5ba2195304aea7fe86f561845dc5c618a262112d70b2a346ca
innostage-7.0.7.tar.gz,2024-10,malicious,CLEAN,0,0,61,75,17b6a5c51ad3723b02a2d26a662a6aa3a37ad8b738ccc3116e1c9c2c4921bb43
maxpatrol-7.0.6.tar.gz,2024-10,malicious,CLEAN,0,0,61,75,b44802d9a6f7b0ae4b626adf5eec07e764a8c06b898c07de71d8b6e481e40ace
artifact_lab_3_package_24ddbc49-0.6.0.tar.gz,2024-10,malicious,CLEAN,0,0,61,75,c6eca193520a8111ff3626d9f85f53c347362971c54384bb2e0f15b1edf928e9
youreallydontwantthispackage2131-1.tar.gz,2024-10,malicious,CLEAN,0,0,61,75,15bba95622b62172c3029d2de916934338374267ad928f61be786bb10a702af9
iufgbewroibgfowiebc-0.0.1.tar.gz,2024-10,malicious,CLEAN,0,0,61,75,6bbd9fbf97293aa450310c99d691c548cca220dc74936414d21937a5f3dfcf13
pydllcfg-0.1.tar.gz,2024-10,malicious,CLEAN,0,0,61,75,c2d0b1f445a74bde9ddfbc4c92b278d4f718baf9d126e74536e4ccb5bd4db45c
cyberart-7.0.6.tar.gz,2024-10,malicious,CLEAN,0,0,48,75,a96ccc14d6c653d360b3883bf511761d0f0aa7ee6e0a5ebbd8b5868b94a2486d
lab_3_package_438d82fc-0.1.2.tar.gz,2024-10,malicious,CLEAN,0,0,61,75,d179ab97c7c2ffe05e71e403f186f56a013e26662ae0d713386abe1b85237f92
youreallydontwantthispackage2131-1.0.1.tar.gz,2024-10,malicious,CLEAN,0,0,61,75,d39ffccc13dd400de2fce08a0b2d064e5f1d82e35c6292ff3f1c319112c7a5e9
pydeobf-0.1.tar.gz,2024-10,malicious,CLEAN,0,0,61,75,d4ec161a51a426ade74b7c7fd781d7253303bd8a2d743cba5cc2d9414a7dd490
j5gerggnpuiwerbngpiutbgn0iutb0p-0.0.1.tar.gz,2024-10,malicious,CLEAN,0,0,61,75,7599f0556b2e1c1cc44252afc41a899732c017ff0c71bd9f803511a35b163469
artifact_lab_3_package_24ddbc49-0.1.0.tar.gz,2024-10,malicious,CLEAN,0,0,61,75,14b2f952bf998867d9aa5d18675916c9e600cfa5678d6b85aec05488d2e3ef07
j5gnpfweguiwerbngpiutbgn0iutb0pfwbdfsfef-0.0.1.tar.gz,2024-10,malicious,CLEAN,0,0,61,75,27c41fa62af027b55868494e41c00d4d84376cef47ffaa8d6287b9f92d5ac175
ggghhhrrr-0.1.tar.gz,2024-10,malicious,CLEAN,0,0,54,75,904d88d65992992fe1a3b9897977f69efd91ae6d871be3d8481a584a9d14c8f2
artifact_lab_3_package_153c1c1a-0.1.1.tar.gz,2024-10,malicious,CLEAN,0,0,61,75,bf129f6166c5dd9d746114576d65f2be4f1a943071423d6579aa93654c7ad799
artifact_lab_3_package_24ddbc49-0.2.0.tar.gz,2024-10,malicious,CLEAN,0,0,60,75,e496045698813b155c086d8483d80911bb69c3bac777778e2ef8d6cdbea4964c
lab_3_package_438d82fc-0.1.1.tar.gz,2024-10,malicious,CLEAN,0,0,40,75,e429983acfc406136671eb30705890dde2cef059d4d34c09319bb9b116f1677e
artifact_lab_3_package_24ddbc49-0.4.0.tar.gz,2024-10,malicious,CLEAN,0,0,61,75,06e3f247c8e26e8027cf38ecd9dc60dbd822c010c2ffabdbae8e2df5ccd17ca6
ptsecurity-7.0.6.tar.gz,2024-10,malicious,CLEAN,0,0,61,75,ccc2d08cefd4113ba37eea0bb5b1377827d16f2c6fb234c400ea57ac6458a3cb
innostage-7.0.2.tar.gz,2024-10,malicious,CLEAN,0,0,61,75,a9f0e90ed77b0d387e26eb38c09127e923e311be4bb2365797292154de327de3
j5gnpuiwerbngpiutbgn0iutb0p-0.0.1.tar.gz,2024-10,malicious,CLEAN,0,0,61,75,4336b8de356307c830d91ac89d0332127d93bab020ed5757bfb1e279c336c21d
shoots_flutter-0.1.1.tar.gz,2024-11,malicious,CLEAN,0,0,61,75,4e3d4c80eab5721c89125e74b44269cc8fdefce728e903e96d23f2f909a031c4
bytedance_chat-0.1.1.tar.gz,2024-11,malicious,CLEAN,0,0,61,75,13a7c5face073c4049323c9682a999029fd6671d3c8f5aab29c7c366a8bdb2bf
pylint_redis-0.1.1.tar.gz,2024-11,malicious,CLEAN,0,0,61,75,9d03065e41fb64acb07d8c9c7bc1ed1184fcc5f19e6e773f9091774c660cc908
byted_df-99.1.1.tar.gz,2024-11,malicious,CLEAN,0,0,60,75,8e676cdf96526aa611e4fc397775ed3f8a2f23579a53a10b4df5cc8a7a45bcf2
shoots_api_test-0.1.1.tar.gz,2024-11,malicious,CLEAN,0,0,54,75,89a6161ed270d9ba3becb52605c1f29f0cc0770d606a8b53b37895d4138e771b
petace-0.1.1.tar.gz,2024-11,malicious,CLEAN,0,0,61,75,b049cfae726a618ac9b87cd46158560c82419d34c15524203a2eaa684f48d3c9
monolit-912.6.tar.gz,2024-11,malicious,CLEAN,0,0,60,75,c459e49ca683fe83a0bb7da4121f2f5687aed54eeb6046a44d9e0e359e310118
trove4j-0.1.1.tar.gz,2024-11,malicious,CLEAN,0,0,57,75,e025c8d08bfaa7c8127f1663cf7f14afe99584882961e8fbe713d8e13dc4b0b5
kotlin_stdlib_jdk8-99.1.1.tar.gz,2024-11,malicious,CLEAN,0,0,61,75,1a097170158c68c096bd013ae3454bc19034cb5ef6c4ff001885370da4607aee
fedlearnerr-912.6.tar.gz,2024-11,malicious,CLEAN,0,0,60,75,fdcf1783a591a1d783dda579ab2ce69ddc7cab23d4be1fd961efad5a2d2c00c4
fedlearnre-912.6.tar.gz,2024-11,malicious,CLEAN,0,0,61,75,38339df7151affdce09af7c930b01a8f373301e2d8d802839ac574316c66a088
zebo-0.1.0.tar.gz,2024-11,malicious,MALICIOUS,4,0,57,75,0ea0fb83e2e11893c7a99c8ff1aba54fb8b4af1fbbd82a181f42bd11a3bf09af
shoots_bynet-0.1.1.tar.gz,2024-11,malicious,CLEAN,0,0,61,75,bde966b8a3d0a82db463df2c7790f6a45f1ea0753ded14b8bbc228b3d85df276
pytest_tt_ddriven-0.1.1.tar.gz,2024-11,malicious,CLEAN,0,0,61,75,23109ebffb8263fac2f5a2613033d1ec514c7170ac449eb03547db32217e488f
fgh-1.0.0.tar.gz,2024-12,malicious,CLEAN,0,0,60,75,353ba97e10c7db898656f98e6f1a2bc03ae855c94bb6b6cb2b5398aeab1b9158
tonvia-1.4.3.tar.gz,2024-12,malicious,CLEAN,0,0,61,75,69f8a798160f9b2735623a383f04f6883727232fa03af2388fb25051cdbd6999
goftvagoo-0.1.1.tar.gz,2024-12,malicious,CLEAN,0,0,60,75,f481493da79c60dd540859833e533a0a2cbecac34ce4be146a2230c086ef76be
lan_clean-1.0.1.tar.gz,2024-12,malicious,CLEAN,0,0,60,75,6236056eac87d2b761b92f7bf308084c4957480c4ab0d2fe81e8412ab16450d8
